sid,name,type,alpha,beta,dispersion,PC1,PC2,PC3,mean_verse_length,allah_density,qul_density,prophet_density,legal_density,eschat_density,book_ref_density,divine_name_density,loanword_density,mfdfa_width,lz_norm_log,inclusio,surah_length,muq_cardinality,noldeke_order
1,Al-Fatihah,meccan,0.68732,0.964104,0.504386,-0.308723,0.253734,-0.103515,4.14286,28.5714,0,0,14.2857,0,0,57.1429,14.2857,0.879762,2.47262,0,7,0,48
2,Al-Baqarah,medinan,0.99566,0.758965,0.202984,0.375917,0.0461552,0.0162591,23.1818,98.2517,7.34266,12.2378,32.5175,21.6783,16.4336,18.5315,3.4965,0.946679,2.39929,0,286,3,91
3,Ali 'Imran,medinan,0.953981,0.806843,0.237621,0.352325,0.0853716,0.0594913,18.585,102.5,11.5,7.5,23,27,19.5,14,2.5,0.756078,2.48819,1,200,3,97
4,An-Nisa,medinan,0.964356,0.797806,0.227823,0.319902,0.165303,0.0172912,22.892,128.409,3.40909,6.25,39.7727,19.3182,14.2045,5.11364,0,1.10747,2.4056,0,176,0,100
5,Al-Ma'idah,medinan,0.916651,0.794565,0.238817,0.366845,0.115354,0.0221438,25.3917,121.667,7.5,6.66667,65.8333,19.1667,16.6667,13.3333,5.83333,0.680748,2.49041,0,120,0,114
6,Al-An'am,meccan,0.935833,0.798185,0.247343,0.345449,-0.0810864,-0.0151646,20.0242,52.1212,26.6667,4.84848,25.4545,18.1818,10.303,17.5758,2.42424,0.79145,2.61812,0,165,0,89
7,Al-A'raf,meccan,0.913216,0.799627,0.231399,0.339938,-0.127033,-0.0371193,17.2379,29.1262,6.31068,11.6505,12.6214,21.3592,5.33981,3.8835,2.91262,0.701635,2.62959,0,206,4,87
8,Al-Anfal,medinan,0.82143,0.801921,0.286605,0.276026,0.208472,0.0153385,17.6,118.667,4,0,13.3333,16,4,9.33333,0,1.20653,2.57223,0,75,0,95
9,At-Tawbah,medinan,0.907942,0.812537,0.252588,0.314349,0.194762,0.0210258,20.7287,131.008,9.30233,3.87597,34.8837,23.2558,4.65116,14.7287,0,0.997772,2.45345,0,129,0,113
10,Yunus,meccan,0.907395,0.791299,0.311313,0.320517,-0.0606118,-0.00822827,18.0183,56.8807,22.0183,8.25688,10.0917,17.4312,7.33945,20.1835,3.66972,1.0903,2.63247,0,109,3,84
11,Hud,meccan,0.855342,0.797094,0.262099,0.2923,-0.120905,-0.0503271,16.935,30.0813,3.25203,22.7642,9.7561,25.2033,3.25203,5.69106,1.62602,0.945249,2.66626,0,123,3,75
12,Yusuf,meccan,0.850994,0.793171,0.24812,0.263518,-0.13957,0.00347029,17.2252,39.6396,0.900901,21.6216,16.2162,6.30631,2.7027,22.5225,0,1.44733,2.71539,0,111,3,77
13,Ar-Ra'd,medinan,0.714972,0.822455,0.300403,0.254973,0.0459351,0.105827,21.5814,74.4186,23.2558,0,11.6279,20.9302,13.9535,18.6047,0,1.29797,2.82456,0,43,4,90
14,Ibrahim,meccan,0.722233,0.851936,0.311969,0.247993,-0.0260621,0.0672215,17.0192,71.1538,3.84615,11.5385,13.4615,25,1.92308,17.3077,1.92308,2.08349,2.85746,0,52,3,76
15,Al-Hijr,meccan,0.678979,0.875414,0.303919,0.107027,-0.274756,-0.0629494,6.72727,2.0202,1.0101,3.0303,9.09091,7.07071,7.07071,4.0404,4.0404,0.811894,2.87603,0,99,3,57
16,An-Nahl,meccan,0.83814,0.790684,0.257522,0.300821,-0.014165,-0.0175111,15.3359,63.2812,0.78125,1.5625,7.8125,24.2188,3.90625,1.5625,1.5625,0.846386,2.63413,0,128,0,73
17,Al-Isra,meccan,0.791194,0.823161,0.255515,0.213418,-0.124624,-0.0846136,14.8108,9.00901,20.7207,5.40541,9.90991,23.4234,18.018,7.20721,4.5045,0.655578,2.82512,0,111,0,67
18,Al-Kahf,meccan,0.790803,0.836271,0.238934,0.229399,-0.1099,-0.046903,15.0636,14.5455,10,1.81818,9.09091,15.4545,4.54545,3.63636,0.909091,0.707126,2.89484,0,110,0,69
19,Maryam,meccan,0.74997,0.862717,0.288262,0.148766,-0.136328,-0.012047,10.3265,8.16327,1.02041,15.3061,14.2857,13.2653,8.16327,13.2653,1.02041,0.815087,2.80558,0,98,5,58
20,Taha,meccan,0.765283,0.856707,0.252789,0.186778,-0.229499,-0.0308548,10.437,4.44444,3.7037,15.5556,10.3704,15.5556,3.7037,4.44444,3.7037,1.15918,2.95078,0,135,2,55
21,Al-Anbya,meccan,0.775524,0.830553,0.273845,0.227341,-0.243604,-0.0210361,11.0357,5.35714,5.35714,8.03571,14.2857,6.25,6.25,8.03571,0,0.777144,2.79501,0,112,0,65
22,Al-Hajj,medinan,0.727424,0.864975,0.259039,0.250062,0.136832,0.0530531,17.3846,94.8718,3.84615,6.41026,19.2308,26.9231,3.84615,11.5385,2.5641,1.85792,2.69066,1,78,0,107
23,Al-Mu'minun,meccan,0.755952,0.893405,0.289377,0.206976,-0.167999,-0.0604267,9.22881,11.0169,9.32203,2.54237,4.23729,11.8644,1.69492,4.23729,0.847458,0.457295,2.78022,0,118,0,64
24,An-Nur,medinan,0.820494,0.817643,0.267345,0.288587,0.216981,0.01677,22.1094,123.438,6.25,0,32.8125,18.75,1.5625,6.25,1.5625,1.32138,2.59921,0,64,0,105
25,Al-Furqan,meccan,0.718338,0.889634,0.297298,0.169879,-0.105055,-0.0841899,12.1039,10.3896,5.19481,3.8961,10.3896,24.6753,9.09091,9.09091,0,0.909836,2.86285,0,77,0,66
26,Ash-Shu'ara,meccan,0.845656,0.766533,0.274843,0.132323,-0.248983,-0.0864874,5.96035,5.72687,0.440529,8.37004,3.96476,4.84581,1.32159,9.69163,2.20264,0.569158,2.4314,0,227,3,56
27,An-Naml,meccan,0.78364,0.838508,0.291427,0.249624,-0.125876,-0.0130289,13.0645,29.0323,7.52688,11.828,8.60215,13.9785,9.67742,9.67742,1.07527,1.00912,2.82404,1,93,2,68
28,Al-Qasas,meccan,0.812416,0.860843,0.275812,0.263423,-0.165489,-0.00830175,17.2727,30.6818,4.54545,21.5909,29.5455,15.9091,6.81818,10.2273,0,0.96524,2.74981,0,88,3,79
29,Al-'Ankabut,meccan,0.79712,0.852082,0.323027,0.289944,-0.0227766,0.00649711,15.1304,60.8696,5.7971,5.7971,20.2899,24.6377,10.1449,14.4928,0,1.15895,2.69331,0,69,3,81
30,Ar-Rum,meccan,0.787213,0.840611,0.329015,0.190971,-0.00449945,0.0560269,14.4667,40,1.66667,0,11.6667,13.3333,3.33333,13.3333,0,0.233244,2.60191,0,60,3,74
31,Luqman,meccan,0.67063,0.838509,0.318602,0.204404,0.102466,0.0310069,17.2353,94.1176,2.94118,0,17.6471,20.5882,5.88235,26.4706,0,0.918997,2.82077,0,34,3,82
32,As-Sajdah,meccan,0.61185,0.917847,0.374046,0.111743,-0.188224,-0.0469959,13,3.33333,6.66667,3.33333,3.33333,30,10,10,3.33333,1.96126,3.00543,0,30,3,70
33,Al-Ahzab,medinan,0.783905,0.830242,0.280111,0.225918,0.205914,0.0322248,18.9589,123.288,6.84932,4.10959,16.4384,12.3288,4.10959,5.47945,0,0.817667,2.62071,0,73,0,103
34,Saba,meccan,0.766512,0.882529,0.30547,0.249954,-0.123884,0.0364958,17.4074,14.8148,27.7778,3.7037,0,29.6296,5.55556,29.6296,3.7037,1.89429,2.78321,0,54,0,85
35,Fatir,meccan,0.690011,0.860021,0.3082,0.247442,0.0666575,0.0592491,18.7556,77.7778,2.22222,0,8.88889,13.3333,13.3333,17.7778,0,0.418058,2.83131,0,45,0,86
36,Ya-Sin,meccan,0.712832,0.854113,0.316995,0.164897,-0.197017,-0.0256292,9.08434,3.61446,1.20482,0,6.0241,8.43373,6.0241,12.0482,3.61446,0.764625,2.84324,0,83,2,60
37,As-Saffat,meccan,0.703451,0.850085,0.283553,0.140892,-0.273054,-0.0751969,4.84066,8.24176,0.549451,4.94505,4.94505,4.94505,1.0989,1.64835,0.549451,0.791477,2.68771,0,182,0,50
38,Sad,meccan,0.650942,0.88478,0.288167,0.178406,-0.196415,-0.014351,8.79545,3.40909,3.40909,12.5,7.95455,14.7727,4.54545,7.95455,2.27273,0.849687,2.95789,0,88,1,59
39,Az-Zumar,meccan,0.799213,0.838811,0.30905,0.29735,-0.00642175,-0.00591994,16.7867,80,20,0,12,41.3333,10.6667,12,0,0.563952,2.71119,0,75,0,80
40,Ghafir,meccan,0.81635,0.807941,0.304492,0.283213,-0.0378279,0.0170133,15.2471,62.3529,1.17647,9.41176,11.7647,27.0588,4.70588,23.5294,1.17647,1.20263,2.66778,0,85,2,78
41,Fussilat,meccan,0.725603,0.822242,0.326203,0.21334,-0.0780718,0.00682769,15.5185,20.3704,9.25926,1.85185,5.55556,31.4815,16.6667,14.8148,0,0.92788,2.86679,0,54,2,71
42,Ash-Shuraa,meccan,0.768544,0.809843,0.331204,0.226181,0.0565771,0.100872,17.5849,60.3774,3.77358,1.88679,15.0943,24.5283,9.43396,32.0755,3.77358,0.214458,2.68906,0,53,5,83
43,Az-Zukhruf,meccan,0.726198,0.873032,0.312047,0.204326,-0.256934,-0.0611824,9.77528,3.37079,2.24719,3.37079,5.61798,12.3596,8.98876,11.236,4.49438,0.734651,2.90574,0,89,2,61
44,Ad-Dukhan,meccan,0.597509,0.889859,0.344478,0.0802752,-0.240641,-0.0527983,6.16949,5.08475,0,0,0,10.1695,3.38983,11.8644,1.69492,1.14201,2.89135,0,59,2,53
45,Al-Jathiyah,meccan,0.737728,0.86791,0.381446,0.18761,-0.0360574,0.00985286,13.8378,43.2432,5.40541,0,8.10811,29.7297,13.5135,10.8108,2.7027,2.22982,2.79983,0,37,2,72
46,Al-Ahqaf,meccan,0.714106,0.883244,0.351621,0.254825,-0.0996558,-0.000577126,19.3143,45.7143,11.4286,5.71429,5.71429,31.4286,20,17.1429,2.85714,1.66297,2.91171,0,35,2,88
47,Muhammad,medinan,0.685035,0.854653,0.31381,0.181903,0.236278,0.000415744,15,71.0526,0,2.63158,7.89474,13.1579,2.63158,7.89474,0,1.06558,2.64892,0,38,0,96
48,Al-Fath,medinan,0.67133,0.838789,0.315341,0.211712,0.239926,0.0499936,20.6897,124.138,10.3448,3.44828,10.3448,13.7931,0,3.44828,0,0.879762,2.71235,0,29,0,108
49,Al-Hujurat,medinan,0.698869,0.856776,0.344768,0.168174,0.358269,0.0213156,21.2222,150,16.6667,0,11.1111,0,0,0,0,0.879762,2.65371,0,18,0,112
50,Qaf,meccan,0.565189,0.893152,0.317043,0.0318181,-0.260932,0.0871988,8.64444,2.22222,0,4.44444,2.22222,13.3333,6.66667,6.66667,0,0.652549,3.0858,1,45,1,54
51,Adh-Dhariyat,meccan,0.585785,0.892135,0.332151,0.11706,-0.189854,0.0102946,6.18333,5,0,5,8.33333,3.33333,1.66667,6.66667,0,0.717282,2.98994,0,60,0,39
52,At-Tur,meccan,0.527304,0.877872,0.312492,0.0991383,-0.129903,-0.0549712,6.61224,6.12245,2.04082,0,6.12245,14.2857,4.08163,4.08163,0,0.922869,3.02379,0,49,0,40
53,An-Najm,meccan,0.591179,0.850271,0.328363,0.0286613,-0.0857926,0.0166424,6,6.45161,0,3.22581,0,6.45161,3.22581,1.6129,0,0.658068,3.01069,0,62,0,28
54,Al-Qamar,meccan,0.599061,0.839193,0.318296,-0.0527234,-0.24322,0.062224,6.36364,0,0,5.45455,1.81818,20,9.09091,0,0,0.812746,2.77092,0,55,0,49
55,Ar-Rahman,medinan,0.727058,0.769873,0.252715,-0.286015,-0.0109513,-0.0436599,4.55128,0,0,0,0,8.97436,1.28205,1.28205,0,0.783262,2.05799,0,78,0,43
56,Al-Waqi'ah,meccan,0.580572,0.907606,0.269877,-0.165984,-0.274195,-0.0365168,3.95833,0,1.04167,0,3.125,1.04167,3.125,3.125,0,0.341861,2.79107,0,96,0,41
57,Al-Hadid,medinan,0.691199,0.939145,0.341504,0.244152,0.179589,0.124259,21.3103,106.897,0,0,6.89655,20.6897,20.6897,34.4828,0,0.879762,2.7471,0,29,0,99
58,Al-Mujadila,medinan,0.719053,0.82605,0.335971,0.215244,0.28734,0.0142003,23.4545,181.818,0,0,18.1818,50,9.09091,4.54545,0,0.879762,2.55075,0,22,0,106
59,Al-Hashr,medinan,0.64359,0.892747,0.336183,0.21102,0.181018,0.113894,19.9167,116.667,0,0,8.33333,41.6667,16.6667,70.8333,0,0.879762,2.71636,1,24,0,102
60,Al-Mumtahanah,medinan,0.689605,0.833172,0.340138,0.177379,0.25262,0.0100517,29,161.538,0,15.3846,38.4615,15.3846,0,46.1538,0,0.879762,2.75526,1,13,0,110
61,As-Saf,medinan,0.581942,0.906643,0.39008,0.136347,0.238699,0.0960892,17,121.429,0,21.4286,14.2857,7.14286,0,28.5714,14.2857,0.879762,2.77463,0,14,0,98
62,Al-Jumu'ah,medinan,0.547118,0.916275,0.39693,0.0620601,0.216169,0.0919697,16.9091,109.091,27.2727,0,36.3636,9.09091,9.09091,63.6364,0,0.879762,2.91528,0,11,0,94
63,Al-Munafiqun,medinan,0.547045,0.892498,0.397741,0.149838,0.239869,-0.0778029,17.7273,109.091,0,0,9.09091,9.09091,0,0,0,0.879762,2.88779,1,11,0,104
64,At-Taghabun,medinan,0.554652,0.893707,0.411641,0.155692,0.305413,0.139056,14.6667,111.111,5.55556,0,16.6667,33.3333,0,22.2222,0,0.879762,2.87177,0,18,0,93
65,At-Talaq,medinan,0.60731,0.864142,0.363538,0.148846,0.307943,0.0453159,26.0833,208.333,0,0,16.6667,16.6667,0,16.6667,0,0.879762,2.81378,0,12,0,101
66,At-Tahrim,medinan,0.544804,0.910074,0.358918,0.130715,0.207659,0.0475396,22.3333,108.333,0,16.6667,58.3333,33.3333,8.33333,33.3333,0,0.879762,3.00451,0,12,0,109
67,Al-Mulk,meccan,0.61268,0.888025,0.324423,0.0582134,-0.0733713,0.0381802,11.6,10,20,0,0,16.6667,0,30,3.33333,1.29629,2.93451,0,30,0,63
68,Al-Qalam,meccan,0.525477,0.891536,0.298317,0.0296212,-0.208576,-0.215467,5.92308,0,0,0,7.69231,9.61538,5.76923,0,0,0.964593,3.06844,0,52,1,18
69,Al-Haqqah,meccan,0.524014,0.999761,0.300652,-0.169462,-0.146769,0.0617564,5.07692,1.92308,0,0,0,3.84615,9.61538,3.84615,0,1.22235,3.06071,0,52,0,38
70,Al-Ma'arij,meccan,0.46375,0.91094,0.304511,-0.0526996,-0.0160133,-0.0884718,5.04545,2.27273,0,0,6.81818,11.3636,0,0,0,0.702142,3.03254,0,44,0,42
71,Nuh,meccan,0.570359,0.943273,0.364388,0.0198782,-0.0733718,-0.11181,8.21429,25,0,7.14286,0,7.14286,0,0,0,0.879762,2.9044,0,28,0,51
72,Al-Jinn,meccan,0.669206,0.858078,0.320526,0.0351704,0.0201649,0.0427119,10.4643,35.7143,17.8571,0,7.14286,17.8571,3.57143,0,0,0.879762,2.86743,0,28,0,62
73,Al-Muzzammil,meccan,0.484099,0.928963,0.344226,0.00789519,0.0596982,-0.0342999,10.7,35,0,0,15,5,10,0,0,0.879762,3.02997,0,20,0,23
74,Al-Muddaththir,meccan,0.525115,0.876904,0.329712,-0.0151695,0.0531017,-0.0899068,4.73214,5.35714,0,0,7.14286,3.57143,3.57143,0,1.78571,1.20458,3.03154,0,56,0,2
75,Al-Qiyamah,meccan,0.500797,0.921625,0.313627,-0.327054,-0.0837376,-0.446794,4.125,0,0,0,0,7.5,7.5,0,0,0.292449,2.80735,0,40,0,36
76,Al-Insan,medinan,0.498378,0.935657,0.309445,-0.0265322,-0.0328553,-0.126635,8.06452,16.129,0,0,6.45161,6.45161,6.45161,0,0,0.798456,3.04851,0,31,0,52
77,Al-Mursalat,meccan,0.563393,0.873127,0.302243,-0.219372,-0.220404,-0.15444,3.64,0,0,0,0,0,0,0,0,0.143025,2.67802,0,50,0,32
78,An-Naba,meccan,0.433721,0.958058,0.311754,-0.146025,-0.23726,-0.177021,4.425,0,0,0,0,10,2.5,10,0,1.78826,2.94313,0,40,0,33
79,An-Nazi'at,meccan,0.406171,0.950481,0.322675,-0.180104,-0.117786,-0.118608,3.91304,2.17391,2.17391,2.17391,2.17391,8.69565,0,0,0,1.28098,3.08219,0,46,0,31
80,'Abasa,meccan,0.329656,0.943892,0.267293,-0.339018,-0.13935,0.0546906,3.16667,0,0,0,4.7619,2.38095,2.38095,0,0,0.193658,3.19436,0,42,0,17
81,At-Takwir,meccan,0.352359,0.97742,0.300363,-0.301376,0.0138593,-0.104401,3.58621,3.44828,0,0,3.44828,6.89655,0,0,0,0.879762,2.86645,0,29,0,27
82,Al-Infitar,meccan,0.497944,0.960347,0.36202,-0.348552,-0.0436424,-0.0870581,4.31579,5.26316,0,0,21.0526,10.5263,0,5.26316,0,0.879762,2.80818,0,19,0,26
83,Al-Mutaffifin,meccan,0.575316,0.867656,0.31308,-0.165529,-0.0749832,-0.107418,4.77778,0,0,0,5.55556,0,11.1111,0,0,1.10816,2.75081,0,36,0,37
84,Al-Inshiqaq,meccan,0.405258,0.943291,0.369771,-0.195892,-0.0139662,-0.132076,4.36,4,0,0,0,4,12,0,0,0.879762,2.99405,0,25,0,29
85,Al-Buruj,meccan,0.375848,0.964964,0.376862,-0.0481556,0.14193,-0.0288465,5.04545,13.6364,0,0,4.54545,18.1818,4.54545,27.2727,0,0.879762,2.97124,0,22,0,22
86,At-Tariq,meccan,0.68732,0.923094,0.343966,-0.308067,-0.138202,0.0770368,3.58824,0,0,0,0,0,0,0,0,0.879762,3.09067,0,17,0,15
87,Al-A'la,meccan,0.290574,0.982327,0.375695,-0.210055,-0.0679501,-0.0202307,3.84211,5.26316,0,10.5263,0,10.5263,5.26316,0,0,0.879762,3.11981,0,19,0,19
88,Al-Ghashiyah,meccan,0.400622,0.896756,0.31807,-0.241714,-0.0757056,-0.102628,3.53846,3.84615,0,0,0,11.5385,0,0,0,0.879762,3.06209,0,26,0,34
89,Al-Fajr,meccan,0.457758,0.918757,0.296464,-0.290189,0.0234906,-0.203297,4.7,0,0,0,3.33333,10,3.33333,0,0,0.632767,3.11558,0,30,0,35
90,Al-Balad,meccan,0.306584,1.0142,0.317739,-0.257236,0.0879288,0.0557184,4.1,0,0,0,10,5,0,0,0,0.879762,2.94942,0,20,0,11
91,Ash-Shams,meccan,0.68732,1.00132,0.312135,-0.289528,0.0644797,0.237529,3.6,13.3333,0,0,0,6.66667,0,0,0,0.879762,2.8604,0,15,0,16
92,Al-Layl,meccan,0.324661,0.960184,0.34938,-0.399417,-0.12956,0.126639,3.38095,0,0,0,0,4.7619,4.7619,0,0,0.879762,2.92872,0,21,0,10
93,Ad-Duhaa,meccan,0.68732,0.934878,0.304348,-0.532578,-0.138696,0.169178,3.63636,0,0,0,0,0,0,0,0,0.879762,2.97118,0,11,0,13
94,Ash-Sharh,meccan,0.68732,0.863379,0.223058,-0.47994,0.0925581,-0.272496,3.375,0,0,0,0,0,0,0,0,0.879762,3.11719,0,8,0,12
95,At-Tin,meccan,0.68732,1,0.386762,-0.286542,0.382879,-0.15181,4.25,12.5,0,0,25,0,0,0,0,0.879762,3.04293,0,8,0,20
96,Al-'Alaq,meccan,0.68732,0.946724,0.401864,-0.367672,0.0779744,-0.244329,3.84211,5.26316,0,0,5.26316,0,0,0,0,0.879762,2.94178,0,19,0,1
97,Al-Qadr,meccan,0.68732,0.899717,0.389803,-0.34744,-0.162671,0.373945,6,0,0,0,0,0,0,0,0,0.879762,2.98747,0,5,0,14
98,Al-Bayyinah,medinan,0.480235,0.850169,0.420008,-0.0474251,0.260927,0.163011,12.25,37.5,0,0,75,25,50,0,0,0.879762,2.77406,0,8,0,92
99,Az-Zalzalah,medinan,0.68732,0.966379,0.393762,-0.489755,0.0322644,-0.0781313,4.5,0,0,0,0,0,0,0,0,0.879762,2.75374,0,8,0,25
100,Al-'Adiyat,meccan,0.68732,0.937386,0.2582,-0.385674,0.00941476,-0.104815,3.72727,0,0,0,0,9.09091,0,0,0,0.879762,3.01223,0,11,0,30
101,Al-Qari'ah,meccan,0.68732,1.1164,0.234072,-0.451603,-0.157222,0.500318,3.27273,0,0,0,0,9.09091,0,0,0,0.879762,2.69182,0,11,0,24
102,At-Takathur,meccan,0.68732,0.735291,0.331738,-0.481605,0.110878,-0.320065,3.5,0,0,0,0,0,0,0,0,0.879762,2.74695,0,8,0,8
103,Al-'Asr,meccan,0.68732,0.876159,0.396686,-0.362046,0.318709,-0.352446,4.66667,0,0,0,0,0,0,0,0,0.879762,2.76479,0,3,0,21
104,Al-Humazah,meccan,0.68732,0.965664,0.241459,-0.266437,0.132501,0.201571,3.77778,11.1111,0,0,0,11.1111,0,0,0,0.879762,3.08013,0,9,0,6
105,Al-Fil,meccan,0.68732,0.989415,0.305986,-0.459515,-0.0212278,0.155637,4.6,0,0,0,20,0,0,0,20,0.879762,3.3605,0,5,0,9
106,Quraysh,meccan,0.68732,0.876159,0.275917,-0.377325,-0.139793,0.233009,4.25,0,0,0,0,0,0,0,0,0.879762,3.30474,0,4,0,4
107,Al-Ma'un,meccan,0.68732,1.00257,0.233187,-0.294641,0.247083,-0.203224,3.57143,0,0,0,14.2857,0,0,0,0,0.879762,2.88462,0,7,0,7
108,Al-Kawthar,meccan,0.68732,0.876159,0.246867,-0.395994,0.0727367,-0.294822,3.33333,0,0,0,0,0,0,0,0,0.879762,3.39834,0,3,0,5
109,Al-Kafirun,meccan,0.68732,0.653052,0.565789,-0.314094,0.0662138,0.0258297,4.5,0,16.6667,0,33.3333,0,0,0,0,0.879762,2.17332,0,6,0,45
110,An-Nasr,medinan,0.68732,0.93946,0.45848,-0.247289,0.252413,0.100464,6.66667,66.6667,0,0,33.3333,0,0,0,0,0.879762,3.38837,0,3,0,111
111,Al-Masad,meccan,0.68732,0.951759,0.199415,-0.42853,-0.135598,0.548226,4.6,0,0,0,20,20,0,0,0,0.879762,2.9862,0,5,0,3
112,Al-Ikhlas,meccan,0.68732,0.876159,0.413534,-0.289896,0.418615,0.0144939,3.75,50,25,0,0,0,0,25,0,0.879762,2.62508,0,4,0,44
113,Al-Falaq,meccan,0.68732,0.767885,0.244817,-0.389564,-0.00306561,0.36397,4.6,0,20,0,0,0,0,0,0,0.879762,2.6971,0,5,0,46
114,An-Nas,meccan,0.68732,0.943025,0.417065,-0.376553,0.0185226,0.381519,3.33333,0,16.6667,0,0,16.6667,0,0,0,0.879762,2.5446,0,6,0,47
