s1,v1,s2,v2,sim,lev
99,7,99,8,0.8889,3
1,2,37,182,0.9545,1
11,39,39,40,0.7647,12
1,6,37,118,0.8000,5
16,34,39,48,0.8491,8
39,48,45,33,0.9434,3
2,3,8,3,0.7222,15
2,5,31,5,1.0000,0
2,6,36,10,0.7544,14
30,37,39,52,0.9600,3
69,3,101,3,0.8500,3
86,2,101,3,0.8500,3
90,12,101,3,0.8000,4
101,3,104,5,0.8000,4
74,27,101,3,0.7500,5
83,19,101,3,0.7000,6
70,9,101,5,0.7037,8
101,6,101,8,0.8000,4
69,21,101,7,1.0000,0
74,27,101,10,0.8125,3
83,8,101,10,0.8235,3
83,19,101,10,0.7778,4
102,3,102,4,0.8235,3
78,4,102,3,0.7143,4
78,5,102,4,0.7647,4
17,48,25,9,1.0000,0
2,27,13,25,0.8220,21
16,29,39,72,0.9091,5
39,72,40,76,0.9273,4
39,1,40,2,0.9412,2
40,2,45,2,0.9412,2
40,2,46,2,0.9412,2
69,3,104,5,0.8947,2
86,2,104,5,0.7895,4
90,12,104,5,0.8421,3
83,19,104,5,0.7368,5
2,34,17,61,0.7333,20
2,35,7,19,0.8673,13
10,33,40,6,0.7451,13
2,39,2,82,0.7619,15
2,39,7,36,0.7429,18
2,39,64,10,0.7606,17
2,42,3,71,0.7419,16
2,47,2,122,1.0000,0
2,48,2,123,0.8046,17
69,34,107,3,1.0000,0
89,18,107,3,0.8519,4
2,49,7,141,0.9434,6
2,49,14,6,0.7083,42
23,2,107,5,0.8000,5
23,9,107,5,0.7241,8
70,23,107,5,0.8077,5
70,34,107,5,0.7500,7
2,52,2,56,0.7297,10
2,51,2,92,0.7031,19
11,96,40,23,1.0000,0
17,83,41,51,0.7941,14
2,58,7,161,0.7155,33
2,59,7,162,0.7766,21
109,3,109,5,1.0000,0
2,62,5,69,0.7710,30
113,1,114,1,0.8235,3
113,3,113,5,0.7368,5
2,82,7,42,0.7326,23
2,82,11,23,0.7561,20
2,95,62,7,0.9455,3
2,117,40,68,0.7119,17
26,92,40,73,0.7931,6
16,29,40,76,0.9623,2
2,107,9,116,0.7037,24
27,3,41,7,0.7091,16
31,4,41,7,0.7091,16
41,8,84,25,0.9592,2
41,8,95,6,0.9400,3
31,8,41,8,0.7708,11
19,96,41,8,0.7059,15
41,8,98,7,0.7200,14
27,53,41,18,0.9688,1
10,63,41,18,0.7742,7
2,134,2,141,1.0000,0
2,136,3,84,0.9212,13
2,147,3,60,0.8857,4
7,200,41,36,0.8710,8
18,67,18,72,0.7647,8
18,72,18,75,0.8718,5
11,110,41,45,0.9892,1
41,46,45,15,0.7333,16
2,162,3,88,0.9574,2
2,168,2,208,0.7326,23
2,170,5,104,0.7520,31
2,170,31,21,0.7232,31
18,85,18,89,0.7500,3
18,85,18,92,0.7500,3
42,4,59,1,0.8364,9
42,4,61,1,0.8364,9
4,132,42,4,0.7059,15
22,64,42,4,0.7414,15
18,89,18,92,1.0000,0
2,173,16,115,0.8347,20
18,107,19,96,0.7018,17
18,107,31,8,0.7544,14
29,22,42,31,0.8182,14
19,14,19,32,0.7647,8
19,15,19,33,0.8636,6
43,2,44,2,1.0000,0
12,2,43,3,0.9167,3
15,10,43,6,0.7059,10
15,11,43,7,0.9000,4
3,51,19,36,0.9545,2
19,36,43,64,0.9130,4
19,37,43,65,0.8475,9
7,125,43,14,0.7692,6
19,41,19,56,0.9091,4
16,58,43,17,0.7544,14
19,51,19,54,0.7500,15
2,262,2,274,0.7009,35
3,51,43,64,0.9130,4
13,29,19,96,0.7059,15
19,96,98,7,0.7059,15
3,10,3,116,0.7755,22
3,11,8,52,0.8438,15
20,9,79,15,0.9444,1
43,83,70,42,1.0000,0
20,24,20,43,0.9565,1
20,24,79,17,1.0000,0
26,24,44,7,0.9200,4
37,5,44,7,0.7174,13
20,43,79,17,0.9565,1
26,58,44,26,0.8125,3
37,59,44,35,0.7692,9
37,157,44,36,0.8214,5
21,16,44,38,0.9302,3
44,41,52,46,0.7442,11
7,115,20,65,0.8200,9
15,45,44,51,0.7500,6
44,51,51,15,0.7500,6
44,51,52,17,0.7083,7
44,51,77,41,0.7500,6
26,134,44,52,0.7692,3
26,147,44,52,1.0000,0
39,1,45,2,1.0000,0
45,2,46,2,1.0000,0
3,89,24,5,1.0000,0
26,222,45,7,0.7143,6
3,95,16,123,0.7097,18
3,109,4,126,0.7414,15
3,109,4,132,0.7679,13
3,109,22,64,0.7069,17
3,109,57,5,0.7857,12
3,116,58,17,0.8163,18
16,34,45,33,0.9057,5
45,37,57,1,0.8235,9
45,37,59,1,0.7273,15
45,37,61,1,0.7273,15
39,1,46,2,1.0000,0
3,126,8,10,0.7614,21
3,129,48,14,0.8000,16
20,128,32,26,0.8333,15
16,43,21,7,0.9481,4
6,30,46,34,0.7800,22
21,14,68,29,0.7742,7
21,14,37,20,0.7241,8
21,14,68,31,0.8966,3
3,164,62,2,0.7481,33
16,15,21,31,0.7101,20
10,48,21,38,1.0000,0
21,38,27,71,1.0000,0
21,38,32,28,0.9167,3
21,38,34,29,1.0000,0
21,38,36,48,1.0000,0
21,38,67,25,1.0000,0
3,182,8,51,1.0000,0
3,182,22,10,0.9333,3
6,10,21,41,1.0000,0
3,184,35,25,0.7468,20
3,189,5,120,0.7593,13
3,189,57,2,0.7018,17
3,189,85,9,0.8431,8
25,56,48,8,0.7742,7
21,70,37,98,0.8788,4
33,62,48,23,0.8393,9
21,75,21,86,0.9474,2
9,33,48,28,0.8267,13
48,28,61,9,0.8267,13
21,92,23,52,0.9000,4
35,38,49,18,0.7143,16
38,4,50,2,0.7636,13
4,48,4,116,0.8667,12
15,19,50,7,0.8710,8
4,57,4,122,0.7642,29
22,3,22,8,0.7544,14
8,51,22,10,0.9333,3
50,25,68,12,0.8500,3
4,68,37,118,0.7200,7
50,40,52,49,0.8966,3
51,4,79,5,0.7857,3
51,5,77,7,0.8235,3
51,7,85,1,0.7778,4
51,7,86,11,0.8235,3
51,12,82,15,0.7143,6
51,12,75,6,0.7143,6
15,45,51,15,1.0000,0
51,15,52,17,0.8750,3
51,15,54,54,0.8333,4
51,15,77,41,0.8750,3
5,9,22,50,0.7241,16
22,50,34,4,0.7705,14
22,51,34,5,0.7500,14
22,51,34,38,0.7170,15
15,52,51,25,0.7500,12
5,10,22,57,0.7500,12
5,86,22,57,0.7500,12
15,57,51,31,0.9310,2
22,64,31,26,0.8276,10
15,58,51,32,1.0000,0
22,62,31,30,0.9605,3
22,69,32,25,0.7091,16
4,126,4,132,0.7759,13
23,2,70,23,0.7692,6
23,2,70,34,0.7143,8
23,5,23,9,0.7241,8
23,5,70,29,1.0000,0
23,5,70,34,0.7143,8
23,6,70,30,1.0000,0
23,7,70,31,1.0000,0
23,8,70,32,1.0000,0
23,9,70,29,0.7241,8
23,9,70,34,0.9655,1
23,9,70,23,0.7931,6
15,26,23,12,0.7250,11
23,13,77,21,0.7037,8
7,59,23,23,0.7604,23
7,65,23,23,0.7037,24
52,10,81,3,0.7059,5
52,11,77,15,0.9474,1
52,11,77,19,0.9474,1
52,11,77,24,0.9474,1
52,11,77,28,0.9474,1
52,11,77,34,0.9474,1
52,11,77,37,0.9474,1
52,11,77,40,0.9474,1
52,11,77,45,0.9474,1
52,11,77,47,0.9474,1
52,11,77,49,0.9474,1
52,11,83,10,0.9474,1
23,26,23,39,1.0000,0
15,45,52,17,0.8750,3
52,17,54,54,0.8750,3
52,17,77,41,0.7500,6
23,31,23,42,0.9667,1
52,19,77,43,1.0000,0
37,27,52,25,1.0000,0
37,50,52,25,0.9643,1
52,25,68,30,0.8571,4
15,5,23,43,1.0000,0
5,10,5,86,1.0000,0
52,40,68,46,1.0000,0
52,41,68,47,1.0000,0
23,57,70,27,0.7742,7
23,78,67,23,0.8382,11
23,79,67,24,0.9211,3
23,82,37,16,0.8723,6
23,82,37,53,0.7872,10
23,82,56,47,0.8000,11
23,83,27,68,0.8621,8
23,85,23,87,0.8929,3
23,85,23,89,0.7857,6
23,87,23,89,0.7500,7
53,33,96,9,0.7500,4
7,9,23,103,0.7424,17
53,43,53,48,0.7222,5
53,45,75,39,0.7667,7
24,7,24,9,0.8222,8
24,10,24,20,0.8696,6
5,92,64,12,0.8140,16
54,16,54,21,1.0000,0
54,16,54,30,1.0000,0
54,17,54,22,1.0000,0
54,17,54,32,1.0000,0
54,17,54,40,1.0000,0
54,21,54,30,1.0000,0
54,22,54,32,1.0000,0
54,22,54,40,1.0000,0
54,23,54,33,0.7368,5
54,32,54,40,1.0000,0
24,42,57,5,0.7609,11
5,120,57,2,0.7895,12
6,4,36,46,1.0000,0
6,4,26,5,0.7170,15
6,11,27,69,0.8800,6
15,45,54,54,0.8333,4
54,54,77,41,0.7083,7
6,15,39,13,1.0000,0
6,21,10,17,0.9275,5
55,13,55,16,1.0000,0
55,13,55,18,1.0000,0
55,13,55,21,1.0000,0
55,13,55,23,1.0000,0
55,13,55,25,1.0000,0
55,13,55,28,1.0000,0
55,13,55,30,1.0000,0
55,13,55,32,1.0000,0
55,13,55,34,1.0000,0
55,13,55,36,1.0000,0
55,13,55,38,1.0000,0
55,13,55,40,1.0000,0
55,13,55,42,1.0000,0
55,13,55,45,1.0000,0
55,13,55,47,1.0000,0
55,13,55,49,1.0000,0
55,13,55,51,1.0000,0
55,13,55,53,1.0000,0
55,13,55,55,1.0000,0
55,13,55,57,1.0000,0
55,13,55,59,1.0000,0
55,13,55,61,1.0000,0
55,13,55,63,1.0000,0
55,13,55,65,1.0000,0
55,13,55,67,1.0000,0
55,13,55,69,1.0000,0
55,13,55,71,1.0000,0
55,13,55,73,1.0000,0
55,13,55,75,1.0000,0
55,13,55,77,1.0000,0
55,16,55,18,1.0000,0
55,16,55,21,1.0000,0
55,16,55,23,1.0000,0
55,16,55,25,1.0000,0
55,16,55,28,1.0000,0
55,16,55,30,1.0000,0
55,16,55,32,1.0000,0
55,16,55,34,1.0000,0
55,16,55,36,1.0000,0
55,16,55,38,1.0000,0
55,16,55,40,1.0000,0
55,16,55,42,1.0000,0
55,16,55,45,1.0000,0
55,16,55,47,1.0000,0
55,16,55,49,1.0000,0
55,16,55,51,1.0000,0
55,16,55,53,1.0000,0
55,16,55,55,1.0000,0
55,16,55,57,1.0000,0
55,16,55,59,1.0000,0
55,16,55,61,1.0000,0
55,16,55,63,1.0000,0
55,16,55,65,1.0000,0
55,16,55,67,1.0000,0
55,16,55,69,1.0000,0
55,16,55,71,1.0000,0
55,16,55,73,1.0000,0
55,16,55,75,1.0000,0
55,16,55,77,1.0000,0
55,18,55,21,1.0000,0
55,18,55,23,1.0000,0
55,18,55,25,1.0000,0
55,18,55,28,1.0000,0
55,18,55,30,1.0000,0
55,18,55,32,1.0000,0
55,18,55,34,1.0000,0
55,18,55,36,1.0000,0
55,18,55,38,1.0000,0
55,18,55,40,1.0000,0
55,18,55,42,1.0000,0
55,18,55,45,1.0000,0
55,18,55,47,1.0000,0
55,18,55,49,1.0000,0
55,18,55,51,1.0000,0
55,18,55,53,1.0000,0
55,18,55,55,1.0000,0
55,18,55,57,1.0000,0
55,18,55,59,1.0000,0
55,18,55,61,1.0000,0
55,18,55,63,1.0000,0
55,18,55,65,1.0000,0
55,18,55,67,1.0000,0
55,18,55,69,1.0000,0
55,18,55,71,1.0000,0
55,18,55,73,1.0000,0
55,18,55,75,1.0000,0
55,18,55,77,1.0000,0
55,21,55,23,1.0000,0
55,21,55,25,1.0000,0
55,21,55,28,1.0000,0
55,21,55,30,1.0000,0
55,21,55,32,1.0000,0
55,21,55,34,1.0000,0
55,21,55,36,1.0000,0
55,21,55,38,1.0000,0
55,21,55,40,1.0000,0
55,21,55,42,1.0000,0
55,21,55,45,1.0000,0
55,21,55,47,1.0000,0
55,21,55,49,1.0000,0
55,21,55,51,1.0000,0
55,21,55,53,1.0000,0
55,21,55,55,1.0000,0
55,21,55,57,1.0000,0
55,21,55,59,1.0000,0
55,21,55,61,1.0000,0
55,21,55,63,1.0000,0
55,21,55,65,1.0000,0
55,21,55,67,1.0000,0
55,21,55,69,1.0000,0
55,21,55,71,1.0000,0
55,21,55,73,1.0000,0
55,21,55,75,1.0000,0
55,21,55,77,1.0000,0
55,23,55,25,1.0000,0
55,23,55,28,1.0000,0
55,23,55,30,1.0000,0
55,23,55,32,1.0000,0
55,23,55,34,1.0000,0
55,23,55,36,1.0000,0
55,23,55,38,1.0000,0
55,23,55,40,1.0000,0
55,23,55,42,1.0000,0
55,23,55,45,1.0000,0
55,23,55,47,1.0000,0
55,23,55,49,1.0000,0
55,23,55,51,1.0000,0
55,23,55,53,1.0000,0
55,23,55,55,1.0000,0
55,23,55,57,1.0000,0
55,23,55,59,1.0000,0
55,23,55,61,1.0000,0
55,23,55,63,1.0000,0
55,23,55,65,1.0000,0
55,23,55,67,1.0000,0
55,23,55,69,1.0000,0
55,23,55,71,1.0000,0
55,23,55,73,1.0000,0
55,23,55,75,1.0000,0
55,23,55,77,1.0000,0
55,25,55,28,1.0000,0
55,25,55,30,1.0000,0
55,25,55,32,1.0000,0
55,25,55,34,1.0000,0
55,25,55,36,1.0000,0
55,25,55,38,1.0000,0
55,25,55,40,1.0000,0
55,25,55,42,1.0000,0
55,25,55,45,1.0000,0
55,25,55,47,1.0000,0
55,25,55,49,1.0000,0
55,25,55,51,1.0000,0
55,25,55,53,1.0000,0
55,25,55,55,1.0000,0
55,25,55,57,1.0000,0
55,25,55,59,1.0000,0
55,25,55,61,1.0000,0
55,25,55,63,1.0000,0
55,25,55,65,1.0000,0
55,25,55,67,1.0000,0
55,25,55,69,1.0000,0
55,25,55,71,1.0000,0
55,25,55,73,1.0000,0
55,25,55,75,1.0000,0
55,25,55,77,1.0000,0
55,27,55,78,0.7188,9
55,28,55,30,1.0000,0
55,28,55,32,1.0000,0
55,28,55,34,1.0000,0
55,28,55,36,1.0000,0
55,28,55,38,1.0000,0
55,28,55,40,1.0000,0
55,28,55,42,1.0000,0
55,28,55,45,1.0000,0
55,28,55,47,1.0000,0
55,28,55,49,1.0000,0
55,28,55,51,1.0000,0
55,28,55,53,1.0000,0
55,28,55,55,1.0000,0
55,28,55,57,1.0000,0
55,28,55,59,1.0000,0
55,28,55,61,1.0000,0
55,28,55,63,1.0000,0
55,28,55,65,1.0000,0
55,28,55,67,1.0000,0
55,28,55,69,1.0000,0
55,28,55,71,1.0000,0
55,28,55,73,1.0000,0
55,28,55,75,1.0000,0
55,28,55,77,1.0000,0
55,30,55,32,1.0000,0
55,30,55,34,1.0000,0
55,30,55,36,1.0000,0
55,30,55,38,1.0000,0
55,30,55,40,1.0000,0
55,30,55,42,1.0000,0
55,30,55,45,1.0000,0
55,30,55,47,1.0000,0
55,30,55,49,1.0000,0
55,30,55,51,1.0000,0
55,30,55,53,1.0000,0
55,30,55,55,1.0000,0
55,30,55,57,1.0000,0
55,30,55,59,1.0000,0
55,30,55,61,1.0000,0
55,30,55,63,1.0000,0
55,30,55,65,1.0000,0
55,30,55,67,1.0000,0
55,30,55,69,1.0000,0
55,30,55,71,1.0000,0
55,30,55,73,1.0000,0
55,30,55,75,1.0000,0
55,30,55,77,1.0000,0
55,32,55,34,1.0000,0
55,32,55,36,1.0000,0
55,32,55,38,1.0000,0
55,32,55,40,1.0000,0
55,32,55,42,1.0000,0
55,32,55,45,1.0000,0
55,32,55,47,1.0000,0
55,32,55,49,1.0000,0
55,32,55,51,1.0000,0
55,32,55,53,1.0000,0
55,32,55,55,1.0000,0
55,32,55,57,1.0000,0
55,32,55,59,1.0000,0
55,32,55,61,1.0000,0
55,32,55,63,1.0000,0
55,32,55,65,1.0000,0
55,32,55,67,1.0000,0
55,32,55,69,1.0000,0
55,32,55,71,1.0000,0
55,32,55,73,1.0000,0
55,32,55,75,1.0000,0
55,32,55,77,1.0000,0
55,34,55,36,1.0000,0
55,34,55,38,1.0000,0
55,34,55,40,1.0000,0
55,34,55,42,1.0000,0
55,34,55,45,1.0000,0
55,34,55,47,1.0000,0
55,34,55,49,1.0000,0
55,34,55,51,1.0000,0
55,34,55,53,1.0000,0
55,34,55,55,1.0000,0
55,34,55,57,1.0000,0
55,34,55,59,1.0000,0
55,34,55,61,1.0000,0
55,34,55,63,1.0000,0
55,34,55,65,1.0000,0
55,34,55,67,1.0000,0
55,34,55,69,1.0000,0
55,34,55,71,1.0000,0
55,34,55,73,1.0000,0
55,34,55,75,1.0000,0
55,34,55,77,1.0000,0
55,36,55,38,1.0000,0
55,36,55,40,1.0000,0
55,36,55,42,1.0000,0
55,36,55,45,1.0000,0
55,36,55,47,1.0000,0
55,36,55,49,1.0000,0
55,36,55,51,1.0000,0
55,36,55,53,1.0000,0
55,36,55,55,1.0000,0
55,36,55,57,1.0000,0
55,36,55,59,1.0000,0
55,36,55,61,1.0000,0
55,36,55,63,1.0000,0
55,36,55,65,1.0000,0
55,36,55,67,1.0000,0
55,36,55,69,1.0000,0
55,36,55,71,1.0000,0
55,36,55,73,1.0000,0
55,36,55,75,1.0000,0
55,36,55,77,1.0000,0
55,38,55,40,1.0000,0
55,38,55,42,1.0000,0
55,38,55,45,1.0000,0
55,38,55,47,1.0000,0
55,38,55,49,1.0000,0
55,38,55,51,1.0000,0
55,38,55,53,1.0000,0
55,38,55,55,1.0000,0
55,38,55,57,1.0000,0
55,38,55,59,1.0000,0
55,38,55,61,1.0000,0
55,38,55,63,1.0000,0
55,38,55,65,1.0000,0
55,38,55,67,1.0000,0
55,38,55,69,1.0000,0
55,38,55,71,1.0000,0
55,38,55,73,1.0000,0
55,38,55,75,1.0000,0
55,38,55,77,1.0000,0
55,40,55,42,1.0000,0
55,40,55,45,1.0000,0
55,40,55,47,1.0000,0
55,40,55,49,1.0000,0
55,40,55,51,1.0000,0
55,40,55,53,1.0000,0
55,40,55,55,1.0000,0
55,40,55,57,1.0000,0
55,40,55,59,1.0000,0
55,40,55,61,1.0000,0
55,40,55,63,1.0000,0
55,40,55,65,1.0000,0
55,40,55,67,1.0000,0
55,40,55,69,1.0000,0
55,40,55,71,1.0000,0
55,40,55,73,1.0000,0
55,40,55,75,1.0000,0
55,40,55,77,1.0000,0
55,42,55,45,1.0000,0
55,42,55,47,1.0000,0
55,42,55,49,1.0000,0
55,42,55,51,1.0000,0
55,42,55,53,1.0000,0
55,42,55,55,1.0000,0
55,42,55,57,1.0000,0
55,42,55,59,1.0000,0
55,42,55,61,1.0000,0
55,42,55,63,1.0000,0
55,42,55,65,1.0000,0
55,42,55,67,1.0000,0
55,42,55,69,1.0000,0
55,42,55,71,1.0000,0
55,42,55,73,1.0000,0
55,42,55,75,1.0000,0
55,42,55,77,1.0000,0
55,45,55,47,1.0000,0
55,45,55,49,1.0000,0
55,45,55,51,1.0000,0
55,45,55,53,1.0000,0
55,45,55,55,1.0000,0
55,45,55,57,1.0000,0
55,45,55,59,1.0000,0
55,45,55,61,1.0000,0
55,45,55,63,1.0000,0
55,45,55,65,1.0000,0
55,45,55,67,1.0000,0
55,45,55,69,1.0000,0
55,45,55,71,1.0000,0
55,45,55,73,1.0000,0
55,45,55,75,1.0000,0
55,45,55,77,1.0000,0
55,47,55,49,1.0000,0
55,47,55,51,1.0000,0
55,47,55,53,1.0000,0
55,47,55,55,1.0000,0
55,47,55,57,1.0000,0
55,47,55,59,1.0000,0
55,47,55,61,1.0000,0
55,47,55,63,1.0000,0
55,47,55,65,1.0000,0
55,47,55,67,1.0000,0
55,47,55,69,1.0000,0
55,47,55,71,1.0000,0
55,47,55,73,1.0000,0
55,47,55,75,1.0000,0
55,47,55,77,1.0000,0
55,49,55,51,1.0000,0
55,49,55,53,1.0000,0
55,49,55,55,1.0000,0
55,49,55,57,1.0000,0
55,49,55,59,1.0000,0
55,49,55,61,1.0000,0
55,49,55,63,1.0000,0
55,49,55,65,1.0000,0
55,49,55,67,1.0000,0
55,49,55,69,1.0000,0
55,49,55,71,1.0000,0
55,49,55,73,1.0000,0
55,49,55,75,1.0000,0
55,49,55,77,1.0000,0
55,50,55,66,0.7368,5
55,51,55,53,1.0000,0
55,51,55,55,1.0000,0
55,51,55,57,1.0000,0
55,51,55,59,1.0000,0
55,51,55,61,1.0000,0
55,51,55,63,1.0000,0
55,51,55,65,1.0000,0
55,51,55,67,1.0000,0
55,51,55,69,1.0000,0
55,51,55,71,1.0000,0
55,51,55,73,1.0000,0
55,51,55,75,1.0000,0
55,51,55,77,1.0000,0
55,53,55,55,1.0000,0
55,53,55,57,1.0000,0
55,53,55,59,1.0000,0
55,53,55,61,1.0000,0
55,53,55,63,1.0000,0
55,53,55,65,1.0000,0
55,53,55,67,1.0000,0
55,53,55,69,1.0000,0
55,53,55,71,1.0000,0
55,53,55,73,1.0000,0
55,53,55,75,1.0000,0
55,53,55,77,1.0000,0
55,55,55,57,1.0000,0
55,55,55,59,1.0000,0
55,55,55,61,1.0000,0
55,55,55,63,1.0000,0
55,55,55,65,1.0000,0
55,55,55,67,1.0000,0
55,55,55,69,1.0000,0
55,55,55,71,1.0000,0
55,55,55,73,1.0000,0
55,55,55,75,1.0000,0
55,55,55,77,1.0000,0
55,57,55,59,1.0000,0
55,57,55,61,1.0000,0
55,57,55,63,1.0000,0
55,57,55,65,1.0000,0
55,57,55,67,1.0000,0
55,57,55,69,1.0000,0
55,57,55,71,1.0000,0
55,57,55,73,1.0000,0
55,57,55,75,1.0000,0
55,57,55,77,1.0000,0
55,59,55,61,1.0000,0
55,59,55,63,1.0000,0
55,59,55,65,1.0000,0
55,59,55,67,1.0000,0
55,59,55,69,1.0000,0
55,59,55,71,1.0000,0
55,59,55,73,1.0000,0
55,59,55,75,1.0000,0
55,59,55,77,1.0000,0
55,61,55,63,1.0000,0
55,61,55,65,1.0000,0
55,61,55,67,1.0000,0
55,61,55,69,1.0000,0
55,61,55,71,1.0000,0
55,61,55,73,1.0000,0
55,61,55,75,1.0000,0
55,61,55,77,1.0000,0
55,63,55,65,1.0000,0
55,63,55,67,1.0000,0
55,63,55,69,1.0000,0
55,63,55,71,1.0000,0
55,63,55,73,1.0000,0
55,63,55,75,1.0000,0
55,63,55,77,1.0000,0
55,65,55,67,1.0000,0
55,65,55,69,1.0000,0
55,65,55,71,1.0000,0
55,65,55,73,1.0000,0
55,65,55,75,1.0000,0
55,65,55,77,1.0000,0
55,67,55,69,1.0000,0
55,67,55,71,1.0000,0
55,67,55,73,1.0000,0
55,67,55,75,1.0000,0
55,67,55,77,1.0000,0
55,69,55,71,1.0000,0
55,69,55,73,1.0000,0
55,69,55,75,1.0000,0
55,69,55,77,1.0000,0
55,71,55,73,1.0000,0
55,71,55,75,1.0000,0
55,71,55,77,1.0000,0
55,73,55,75,1.0000,0
55,73,55,77,1.0000,0
55,75,55,77,1.0000,0
12,1,26,2,0.7857,6
26,2,28,2,1.0000,0
26,2,31,2,0.8636,3
26,5,36,46,0.7170,15
56,8,56,9,0.7742,7
56,8,56,27,0.7742,7
56,8,56,41,0.7097,9
26,8,26,67,1.0000,0
26,8,26,103,1.0000,0
26,8,26,121,1.0000,0
26,8,26,158,0.7037,16
26,8,26,174,1.0000,0
26,8,26,190,1.0000,0
26,9,26,68,1.0000,0
26,9,26,104,1.0000,0
26,9,26,122,1.0000,0
26,9,26,140,1.0000,0
26,9,26,159,1.0000,0
26,9,26,175,1.0000,0
26,9,26,191,1.0000,0
56,9,56,41,0.7419,8
37,43,56,12,1.0000,0
56,13,56,39,1.0000,0
56,13,56,40,0.7333,4
56,14,56,40,0.8125,3
6,117,68,7,0.9216,4
15,93,56,24,0.7143,6
56,25,78,35,0.8333,5
26,24,26,28,0.7600,12
26,26,37,126,0.8929,3
56,27,56,41,0.7931,6
7,107,26,32,1.0000,0
7,108,26,33,1.0000,0
7,110,26,35,0.8810,5
7,111,26,36,0.9000,4
7,112,26,37,0.8947,2
56,38,74,39,0.8125,3
56,39,56,40,0.7333,4
7,113,26,41,0.7419,16
7,114,26,42,0.8667,4
37,16,56,47,0.7273,15
7,121,26,47,1.0000,0
7,122,26,48,1.0000,0
37,17,56,48,1.0000,0
7,125,26,50,0.7429,9
7,120,26,46,0.9474,1
56,58,56,63,0.8235,3
56,59,56,64,0.7931,6
56,65,56,70,0.7059,10
56,67,68,27,1.0000,0
26,67,26,103,1.0000,0
26,67,26,121,1.0000,0
26,67,26,158,0.7037,16
26,67,26,174,1.0000,0
26,67,26,190,1.0000,0
26,68,26,104,1.0000,0
26,68,26,122,1.0000,0
26,68,26,140,1.0000,0
26,68,26,159,1.0000,0
26,68,26,175,1.0000,0
26,68,26,191,1.0000,0
56,68,56,71,0.8000,5
26,66,26,172,0.8235,3
26,66,37,82,1.0000,0
26,66,37,136,0.8235,3
26,70,37,85,0.9333,2
56,74,56,96,1.0000,0
56,74,69,52,1.0000,0
56,74,87,1,0.7000,6
26,75,26,92,0.7037,8
56,80,69,43,1.0000,0
7,14,15,36,0.8621,4
7,14,38,79,0.8621,4
7,15,15,37,0.9500,1
7,15,38,80,0.9500,1
26,91,79,36,0.7000,6
56,96,69,52,1.0000,0
56,96,87,1,0.7000,6
57,1,59,1,0.8909,6
57,1,61,1,0.8909,6
57,1,62,1,0.7302,17
26,103,26,121,1.0000,0
26,103,26,158,0.7037,16
26,103,26,174,1.0000,0
26,103,26,190,1.0000,0
26,104,26,122,1.0000,0
26,104,26,140,1.0000,0
26,104,26,159,1.0000,0
26,104,26,175,1.0000,0
26,104,26,191,1.0000,0
26,105,26,141,0.7619,5
26,105,26,160,0.9048,2
26,106,26,124,0.9333,2
26,106,26,142,0.9032,3
26,106,26,161,0.9333,2
26,106,26,177,0.7000,9
26,107,26,125,1.0000,0
26,107,26,143,1.0000,0
26,107,26,162,1.0000,0
26,107,26,178,1.0000,0
26,108,26,110,1.0000,0
26,108,26,126,1.0000,0
26,108,26,131,1.0000,0
26,108,26,144,1.0000,0
26,108,26,150,1.0000,0
26,108,26,163,1.0000,0
26,108,26,179,1.0000,0
26,109,26,127,1.0000,0
26,109,26,145,1.0000,0
26,109,26,164,1.0000,0
26,109,26,180,1.0000,0
12,104,26,109,0.7500,13
26,110,26,126,1.0000,0
26,110,26,131,1.0000,0
26,110,26,144,1.0000,0
26,110,26,150,1.0000,0
26,110,26,163,1.0000,0
26,110,26,179,1.0000,0
7,42,11,23,0.7791,19
7,45,11,19,0.9500,3
26,116,26,167,0.8864,5
26,115,35,23,0.7000,6
26,121,26,158,0.7037,16
26,121,26,174,1.0000,0
26,121,26,190,1.0000,0
26,122,26,140,1.0000,0
26,122,26,159,1.0000,0
26,122,26,175,1.0000,0
26,122,26,191,1.0000,0
26,123,26,141,0.8333,3
26,124,26,142,0.8710,4
26,124,26,161,0.9333,2
26,124,26,177,0.7000,9
26,124,37,124,0.7000,9
26,125,26,143,1.0000,0
26,125,26,162,1.0000,0
26,125,26,178,1.0000,0
26,126,26,131,1.0000,0
26,126,26,144,1.0000,0
26,126,26,150,1.0000,0
26,126,26,163,1.0000,0
26,126,26,179,1.0000,0
26,127,26,145,1.0000,0
26,127,26,164,1.0000,0
26,127,26,180,1.0000,0
12,104,26,127,0.7500,13
37,76,37,115,0.7879,7
26,131,26,144,1.0000,0
26,131,26,150,1.0000,0
26,131,26,163,1.0000,0
26,131,26,179,1.0000,0
7,61,7,67,0.9388,3
26,134,26,147,0.7692,3
7,65,11,50,0.8214,15
26,139,26,158,0.7895,12
26,140,26,159,1.0000,0
26,140,26,175,1.0000,0
26,140,26,191,1.0000,0
26,141,26,160,0.7619,5
26,142,26,161,0.8710,4
26,143,26,162,1.0000,0
26,143,26,178,1.0000,0
26,144,26,150,1.0000,0
26,144,26,163,1.0000,0
26,144,26,179,1.0000,0
26,145,26,164,1.0000,0
26,145,26,180,1.0000,0
12,104,26,145,0.7500,13
59,1,61,1,1.0000,0
59,1,62,1,0.8254,11
7,78,7,91,1.0000,0
7,78,29,37,0.8444,7
8,13,59,4,0.8750,9
26,150,26,163,1.0000,0
26,150,26,179,1.0000,0
7,81,27,55,0.8983,6
26,153,26,185,1.0000,0
7,82,27,56,0.8553,11
7,83,27,57,0.8667,6
7,80,29,28,0.9143,6
7,79,7,93,0.7407,21
26,158,26,174,0.7037,16
26,158,26,190,0.7037,16
26,159,26,175,1.0000,0
26,159,26,191,1.0000,0
7,91,29,37,0.8444,7
26,162,26,178,1.0000,0
26,163,26,179,1.0000,0
26,161,26,177,0.7000,9
26,164,26,180,1.0000,0
12,104,26,164,0.7500,13
7,97,7,98,0.7917,10
26,170,37,134,0.8636,3
26,171,37,135,1.0000,0
26,172,37,82,0.8235,3
26,172,37,136,1.0000,0
26,173,27,58,1.0000,0
26,174,26,190,1.0000,0
26,175,26,191,1.0000,0
26,177,37,124,0.7200,7
12,104,26,180,0.7500,13
61,1,62,1,0.8254,11
9,33,61,9,1.0000,0
9,32,61,8,0.7949,16
15,12,26,200,0.8929,3
26,204,37,176,1.0000,0
15,84,26,207,0.8621,4
15,4,26,208,0.7368,10
58,16,63,2,0.7031,19
27,3,31,4,1.0000,0
7,159,7,181,0.7692,9
8,28,64,15,0.7719,13
27,10,28,31,0.7143,28
13,9,64,18,0.7647,8
32,6,64,18,0.8378,6
7,183,68,45,1.0000,0
9,73,66,9,1.0000,0
10,63,27,53,0.7500,8
32,9,67,23,0.7273,21
10,48,67,25,1.0000,0
27,71,67,25,1.0000,0
32,28,67,25,0.9167,3
34,29,67,25,1.0000,0
36,48,67,25,1.0000,0
10,48,27,71,1.0000,0
27,71,32,28,0.9167,3
27,71,34,29,1.0000,0
27,71,36,48,1.0000,0
27,74,28,69,0.8947,4
68,15,83,13,1.0000,0
27,80,30,52,0.9821,1
27,81,30,53,0.9859,1
10,67,27,86,0.7875,17
68,26,83,32,0.7188,9
37,27,68,30,0.8571,4
37,50,68,30,0.8929,3
12,1,28,2,0.7857,6
28,2,31,2,0.8636,3
37,154,68,36,1.0000,0
12,22,28,14,0.8833,7
38,87,68,52,0.8696,3
68,52,81,27,0.8696,3
69,3,86,2,0.8421,3
69,3,90,12,0.8421,3
69,3,74,27,0.7368,5
69,3,83,19,0.7368,5
69,19,69,25,0.7037,16
69,22,88,10,1.0000,0
69,34,89,18,0.8519,4
28,62,28,74,1.0000,0
69,40,81,19,1.0000,0
69,41,69,42,0.7059,10
28,71,28,72,0.8165,20
69,52,87,1,0.7000,6
9,55,9,85,0.8586,14
70,12,80,36,0.8462,2
87,8,92,7,0.7857,3
70,20,70,21,0.7500,5
70,23,70,34,0.8214,5
70,26,83,11,0.8333,4
87,11,92,17,0.8000,3
70,29,70,34,0.7143,8
87,14,91,9,0.7500,4
16,42,29,59,1.0000,0
9,119,33,70,0.7755,11
16,55,29,66,0.9070,4
29,66,30,34,0.8605,6
29,68,39,32,0.7590,20
10,1,12,1,0.8929,3
10,1,15,1,0.7188,9
10,1,31,2,0.7857,6
30,12,30,14,0.7000,9
30,15,84,25,0.7059,15
30,15,95,6,0.7059,15
73,1,74,1,0.7857,3
16,55,30,34,0.9535,2
73,19,76,29,1.0000,0
10,38,11,13,0.8617,13
10,42,10,43,0.7627,14
10,48,32,28,0.9167,3
10,48,34,29,1.0000,0
10,48,36,48,1.0000,0
74,19,74,20,0.7857,3
37,15,74,24,0.7308,7
74,27,83,8,0.8235,3
74,27,83,19,0.7222,5
74,27,86,2,0.7368,5
74,27,90,12,0.7368,5
31,8,84,25,0.7347,13
31,8,95,6,0.7200,14
31,8,98,7,0.7600,12
74,33,89,4,0.7143,4
74,34,81,18,0.8000,3
74,54,80,11,0.9286,1
74,55,80,12,1.0000,0
75,12,75,30,0.9048,2
75,19,88,26,0.7778,4
75,22,75,24,0.8235,3
75,22,80,38,0.8125,3
75,22,88,2,0.8125,3
75,22,88,8,0.8750,2
75,24,80,38,0.7647,4
75,24,88,2,0.7647,4
75,24,88,8,0.7647,4
32,28,34,29,0.9167,3
32,28,36,48,0.9167,3
11,11,34,4,0.7541,15
11,11,98,7,0.7018,17
75,32,92,16,0.7857,3
75,34,75,35,0.8125,3
11,22,16,109,0.9394,2
77,3,79,2,0.8571,2
37,3,77,5,0.7857,3
77,9,81,11,0.8125,3
77,9,82,1,0.7059,5
77,10,81,3,0.8125,3
77,14,82,17,0.8636,3
77,14,82,18,0.7500,6
77,14,97,2,0.7391,6
77,15,77,19,1.0000,0
77,15,77,24,1.0000,0
77,15,77,28,1.0000,0
77,15,77,34,1.0000,0
77,15,77,37,1.0000,0
77,15,77,40,1.0000,0
77,15,77,45,1.0000,0
77,15,77,47,1.0000,0
77,15,77,49,1.0000,0
77,15,83,10,1.0000,0
37,34,77,18,0.8261,4
77,19,77,24,1.0000,0
77,19,77,28,1.0000,0
77,19,77,34,1.0000,0
77,19,77,37,1.0000,0
77,19,77,40,1.0000,0
77,19,77,45,1.0000,0
77,19,77,47,1.0000,0
77,19,77,49,1.0000,0
77,19,83,10,1.0000,0
77,24,77,28,1.0000,0
77,24,77,34,1.0000,0
77,24,77,37,1.0000,0
77,24,77,40,1.0000,0
77,24,77,45,1.0000,0
77,24,77,47,1.0000,0
77,24,77,49,1.0000,0
77,24,83,10,1.0000,0
77,25,78,6,0.8500,3
77,28,77,34,1.0000,0
77,28,77,37,1.0000,0
77,28,77,40,1.0000,0
77,28,77,45,1.0000,0
77,28,77,47,1.0000,0
77,28,77,49,1.0000,0
77,28,83,10,1.0000,0
77,34,77,37,1.0000,0
77,34,77,40,1.0000,0
77,34,77,45,1.0000,0
77,34,77,47,1.0000,0
77,34,77,49,1.0000,0
77,34,83,10,1.0000,0
37,92,77,35,0.7059,5
77,37,77,40,1.0000,0
77,37,77,45,1.0000,0
77,37,77,47,1.0000,0
77,37,77,49,1.0000,0
77,37,83,10,1.0000,0
34,5,34,38,0.7143,16
77,40,77,45,1.0000,0
77,40,77,47,1.0000,0
77,40,77,49,1.0000,0
77,40,83,10,1.0000,0
15,45,77,41,0.8750,3
37,80,77,44,1.0000,0
37,121,77,44,1.0000,0
37,131,77,44,1.0000,0
37,110,77,44,0.8182,4
77,45,77,47,1.0000,0
77,45,77,49,1.0000,0
77,45,83,10,1.0000,0
77,47,77,49,1.0000,0
77,47,83,10,1.0000,0
77,49,83,10,1.0000,0
78,4,78,5,0.7857,3
78,7,79,32,0.7857,3
34,29,36,48,1.0000,0
12,1,15,1,0.8125,6
78,24,78,35,0.7241,8
79,3,79,4,0.7857,3
14,20,35,17,1.0000,0
35,20,35,21,0.7619,5
79,33,80,32,1.0000,0
79,39,79,41,0.8500,3
36,3,37,133,0.7143,6
36,3,37,139,0.7143,6
36,29,36,53,0.7292,13
80,38,88,2,0.7500,4
80,38,88,8,0.7500,4
81,3,81,6,0.7500,4
81,3,81,12,0.7500,4
81,5,81,10,0.7500,4
81,6,81,12,0.7500,4
81,6,82,3,0.9375,1
81,11,82,1,0.7059,5
81,11,84,1,0.7500,4
81,15,84,16,0.8000,3
81,17,89,4,0.8000,3
81,17,92,1,0.7333,4
81,17,93,2,0.8000,3
38,87,81,27,1.0000,0
82,1,84,1,0.8235,3
37,5,38,66,0.7907,9
82,13,83,22,1.0000,0
15,17,37,7,0.7200,7
82,17,82,18,0.8750,3
82,17,97,2,0.7391,6
37,16,37,53,0.9024,4
83,7,83,18,0.7931,6
83,8,83,19,0.8333,3
83,9,83,20,1.0000,0
37,25,37,92,0.8235,3
37,27,37,50,0.9643,1
83,19,86,2,0.7368,5
83,19,90,12,0.7368,5
83,23,83,35,1.0000,0
14,29,38,56,0.7692,6
37,40,37,74,1.0000,0
37,40,37,128,1.0000,0
37,40,37,160,1.0000,0
37,40,37,169,0.8696,3
15,40,37,40,0.7826,5
37,40,38,83,0.7826,5
37,48,38,52,0.7407,7
84,2,84,5,1.0000,0
37,60,37,106,0.7083,7
84,17,89,4,0.7143,4
84,22,85,19,0.7391,6
84,25,95,6,0.9800,1
85,1,86,11,0.8333,3
37,74,37,128,1.0000,0
37,74,37,160,1.0000,0
37,74,37,169,0.8696,3
15,40,37,74,0.7826,5
37,74,38,83,0.7826,5
37,78,37,108,1.0000,0
37,78,37,119,0.9167,2
37,78,37,129,1.0000,0
37,80,37,121,1.0000,0
37,80,37,131,1.0000,0
37,80,37,110,0.8182,4
37,82,37,136,0.8235,3
37,81,37,111,1.0000,0
37,81,37,122,0.9167,2
37,81,37,132,1.0000,0
85,17,88,1,0.7500,5
15,29,38,72,1.0000,0
15,30,38,73,1.0000,0
15,34,38,77,1.0000,0
86,2,90,12,0.7895,4
15,36,38,79,1.0000,0
15,37,38,80,1.0000,0
15,38,38,81,1.0000,0
15,35,38,78,0.8621,4
15,40,37,128,0.7826,5
15,40,37,160,0.7826,5
15,40,38,83,1.0000,0
37,108,37,119,0.9167,2
37,108,37,129,1.0000,0
37,109,37,130,0.7059,5
37,110,37,121,0.8182,4
37,110,37,131,0.8182,4
37,111,37,122,0.9167,2
37,111,37,132,1.0000,0
37,114,37,120,0.7200,7
37,117,37,118,0.7200,7
37,119,37,129,0.9167,2
37,122,37,132,0.9167,2
37,121,37,131,1.0000,0
37,123,37,133,0.8182,4
37,123,37,139,0.8182,4
37,128,37,160,1.0000,0
37,128,37,169,0.8696,3
37,128,38,83,0.7826,5
37,133,37,139,0.8571,3
88,2,88,8,0.8125,3
15,73,15,83,0.8571,3
15,75,15,77,0.7600,6
88,18,88,19,0.7000,6
37,160,37,169,0.8696,3
37,160,38,83,0.7826,5
89,4,91,4,0.7059,5
89,4,92,1,0.8000,3
89,4,93,2,0.7857,3
37,165,37,166,0.7778,4
37,174,37,178,0.9412,1
37,175,37,179,0.8947,2
90,5,90,7,0.7200,7
91,2,91,3,0.7647,4
91,3,92,2,0.7647,4
91,4,92,1,0.8235,3
92,1,93,2,0.8000,3
92,6,92,9,0.7500,3
92,7,92,10,0.9286,1
93,7,93,8,0.7059,5
93,9,93,10,0.7000,6
94,5,94,6,0.9412,1
