window	start_surah	start_verse	start_word_idx	end_surah	end_verse	end_word_idx	cross_verse	phrase
3	2	3	5	2	3	7	False	ومما رزقناهم ينفقون
3	2	30	29	2	31	1	True	تعلمون وعلم آدم
3	2	87	13	2	87	15	False	البينات وأيدناه بروح
3	2	160	9	2	160	11	False	وأنا التواب الرحيم
3	2	237	0	2	237	2	False	وإن طلقتموهن من
3	2	253	21	2	253	23	False	البينات وأيدناه بروح
3	3	4	9	3	4	11	False	كفروا بآيات الله
3	4	26	8	4	26	10	False	قبلكم ويتوب عليكم
3	6	101	12	6	101	14	False	ۖ وخلق كل
3	7	50	18	7	50	20	False	حرمهما على الكافرين
3	7	85	0	7	85	2	False	وإلى مدين أخاهم
3	8	3	3	8	3	5	False	ومما رزقناهم ينفقون
3	8	52	8	8	52	10	False	كفروا بآيات الله
3	8	62	8	8	62	10	False	هو الذي أيدك
3	10	26	11	10	26	13	False	ذلة ۚ أولئك
3	10	42	1	10	42	3	False	من يستمعون إليك
3	11	48	15	11	48	17	False	ثم يمسهم منا
3	11	78	6	11	78	8	False	كانوا يعملون السيئات
3	11	78	29	11	79	1	True	رشيد قالوا لقد
3	11	84	1	11	84	3	False	وإلى مدين أخاهم
3	12	75	7	12	75	9	False	جزاؤه ۚ كذلك
3	13	8	13	13	8	15	False	شيء عنده بمقدار
3	17	5	2	17	5	4	False	وعد أولاهما بعثنا
3	18	16	8	18	16	10	False	الكهف ينشر لكم
3	18	24	8	18	24	10	False	نسيت وقل عسى
3	18	38	7	18	39	1	True	أحدا ولولا إذ
3	18	64	5	18	64	7	False	ۚ فارتدا على
3	18	98	16	18	99	1	True	حقا ۞ وتركنا
3	19	32	4	19	33	0	True	جبارا شقيا والسلام
3	22	5	71	22	6	0	True	زوج بهيج ذلك
3	22	35	12	22	35	14	False	ومما رزقناهم ينفقون
3	22	60	3	22	60	5	False	عاقب بمثل ما
3	24	21	13	24	21	15	False	الشيطان فإنه يأمر
3	27	7	10	27	7	12	False	أو آتيكم بشهاب
3	28	54	9	28	54	11	False	ومما رزقناهم ينفقون
3	28	80	3	28	80	5	False	العلم ويلكم ثواب
3	29	13	3	29	13	5	False	مع أثقالهم ۖ
3	29	23	1	29	23	3	False	كفروا بآيات الله
3	29	36	0	29	36	2	False	وإلى مدين أخاهم
3	32	16	8	32	16	10	False	ومما رزقناهم ينفقون
3	33	55	7	33	55	9	False	ولا إخوانهن ولا
3	36	38	3	36	38	5	False	لها ۚ ذلك
3	37	18	0	37	18	2	False	قل نعم وأنتم
3	38	42	5	38	43	0	True	بارد وشراب ووهبنا
3	39	63	6	39	63	8	False	كفروا بآيات الله
3	40	3	6	40	3	8	False	ذي الطول ۖ
3	42	38	8	42	38	10	False	ومما رزقناهم ينفقون
3	56	36	0	56	37	0	True	فجعلناهن أبكارا عربا
3	57	12	7	57	12	9	False	أيديهم وبأيمانهم بشراكم
3	58	3	2	58	3	4	False	من نسائهم ثم
3	61	14	12	61	14	14	False	للحواريين من أنصاري
3	66	8	23	66	8	25	False	يخزي الله النبي
3	66	11	8	66	11	10	False	قالت رب ابن
3	79	35	3	79	36	0	True	ما سعى وبرزت
3	83	12	0	83	12	2	False	وما يكذب به
3	92	5	2	92	6	0	True	أعطى واتقى وصدق
4	1	1	0	1	1	3	False	بسم الله الرحمن الرحيم
4	2	85	42	2	85	45	False	القيامة يردون إلى أشد
4	2	102	40	2	102	43	False	يفرقون به بين المرء
4	2	160	8	2	160	11	False	ۚ وأنا التواب الرحيم
4	2	218	11	2	218	14	False	رحمت الله ۚ والله
4	3	90	3	3	90	6	False	بعد إيمانهم ثم ازدادوا
4	3	179	24	3	179	27	False	من رسله من يشاء
4	4	26	8	4	26	11	False	قبلكم ويتوب عليكم ۗ
4	4	175	2	4	175	5	False	آمنوا بالله واعتصموا به
4	6	100	0	6	100	3	False	وجعلوا لله شركاء الجن
4	6	151	39	6	151	42	False	التي حرم الله إلا
4	7	105	12	7	105	15	False	ببينة من ربكم فأرسل
4	8	21	7	8	22	2	True	يسمعون ۞ إن شر
4	8	52	7	8	52	10	False	ۚ كفروا بآيات الله
4	8	62	7	8	62	10	False	ۚ هو الذي أيدك
4	10	41	5	10	41	8	False	ولكم عملكم ۖ أنتم
4	10	42	1	10	42	4	False	من يستمعون إليك ۚ
4	11	78	6	11	78	9	False	كانوا يعملون السيئات ۚ
4	11	84	0	11	84	3	False	۞ وإلى مدين أخاهم
4	12	65	29	12	66	2	True	يسير قال لن أرسله
4	14	19	0	14	19	3	False	ألم تر أن الله
4	14	37	12	14	37	15	False	ربنا ليقيموا الصلاة فاجعل
4	17	33	3	17	33	6	False	التي حرم الله إلا
4	18	66	10	18	67	2	True	رشدا قال إنك لن
4	22	18	0	22	18	3	False	ألم تر أن الله
4	22	63	0	22	63	3	False	ألم تر أن الله
4	22	65	0	22	65	3	False	ألم تر أن الله
4	24	31	35	24	31	38	False	أو إخوانهن أو بني
4	24	31	37	24	31	40	False	أو بني إخوانهن أو
4	24	41	0	24	41	3	False	ألم تر أن الله
4	24	43	0	24	43	3	False	ألم تر أن الله
4	25	68	10	25	68	13	False	التي حرم الله إلا
4	25	70	2	25	70	5	False	تاب وآمن وعمل عملا
4	26	5	6	26	5	9	False	محدث إلا كانوا عنه
4	26	23	0	26	23	3	False	قال فرعون وما رب
4	27	30	4	27	30	7	False	بسم الله الرحمن الرحيم
4	27	67	4	27	67	7	False	كنا ترابا وآباؤنا أئنا
4	30	29	15	30	30	0	True	لهم من ناصرين فأقم
4	31	29	0	31	29	3	False	ألم تر أن الله
4	33	40	5	33	40	8	False	من رجالكم ولكن رسول
4	35	27	0	35	27	3	False	ألم تر أن الله
4	37	36	4	37	37	1	True	لشاعر مجنون بل جاء
4	39	21	0	39	21	3	False	ألم تر أن الله
4	40	31	0	40	31	3	False	مثل دأب قوم نوح
4	42	48	24	42	48	27	False	بما قدمت أيديهم فإن
4	43	59	8	43	60	1	True	لبني إسرائيل ولو نشاء
4	44	51	4	44	52	2	True	أمين في جنات وعيون
4	53	14	2	53	15	2	True	المنتهى عندها جنة المأوى
4	58	7	0	58	7	3	False	ألم تر أن الله
4	68	35	1	68	36	1	True	المسلمين كالمجرمين ما لكم
4	74	39	1	74	40	1	True	أصحاب اليمين في جنات
4	95	8	3	96	1	2	True	الحاكمين اقرأ باسم ربك
5	2	197	30	2	198	0	True	واتقون يا أولي الألباب ليس
5	3	97	12	3	97	16	False	على الناس حج البيت من
5	3	179	24	3	179	28	False	من رسله من يشاء ۖ
5	4	141	31	4	141	35	False	ولن يجعل الله للكافرين على
5	5	54	10	5	54	14	False	يأتي الله بقوم يحبهم ويحبونه
5	5	98	0	5	98	4	False	اعلموا أن الله شديد العقاب
5	6	151	20	6	151	24	False	من إملاق ۖ نحن نرزقكم
5	6	159	13	6	159	17	False	إلى الله ثم ينبئهم بما
5	7	33	27	7	34	2	True	لا تعلمون ولكل أمة أجل
5	9	108	13	9	108	17	False	أن تقوم فيه ۚ فيه
5	9	121	10	9	121	14	False	كتب لهم ليجزيهم الله أحسن
5	10	86	3	10	87	2	True	القوم الكافرين وأوحينا إلى موسى
5	11	63	13	11	63	17	False	فمن ينصرني من الله إن
5	11	123	8	11	123	12	False	فاعبده وتوكل عليه ۚ وما
5	12	51	9	12	51	13	False	قلن حاش لله ما علمنا
5	12	72	0	12	72	4	False	قالوا نفقد صواع الملك ولمن
5	16	96	11	16	96	15	False	صبروا أجرهم بأحسن ما كانوا
5	20	120	12	20	121	2	True	لا يبلى فأكلا منها فبدت
5	25	27	3	25	27	7	False	على يديه يقول يا ليتني
5	25	60	1	25	60	5	False	قيل لهم اسجدوا للرحمن قالوا
5	27	8	4	27	8	8	False	بورك من في النار ومن
5	28	4	13	28	4	17	False	ويستحيي نساءهم ۚ إنه كان
5	29	44	9	29	45	2	True	لآية للمؤمنين اتل ما أوحي
5	30	43	7	30	43	11	False	يأتي يوم لا مرد له
5	33	27	10	33	28	0	True	على كل شيء قديرا يا
5	37	7	1	37	8	0	True	من كل شيطان مارد لا
5	39	41	17	39	42	0	True	وما أنت عليهم بوكيل الله
5	40	20	16	40	21	3	True	البصير ۞ أولم يسيروا في
5	42	47	5	42	47	9	False	يأتي يوم لا مرد له
6	2	31	14	2	32	4	True	صادقين قالوا سبحانك لا علم لنا
6	2	197	29	2	198	0	True	ۚ واتقون يا أولي الألباب ليس
6	2	240	18	2	240	23	False	في ما فعلن في أنفسهن من
6	2	248	9	2	248	14	False	فيه سكينة من ربكم وبقية مما
6	4	141	30	4	141	35	False	ۗ ولن يجعل الله للكافرين على
6	5	4	3	5	4	8	False	لهم ۖ قل أحل لكم الطيبات
6	5	6	52	5	6	57	False	الله ليجعل عليكم من حرج ولكن
6	5	49	15	5	49	20	False	أنزل الله إليك ۖ فإن تولوا
6	6	91	37	6	91	42	False	أنتم ولا آباؤكم ۖ قل الله
6	7	33	27	7	34	3	True	لا تعلمون ولكل أمة أجل ۖ
6	11	12	8	11	12	13	False	صدرك أن يقولوا لولا أنزل عليه
6	12	51	8	12	51	13	False	ۚ قلن حاش لله ما علمنا
6	13	38	2	13	38	7	False	رسلا من قبلك وجعلنا لهم أزواجا
6	14	17	5	14	17	10	False	الموت من كل مكان وما هو
6	19	14	2	19	15	1	True	ولم يكن جبارا عصيا وسلام عليه
6	26	83	3	26	84	2	True	حكما وألحقني بالصالحين واجعل لي لسان
6	29	25	25	29	26	2	True	لكم من ناصرين ۞ فآمن له
6	39	41	16	39	42	0	True	ۖ وما أنت عليهم بوكيل الله
6	40	44	10	40	45	1	True	إن الله بصير بالعباد فوقاه الله
6	47	15	43	47	16	1	True	ماء حميما فقطع أمعاءهم ومنهم من
6	49	11	34	49	11	39	False	بعد الإيمان ۚ ومن لم يتب
6	80	6	2	80	8	0	True	تصدى وما عليك ألا يزكى وأما
6	96	4	1	96	5	3	True	علم بالقلم علم الإنسان ما لم
