surah,verse,fasila_2char,fasila_3char,ends_in_letter
1,1,يم,حيم,م
1,2,ين,مين,ن
1,3,يم,حيم,م
1,4,ين,دين,ن
1,5,ين,عين,ن
1,6,يم,قيم,م
1,7,ين,لين,ن
2,1,لم,الم,م
2,2,ين,قين,ن
2,3,ون,قون,ن
2,4,ون,نون,ن
2,5,ون,حون,ن
2,6,ون,نون,ن
2,7,يم,ظيم,م
2,8,ين,نين,ن
2,9,ون,رون,ن
2,10,ون,بون,ن
2,11,ون,حون,ن
2,12,ون,رون,ن
2,13,ون,مون,ن
2,14,ون,ءون,ن
2,15,ون,هون,ن
2,16,ين,دين,ن
2,17,ون,رون,ن
2,18,ون,عون,ن
2,19,ين,رين,ن
2,20,ير,دير,ر
2,21,ون,قون,ن
2,22,ون,مون,ن
2,23,ين,قين,ن
2,24,ين,رين,ن
2,25,ون,دون,ن
2,26,ين,قين,ن
2,27,ون,رون,ن
2,28,ون,عون,ن
2,29,يم,ليم,م
2,30,ون,مون,ن
2,31,ين,قين,ن
2,32,يم,كيم,م
2,33,ون,مون,ن
2,34,ين,رين,ن
2,35,ين,مين,ن
2,36,ين,حين,ن
2,37,يم,حيم,م
2,38,ون,نون,ن
2,39,ون,دون,ن
2,40,ون,بون,ن
2,41,ون,قون,ن
2,42,ون,مون,ن
2,43,ين,عين,ن
2,44,ون,لون,ن
2,45,ين,عين,ن
2,46,ون,عون,ن
2,47,ين,مين,ن
2,48,ون,رون,ن
2,49,يم,ظيم,م
2,50,ون,رون,ن
2,51,ون,مون,ن
2,52,ون,رون,ن
2,53,ون,دون,ن
2,54,يم,حيم,م
2,55,ون,رون,ن
2,56,ون,رون,ن
2,57,ون,مون,ن
2,58,ين,نين,ن
2,59,ون,قون,ن
2,60,ين,دين,ن
2,61,ون,دون,ن
2,62,ون,نون,ن
2,63,ون,قون,ن
2,64,ين,رين,ن
2,65,ين,سين,ن
2,66,ين,قين,ن
2,67,ين,لين,ن
2,68,ون,رون,ن
2,69,ين,رين,ن
2,70,ون,دون,ن
2,71,ون,لون,ن
2,72,ون,مون,ن
2,73,ون,لون,ن
2,74,ون,لون,ن
2,75,ون,مون,ن
2,76,ون,لون,ن
2,77,ون,نون,ن
2,78,ون,نون,ن
2,79,ون,بون,ن
2,80,ون,مون,ن
2,81,ون,دون,ن
2,82,ون,دون,ن
2,83,ون,ضون,ن
2,84,ون,دون,ن
2,85,ون,لون,ن
2,86,ون,رون,ن
2,87,ون,لون,ن
2,88,ون,نون,ن
2,89,ين,رين,ن
2,90,ين,هين,ن
2,91,ين,نين,ن
2,92,ون,مون,ن
2,93,ين,نين,ن
2,94,ين,قين,ن
2,95,ين,مين,ن
2,96,ون,لون,ن
2,97,ين,نين,ن
2,98,ين,رين,ن
2,99,ون,قون,ن
2,100,ون,نون,ن
2,101,ون,مون,ن
2,102,ون,مون,ن
2,103,ون,مون,ن
2,104,يم,ليم,م
2,105,يم,ظيم,م
2,106,ير,دير,ر
2,107,ير,صير,ر
2,108,يل,بيل,ل
2,109,ير,دير,ر
2,110,ير,صير,ر
2,111,ين,قين,ن
2,112,ون,نون,ن
2,113,ون,فون,ن
2,114,يم,ظيم,م
2,115,يم,ليم,م
2,116,ون,تون,ن
2,117,ون,كون,ن
2,118,ون,نون,ن
2,119,يم,حيم,م
2,120,ير,صير,ر
2,121,ون,رون,ن
2,122,ين,مين,ن
2,123,ون,رون,ن
2,124,ين,مين,ن
2,125,ود,جود,د
2,126,ير,صير,ر
2,127,يم,ليم,م
2,128,يم,حيم,م
2,129,يم,كيم,م
2,130,ين,حين,ن
2,131,ين,مين,ن
2,132,ون,مون,ن
2,133,ون,مون,ن
2,134,ون,لون,ن
2,135,ين,كين,ن
2,136,ون,مون,ن
2,137,يم,ليم,م
2,138,ون,دون,ن
2,139,ون,صون,ن
2,140,ون,لون,ن
2,141,ون,لون,ن
2,142,يم,قيم,م
2,143,يم,حيم,م
2,144,ون,لون,ن
2,145,ين,مين,ن
2,146,ون,مون,ن
2,147,ين,رين,ن
2,148,ير,دير,ر
2,149,ون,لون,ن
2,150,ون,دون,ن
2,151,ون,مون,ن
2,152,ون,رون,ن
2,153,ين,رين,ن
2,154,ون,رون,ن
2,155,ين,رين,ن
2,156,ون,عون,ن
2,157,ون,دون,ن
2,158,يم,ليم,م
2,159,ون,نون,ن
2,160,يم,حيم,م
2,161,ين,عين,ن
2,162,ون,رون,ن
2,163,يم,حيم,م
2,164,ون,لون,ن
2,165,اب,ذاب,ب
2,166,اب,باب,ب
2,167,ار,نار,ر
2,168,ين,بين,ن
2,169,ون,مون,ن
2,170,ون,دون,ن
2,171,ون,لون,ن
2,172,ون,دون,ن
2,173,يم,حيم,م
2,174,يم,ليم,م
2,175,ار,نار,ر
2,176,يد,عيد,د
2,177,ون,قون,ن
2,178,يم,ليم,م
2,179,ون,قون,ن
2,180,ين,قين,ن
2,181,يم,ليم,م
2,182,يم,حيم,م
2,183,ون,قون,ن
2,184,ون,مون,ن
2,185,ون,رون,ن
2,186,ون,دون,ن
2,187,ون,قون,ن
2,188,ون,مون,ن
2,189,ون,حون,ن
2,190,ين,دين,ن
2,191,ين,رين,ن
2,192,يم,حيم,م
2,193,ين,مين,ن
2,194,ين,قين,ن
2,195,ين,نين,ن
2,196,اب,قاب,ب
2,197,بب,لبب,ب
2,198,ين,لين,ن
2,199,يم,حيم,م
2,200,لق,خلق,ق
2,201,ار,نار,ر
2,202,اب,ساب,ب
2,203,ون,رون,ن
2,204,ام,صام,م
2,205,اد,ساد,د
2,206,اد,هاد,د
2,207,اد,باد,د
2,208,ين,بين,ن
2,209,يم,كيم,م
2,210,ور,مور,ر
2,211,اب,قاب,ب
2,212,اب,ساب,ب
2,213,يم,قيم,م
2,214,يب,ريب,ب
2,215,يم,ليم,م
2,216,ون,مون,ن
2,217,ون,دون,ن
2,218,يم,حيم,م
2,219,ون,رون,ن
2,220,يم,كيم,م
2,221,ون,رون,ن
2,222,ين,رين,ن
2,223,ين,نين,ن
2,224,يم,ليم,م
2,225,يم,ليم,م
2,226,يم,حيم,م
2,227,يم,ليم,م
2,228,يم,كيم,م
2,229,ون,مون,ن
2,230,ون,مون,ن
2,231,يم,ليم,م
2,232,ون,مون,ن
2,233,ير,صير,ر
2,234,ير,بير,ر
2,235,يم,ليم,م
2,236,ين,نين,ن
2,237,ير,صير,ر
2,238,ين,تين,ن
2,239,ون,مون,ن
2,240,يم,كيم,م
2,241,ين,قين,ن
2,242,ون,لون,ن
2,243,ون,رون,ن
2,244,يم,ليم,م
2,245,ون,عون,ن
2,246,ين,مين,ن
2,247,يم,ليم,م
2,248,ين,نين,ن
2,249,ين,رين,ن
2,250,ين,رين,ن
2,251,ين,مين,ن
2,252,ين,لين,ن
2,253,يد,ريد,د
2,254,ون,مون,ن
2,255,يم,ظيم,م
2,256,يم,ليم,م
2,257,ون,دون,ن
2,258,ين,مين,ن
2,259,ير,دير,ر
2,260,يم,كيم,م
2,261,يم,ليم,م
2,262,ون,نون,ن
2,263,يم,ليم,م
2,264,ين,رين,ن
2,265,ير,صير,ر
2,266,ون,رون,ن
2,267,يد,ميد,د
2,268,يم,ليم,م
2,269,بب,لبب,ب
2,270,ار,صار,ر
2,271,ير,بير,ر
2,272,ون,مون,ن
2,273,يم,ليم,م
2,274,ون,نون,ن
2,275,ون,دون,ن
2,276,يم,ثيم,م
2,277,ون,نون,ن
2,278,ين,نين,ن
2,279,ون,مون,ن
2,280,ون,مون,ن
2,281,ون,مون,ن
2,282,يم,ليم,م
2,283,يم,ليم,م
2,284,ير,دير,ر
2,285,ير,صير,ر
2,286,ين,رين,ن
3,1,لم,الم,م
3,2,وم,يوم,م
3,3,يل,جيل,ل
3,4,ام,قام,م
3,5,اء,ماء,ء
3,6,يم,كيم,م
3,7,بب,لبب,ب
3,8,اب,هاب,ب
3,9,اد,عاد,د
3,10,ار,نار,ر
3,11,اب,قاب,ب
3,12,اد,هاد,د
3,13,صر,بصر,ر
3,14,اب,ماب,ب
3,15,اد,باد,د
3,16,ار,نار,ر
3,17,ار,حار,ر
3,18,يم,كيم,م
3,19,اب,ساب,ب
3,20,اد,باد,د
3,21,يم,ليم,م
3,22,ين,رين,ن
3,23,ون,ضون,ن
3,24,ون,رون,ن
3,25,ون,مون,ن
3,26,ير,دير,ر
3,27,اب,ساب,ب
3,28,ير,صير,ر
3,29,ير,دير,ر
3,30,اد,باد,د
3,31,يم,حيم,م
3,32,ين,رين,ن
3,33,ين,مين,ن
3,34,يم,ليم,م
3,35,يم,ليم,م
3,36,يم,جيم,م
3,37,اب,ساب,ب
3,38,اء,عاء,ء
3,39,ين,حين,ن
3,40,اء,شاء,ء
3,41,كر,بكر,ر
3,42,ين,مين,ن
3,43,ين,عين,ن
3,44,ون,مون,ن
3,45,ين,بين,ن
3,46,ين,حين,ن
3,47,ون,كون,ن
3,48,يل,جيل,ل
3,49,ين,نين,ن
3,50,ون,عون,ن
3,51,يم,قيم,م
3,52,ون,مون,ن
3,53,ين,دين,ن
3,54,ين,رين,ن
3,55,ون,فون,ن
3,56,ين,رين,ن
3,57,ين,مين,ن
3,58,يم,كيم,م
3,59,ون,كون,ن
3,60,ين,رين,ن
3,61,ين,بين,ن
3,62,يم,كيم,م
3,63,ين,دين,ن
3,64,ون,مون,ن
3,65,ون,لون,ن
3,66,ون,مون,ن
3,67,ين,كين,ن
3,68,ين,نين,ن
3,69,ون,رون,ن
3,70,ون,دون,ن
3,71,ون,مون,ن
3,72,ون,عون,ن
3,73,يم,ليم,م
3,74,يم,ظيم,م
3,75,ون,مون,ن
3,76,ين,قين,ن
3,77,يم,ليم,م
3,78,ون,مون,ن
3,79,ون,سون,ن
3,80,ون,مون,ن
3,81,ين,دين,ن
3,82,ون,قون,ن
3,83,ون,عون,ن
3,84,ون,مون,ن
3,85,ين,رين,ن
3,86,ين,مين,ن
3,87,ين,عين,ن
3,88,ون,رون,ن
3,89,يم,حيم,م
3,90,ون,لون,ن
3,91,ين,رين,ن
3,92,يم,ليم,م
3,93,ين,قين,ن
3,94,ون,مون,ن
3,95,ين,كين,ن
3,96,ين,مين,ن
3,97,ين,مين,ن
3,98,ون,لون,ن
3,99,ون,لون,ن
3,100,ين,رين,ن
3,101,يم,قيم,م
3,102,ون,مون,ن
3,103,ون,دون,ن
3,104,ون,حون,ن
3,105,يم,ظيم,م
3,106,ون,رون,ن
3,107,ون,دون,ن
3,108,ين,مين,ن
3,109,ور,مور,ر
3,110,ون,قون,ن
3,111,ون,رون,ن
3,112,ون,دون,ن
3,113,ون,دون,ن
3,114,ين,حين,ن
3,115,ين,قين,ن
3,116,ون,دون,ن
3,117,ون,مون,ن
3,118,ون,لون,ن
3,119,ور,دور,ر
3,120,يط,حيط,ط
3,121,يم,ليم,م
3,122,ون,نون,ن
3,123,ون,رون,ن
3,124,ين,لين,ن
3,125,ين,مين,ن
3,126,يم,كيم,م
3,127,ين,بين,ن
3,128,ون,مون,ن
3,129,يم,حيم,م
3,130,ون,حون,ن
3,131,ين,رين,ن
3,132,ون,مون,ن
3,133,ين,قين,ن
3,134,ين,نين,ن
3,135,ون,مون,ن
3,136,ين,لين,ن
3,137,ين,بين,ن
3,138,ين,قين,ن
3,139,ين,نين,ن
3,140,ين,مين,ن
3,141,ين,رين,ن
3,142,ين,رين,ن
3,143,ون,رون,ن
3,144,ين,رين,ن
3,145,ين,رين,ن
3,146,ين,رين,ن
3,147,ين,رين,ن
3,148,ين,نين,ن
3,149,ين,رين,ن
3,150,ين,رين,ن
3,151,ين,مين,ن
3,152,ين,نين,ن
3,153,ون,لون,ن
3,154,ور,دور,ر
3,155,يم,ليم,م
3,156,ير,صير,ر
3,157,ون,عون,ن
3,158,ون,رون,ن
3,159,ين,لين,ن
3,160,ون,نون,ن
3,161,ون,مون,ن
3,162,ير,صير,ر
3,163,ون,لون,ن
3,164,ين,بين,ن
3,165,ير,دير,ر
3,166,ين,نين,ن
3,167,ون,مون,ن
3,168,ين,قين,ن
3,169,ون,قون,ن
3,170,ون,نون,ن
3,171,ين,نين,ن
3,172,يم,ظيم,م
3,173,يل,كيل,ل
3,174,يم,ظيم,م
3,175,ين,نين,ن
3,176,يم,ظيم,م
3,177,يم,ليم,م
3,178,ين,هين,ن
3,179,يم,ظيم,م
3,180,ير,بير,ر
3,181,يق,ريق,ق
3,182,يد,بيد,د
3,183,ين,قين,ن
3,184,ير,نير,ر
3,185,ور,رور,ر
3,186,ور,مور,ر
3,187,ون,رون,ن
3,188,يم,ليم,م
3,189,ير,دير,ر
3,190,بب,لبب,ب
3,191,ار,نار,ر
3,192,ار,صار,ر
3,193,ار,رار,ر
3,194,اد,عاد,د
3,195,اب,واب,ب
3,196,لد,بلد,د
3,197,اد,هاد,د
3,198,ار,رار,ر
3,199,اب,ساب,ب
3,200,ون,حون,ن
4,1,با,يبا,ا
4,2,را,يرا,ا
4,3,وا,لوا,ا
4,4,يا,ريا,ا
4,5,فا,وفا,ا
4,6,با,يبا,ا
4,7,ضا,وضا,ا
4,8,فا,وفا,ا
4,9,دا,يدا,ا
4,10,را,يرا,ا
4,11,ما,يما,ا
4,12,يم,ليم,م
4,13,يم,ظيم,م
4,14,ين,هين,ن
4,15,لا,يلا,ا
4,16,ما,يما,ا
4,17,ما,يما,ا
4,18,ما,يما,ا
4,19,را,يرا,ا
4,20,نا,ينا,ا
4,21,ظا,يظا,ا
4,22,لا,يلا,ا
4,23,ما,يما,ا
4,24,ما,يما,ا
4,25,يم,حيم,م
4,26,يم,كيم,م
4,27,ما,يما,ا
4,28,فا,يفا,ا
4,29,ما,يما,ا
4,30,را,يرا,ا
4,31,ما,يما,ا
4,32,ما,يما,ا
4,33,دا,يدا,ا
4,34,را,يرا,ا
4,35,را,يرا,ا
4,36,را,ورا,ا
4,37,نا,ينا,ا
4,38,نا,ينا,ا
4,39,ما,يما,ا
4,40,ما,يما,ا
4,41,دا,يدا,ا
4,42,ثا,يثا,ا
4,43,را,ورا,ا
4,44,يل,بيل,ل
4,45,را,يرا,ا
4,46,لا,يلا,ا
4,47,لا,ولا,ا
4,48,ما,يما,ا
4,49,لا,يلا,ا
4,50,نا,ينا,ا
4,51,لا,يلا,ا
4,52,را,يرا,ا
4,53,را,يرا,ا
4,54,ما,يما,ا
4,55,را,يرا,ا
4,56,ما,يما,ا
4,57,لا,يلا,ا
4,58,را,يرا,ا
4,59,لا,يلا,ا
4,60,دا,يدا,ا
4,61,دا,ودا,ا
4,62,قا,يقا,ا
4,63,غا,يغا,ا
4,64,ما,يما,ا
4,65,ما,يما,ا
4,66,تا,يتا,ا
4,67,ما,يما,ا
4,68,ما,يما,ا
4,69,قا,يقا,ا
4,70,ما,يما,ا
4,71,عا,يعا,ا
4,72,دا,يدا,ا
4,73,ما,يما,ا
4,74,ما,يما,ا
4,75,را,يرا,ا
4,76,فا,يفا,ا
4,77,لا,يلا,ا
4,78,ثا,يثا,ا
4,79,دا,يدا,ا
4,80,ظا,يظا,ا
4,81,لا,يلا,ا
4,82,را,يرا,ا
4,83,لا,يلا,ا
4,84,لا,يلا,ا
4,85,تا,يتا,ا
4,86,با,يبا,ا
4,87,ثا,يثا,ا
4,88,لا,يلا,ا
4,89,را,يرا,ا
4,90,لا,يلا,ا
4,91,نا,ينا,ا
4,92,ما,يما,ا
4,93,ما,يما,ا
4,94,را,يرا,ا
4,95,ما,يما,ا
4,96,ما,يما,ا
4,97,را,يرا,ا
4,98,لا,يلا,ا
4,99,را,ورا,ا
4,100,ما,يما,ا
4,101,نا,ينا,ا
4,102,نا,ينا,ا
4,103,تا,وتا,ا
4,104,ما,يما,ا
4,105,ما,يما,ا
4,106,ما,يما,ا
4,107,ما,يما,ا
4,108,طا,يطا,ا
4,109,لا,يلا,ا
4,110,ما,يما,ا
4,111,ما,يما,ا
4,112,نا,ينا,ا
4,113,ما,يما,ا
4,114,ما,يما,ا
4,115,را,يرا,ا
4,116,دا,يدا,ا
4,117,دا,يدا,ا
4,118,ضا,وضا,ا
4,119,نا,ينا,ا
4,120,را,ورا,ا
4,121,صا,يصا,ا
4,122,لا,يلا,ا
4,123,را,يرا,ا
4,124,را,يرا,ا
4,125,لا,يلا,ا
4,126,طا,يطا,ا
4,127,ما,يما,ا
4,128,را,يرا,ا
4,129,ما,يما,ا
4,130,ما,يما,ا
4,131,دا,يدا,ا
4,132,لا,يلا,ا
4,133,را,يرا,ا
4,134,را,يرا,ا
4,135,را,يرا,ا
4,136,دا,يدا,ا
4,137,لا,يلا,ا
4,138,ما,يما,ا
4,139,عا,يعا,ا
4,140,عا,يعا,ا
4,141,لا,يلا,ا
4,142,لا,يلا,ا
4,143,لا,يلا,ا
4,144,نا,ينا,ا
4,145,را,يرا,ا
4,146,ما,يما,ا
4,147,ما,يما,ا
4,148,ما,يما,ا
4,149,را,يرا,ا
4,150,لا,يلا,ا
4,151,نا,ينا,ا
4,152,ما,يما,ا
4,153,نا,ينا,ا
4,154,ظا,يظا,ا
4,155,لا,يلا,ا
4,156,ما,يما,ا
4,157,نا,ينا,ا
4,158,ما,يما,ا
4,159,دا,يدا,ا
4,160,را,يرا,ا
4,161,ما,يما,ا
4,162,ما,يما,ا
4,163,را,ورا,ا
4,164,ما,يما,ا
4,165,ما,يما,ا
4,166,دا,يدا,ا
4,167,دا,يدا,ا
4,168,قا,يقا,ا
4,169,را,يرا,ا
4,170,ما,يما,ا
4,171,لا,يلا,ا
4,172,عا,يعا,ا
4,173,را,يرا,ا
4,174,نا,ينا,ا
4,175,ما,يما,ا
4,176,يم,ليم,م
5,1,يد,ريد,د
5,2,اب,قاب,ب
5,3,يم,حيم,م
5,4,اب,ساب,ب
5,5,ين,رين,ن
5,6,ون,رون,ن
5,7,ور,دور,ر
5,8,ون,لون,ن
5,9,يم,ظيم,م
5,10,يم,حيم,م
5,11,ون,نون,ن
5,12,يل,بيل,ل
5,13,ين,نين,ن
5,14,ون,عون,ن
5,15,ين,بين,ن
5,16,يم,قيم,م
5,17,ير,دير,ر
5,18,ير,صير,ر
5,19,ير,دير,ر
5,20,ين,مين,ن
5,21,ين,رين,ن
5,22,ون,لون,ن
5,23,ين,نين,ن
5,24,ون,دون,ن
5,25,ين,قين,ن
5,26,ين,قين,ن
5,27,ين,قين,ن
5,28,ين,مين,ن
5,29,ين,مين,ن
5,30,ين,رين,ن
5,31,ين,مين,ن
5,32,ون,فون,ن
5,33,يم,ظيم,م
5,34,يم,حيم,م
5,35,ون,حون,ن
5,36,يم,ليم,م
5,37,يم,قيم,م
5,38,يم,كيم,م
5,39,يم,حيم,م
5,40,ير,دير,ر
5,41,يم,ظيم,م
5,42,ين,طين,ن
5,43,ين,نين,ن
5,44,ون,رون,ن
5,45,ون,مون,ن
5,46,ين,قين,ن
5,47,ون,قون,ن
5,48,ون,فون,ن
5,49,ون,قون,ن
5,50,ون,نون,ن
5,51,ين,مين,ن
5,52,ين,مين,ن
5,53,ين,رين,ن
5,54,يم,ليم,م
5,55,ون,عون,ن
5,56,ون,بون,ن
5,57,ين,نين,ن
5,58,ون,لون,ن
5,59,ون,قون,ن
5,60,يل,بيل,ل
5,61,ون,مون,ن
5,62,ون,لون,ن
5,63,ون,عون,ن
5,64,ين,دين,ن
5,65,يم,عيم,م
5,66,ون,لون,ن
5,67,ين,رين,ن
5,68,ين,رين,ن
5,69,ون,نون,ن
5,70,ون,لون,ن
5,71,ون,لون,ن
5,72,ار,صار,ر
5,73,يم,ليم,م
5,74,يم,حيم,م
5,75,ون,كون,ن
5,76,يم,ليم,م
5,77,يل,بيل,ل
5,78,ون,دون,ن
5,79,ون,لون,ن
5,80,ون,دون,ن
5,81,ون,قون,ن
5,82,ون,رون,ن
5,83,ين,دين,ن
5,84,ين,حين,ن
5,85,ين,نين,ن
5,86,يم,حيم,م
5,87,ين,دين,ن
5,88,ون,نون,ن
5,89,ون,رون,ن
5,90,ون,حون,ن
5,91,ون,هون,ن
5,92,ين,بين,ن
5,93,ين,نين,ن
5,94,يم,ليم,م
5,95,ام,قام,م
5,96,ون,رون,ن
5,97,يم,ليم,م
5,98,يم,حيم,م
5,99,ون,مون,ن
5,100,ون,حون,ن
5,101,يم,ليم,م
5,102,ين,رين,ن
5,103,ون,لون,ن
5,104,ون,دون,ن
5,105,ون,لون,ن
5,106,ين,مين,ن
5,107,ين,مين,ن
5,108,ين,قين,ن
5,109,وب,يوب,ب
5,110,ين,بين,ن
5,111,ون,مون,ن
5,112,ين,نين,ن
5,113,ين,دين,ن
5,114,ين,قين,ن
5,115,ين,مين,ن
5,116,وب,يوب,ب
5,117,يد,هيد,د
5,118,يم,كيم,م
5,119,يم,ظيم,م
5,120,ير,دير,ر
6,1,ون,لون,ن
6,2,ون,رون,ن
6,3,ون,بون,ن
6,4,ين,ضين,ن
6,5,ون,ءون,ن
6,6,ين,رين,ن
6,7,ين,بين,ن
6,8,ون,رون,ن
6,9,ون,سون,ن
6,10,ون,ءون,ن
6,11,ين,بين,ن
6,12,ون,نون,ن
6,13,يم,ليم,م
6,14,ين,كين,ن
6,15,يم,ظيم,م
6,16,ين,بين,ن
6,17,ير,دير,ر
6,18,ير,بير,ر
6,19,ون,كون,ن
6,20,ون,نون,ن
6,21,ون,مون,ن
6,22,ون,مون,ن
6,23,ين,كين,ن
6,24,ون,رون,ن
6,25,ين,لين,ن
6,26,ون,رون,ن
6,27,ين,نين,ن
6,28,ون,بون,ن
6,29,ين,ثين,ن
6,30,ون,رون,ن
6,31,ون,رون,ن
6,32,ون,لون,ن
6,33,ون,دون,ن
6,34,ين,لين,ن
6,35,ين,لين,ن
6,36,ون,عون,ن
6,37,ون,مون,ن
6,38,ون,رون,ن
6,39,يم,قيم,م
6,40,ين,قين,ن
6,41,ون,كون,ن
6,42,ون,عون,ن
6,43,ون,لون,ن
6,44,ون,سون,ن
6,45,ين,مين,ن
6,46,ون,فون,ن
6,47,ون,مون,ن
6,48,ون,نون,ن
6,49,ون,قون,ن
6,50,ون,رون,ن
6,51,ون,قون,ن
6,52,ين,مين,ن
6,53,ين,رين,ن
6,54,يم,حيم,م
6,55,ين,مين,ن
6,56,ين,دين,ن
6,57,ين,لين,ن
6,58,ين,مين,ن
6,59,ين,بين,ن
6,60,ون,لون,ن
6,61,ون,طون,ن
6,62,ين,بين,ن
6,63,ين,رين,ن
6,64,ون,كون,ن
6,65,ون,هون,ن
6,66,يل,كيل,ل
6,67,ون,مون,ن
6,68,ين,مين,ن
6,69,ون,قون,ن
6,70,ون,رون,ن
6,71,ين,مين,ن
6,72,ون,رون,ن
6,73,ير,بير,ر
6,74,ين,بين,ن
6,75,ين,نين,ن
6,76,ين,لين,ن
6,77,ين,لين,ن
6,78,ون,كون,ن
6,79,ين,كين,ن
6,80,ون,رون,ن
6,81,ون,مون,ن
6,82,ون,دون,ن
6,83,يم,ليم,م
6,84,ين,نين,ن
6,85,ين,حين,ن
6,86,ين,مين,ن
6,87,يم,قيم,م
6,88,ون,لون,ن
6,89,ين,رين,ن
6,90,ين,مين,ن
6,91,ون,بون,ن
6,92,ون,ظون,ن
6,93,ون,رون,ن
6,94,ون,مون,ن
6,95,ون,كون,ن
6,96,يم,ليم,م
6,97,ون,مون,ن
6,98,ون,هون,ن
6,99,ون,نون,ن
6,100,ون,فون,ن
6,101,يم,ليم,م
6,102,يل,كيل,ل
6,103,ير,بير,ر
6,104,يظ,فيظ,ظ
6,105,ون,مون,ن
6,106,ين,كين,ن
6,107,يل,كيل,ل
6,108,ون,لون,ن
6,109,ون,نون,ن
6,110,ون,هون,ن
6,111,ون,لون,ن
6,112,ون,رون,ن
6,113,ون,فون,ن
6,114,ين,رين,ن
6,115,يم,ليم,م
6,116,ون,صون,ن
6,117,ين,دين,ن
6,118,ين,نين,ن
6,119,ين,دين,ن
6,120,ون,فون,ن
6,121,ون,كون,ن
6,122,ون,لون,ن
6,123,ون,رون,ن
6,124,ون,رون,ن
6,125,ون,نون,ن
6,126,ون,رون,ن
6,127,ون,لون,ن
6,128,يم,ليم,م
6,129,ون,بون,ن
6,130,ين,رين,ن
6,131,ون,لون,ن
6,132,ون,لون,ن
6,133,ين,رين,ن
6,134,ين,زين,ن
6,135,ون,مون,ن
6,136,ون,مون,ن
6,137,ون,رون,ن
6,138,ون,رون,ن
6,139,يم,ليم,م
6,140,ين,دين,ن
6,141,ين,فين,ن
6,142,ين,بين,ن
6,143,ين,قين,ن
6,144,ين,مين,ن
6,145,يم,حيم,م
6,146,ون,قون,ن
6,147,ين,مين,ن
6,148,ون,صون,ن
6,149,ين,عين,ن
6,150,ون,لون,ن
6,151,ون,لون,ن
6,152,ون,رون,ن
6,153,ون,قون,ن
6,154,ون,نون,ن
6,155,ون,مون,ن
6,156,ين,لين,ن
6,157,ون,فون,ن
6,158,ون,رون,ن
6,159,ون,لون,ن
6,160,ون,مون,ن
6,161,ين,كين,ن
6,162,ين,مين,ن
6,163,ين,مين,ن
6,164,ون,فون,ن
6,165,يم,حيم,م
7,1,مص,لمص,ص
7,2,ين,نين,ن
7,3,ون,رون,ن
7,4,ون,لون,ن
7,5,ين,مين,ن
7,6,ين,لين,ن
7,7,ين,بين,ن
7,8,ون,حون,ن
7,9,ون,مون,ن
7,10,ون,رون,ن
7,11,ين,دين,ن
7,12,ين,طين,ن
7,13,ين,رين,ن
7,14,ون,ثون,ن
7,15,ين,رين,ن
7,16,يم,قيم,م
7,17,ين,رين,ن
7,18,ين,عين,ن
7,19,ين,مين,ن
7,20,ين,دين,ن
7,21,ين,حين,ن
7,22,ين,بين,ن
7,23,ين,رين,ن
7,24,ين,حين,ن
7,25,ون,جون,ن
7,26,ون,رون,ن
7,27,ون,نون,ن
7,28,ون,مون,ن
7,29,ون,دون,ن
7,30,ون,دون,ن
7,31,ين,فين,ن
7,32,ون,مون,ن
7,33,ون,مون,ن
7,34,ون,مون,ن
7,35,ون,نون,ن
7,36,ون,دون,ن
7,37,ين,رين,ن
7,38,ون,مون,ن
7,39,ون,بون,ن
7,40,ين,مين,ن
7,41,ين,مين,ن
7,42,ون,دون,ن
7,43,ون,لون,ن
7,44,ين,مين,ن
7,45,ون,رون,ن
7,46,ون,عون,ن
7,47,ين,مين,ن
7,48,ون,رون,ن
7,49,ون,نون,ن
7,50,ين,رين,ن
7,51,ون,دون,ن
7,52,ون,نون,ن
7,53,ون,رون,ن
7,54,ين,مين,ن
7,55,ين,دين,ن
7,56,ين,نين,ن
7,57,ون,رون,ن
7,58,ون,رون,ن
7,59,يم,ظيم,م
7,60,ين,بين,ن
7,61,ين,مين,ن
7,62,ون,مون,ن
7,63,ون,مون,ن
7,64,ين,مين,ن
7,65,ون,قون,ن
7,66,ين,بين,ن
7,67,ين,مين,ن
7,68,ين,مين,ن
7,69,ون,حون,ن
7,70,ين,قين,ن
7,71,ين,رين,ن
7,72,ين,نين,ن
7,73,يم,ليم,م
7,74,ين,دين,ن
7,75,ون,نون,ن
7,76,ون,رون,ن
7,77,ين,لين,ن
7,78,ين,مين,ن
7,79,ين,حين,ن
7,80,ين,مين,ن
7,81,ون,فون,ن
7,82,ون,رون,ن
7,83,ين,رين,ن
7,84,ين,مين,ن
7,85,ين,نين,ن
7,86,ين,دين,ن
7,87,ين,مين,ن
7,88,ين,هين,ن
7,89,ين,حين,ن
7,90,ون,رون,ن
7,91,ين,مين,ن
7,92,ين,رين,ن
7,93,ين,رين,ن
7,94,ون,عون,ن
7,95,ون,رون,ن
7,96,ون,بون,ن
7,97,ون,مون,ن
7,98,ون,بون,ن
7,99,ون,رون,ن
7,100,ون,عون,ن
7,101,ين,رين,ن
7,102,ين,قين,ن
7,103,ين,دين,ن
7,104,ين,مين,ن
7,105,يل,ءيل,ل
7,106,ين,قين,ن
7,107,ين,بين,ن
7,108,ين,رين,ن
7,109,يم,ليم,م
7,110,ون,رون,ن
7,111,ين,رين,ن
7,112,يم,ليم,م
7,113,ين,بين,ن
7,114,ين,بين,ن
7,115,ين,قين,ن
7,116,يم,ظيم,م
7,117,ون,كون,ن
7,118,ون,لون,ن
7,119,ين,رين,ن
7,120,ين,دين,ن
7,121,ين,مين,ن
7,122,ون,رون,ن
7,123,ون,مون,ن
7,124,ين,عين,ن
7,125,ون,بون,ن
7,126,ين,مين,ن
7,127,ون,رون,ن
7,128,ين,قين,ن
7,129,ون,لون,ن
7,130,ون,رون,ن
7,131,ون,مون,ن
7,132,ين,نين,ن
7,133,ين,مين,ن
7,134,يل,ءيل,ل
7,135,ون,ثون,ن
7,136,ين,لين,ن
7,137,ون,شون,ن
7,138,ون,لون,ن
7,139,ون,لون,ن
7,140,ين,مين,ن
7,141,يم,ظيم,م
7,142,ين,دين,ن
7,143,ين,نين,ن
7,144,ين,رين,ن
7,145,ين,قين,ن
7,146,ين,لين,ن
7,147,ون,لون,ن
7,148,ين,مين,ن
7,149,ين,رين,ن
7,150,ين,مين,ن
7,151,ين,مين,ن
7,152,ين,رين,ن
7,153,يم,حيم,م
7,154,ون,بون,ن
7,155,ين,رين,ن
7,156,ون,نون,ن
7,157,ون,حون,ن
7,158,ون,دون,ن
7,159,ون,لون,ن
7,160,ون,مون,ن
7,161,ين,نين,ن
7,162,ون,مون,ن
7,163,ون,قون,ن
7,164,ون,قون,ن
7,165,ون,قون,ن
7,166,ين,سين,ن
7,167,يم,حيم,م
7,168,ون,عون,ن
7,169,ون,لون,ن
7,170,ين,حين,ن
7,171,ون,قون,ن
7,172,ين,لين,ن
7,173,ون,لون,ن
7,174,ون,عون,ن
7,175,ين,وين,ن
7,176,ون,رون,ن
7,177,ون,مون,ن
7,178,ون,رون,ن
7,179,ون,لون,ن
7,180,ون,لون,ن
7,181,ون,لون,ن
7,182,ون,مون,ن
7,183,ين,تين,ن
7,184,ين,بين,ن
7,185,ون,نون,ن
7,186,ون,هون,ن
7,187,ون,مون,ن
7,188,ون,نون,ن
7,189,ين,رين,ن
7,190,ون,كون,ن
7,191,ون,قون,ن
7,192,ون,رون,ن
7,193,ون,تون,ن
7,194,ين,قين,ن
7,195,ون,رون,ن
7,196,ين,حين,ن
7,197,ون,رون,ن
7,198,ون,رون,ن
7,199,ين,لين,ن
7,200,يم,ليم,م
7,201,ون,رون,ن
7,202,ون,رون,ن
7,203,ون,نون,ن
7,204,ون,مون,ن
7,205,ين,لين,ن
7,206,ون,دون,ن
8,1,ين,نين,ن
8,2,ون,لون,ن
8,3,ون,قون,ن
8,4,يم,ريم,م
8,5,ون,هون,ن
8,6,ون,رون,ن
8,7,ين,رين,ن
8,8,ون,مون,ن
8,9,ين,فين,ن
8,10,يم,كيم,م
8,11,ام,دام,م
8,12,ان,نان,ن
8,13,اب,قاب,ب
8,14,ار,نار,ر
8,15,ار,بار,ر
8,16,ير,صير,ر
8,17,يم,ليم,م
8,18,ين,رين,ن
8,19,ين,نين,ن
8,20,ون,عون,ن
8,21,ون,عون,ن
8,22,ون,لون,ن
8,23,ون,ضون,ن
8,24,ون,رون,ن
8,25,اب,قاب,ب
8,26,ون,رون,ن
8,27,ون,مون,ن
8,28,يم,ظيم,م
8,29,يم,ظيم,م
8,30,ين,رين,ن
8,31,ين,لين,ن
8,32,يم,ليم,م
8,33,ون,رون,ن
8,34,ون,مون,ن
8,35,ون,رون,ن
8,36,ون,رون,ن
8,37,ون,رون,ن
8,38,ين,لين,ن
8,39,ير,صير,ر
8,40,ير,صير,ر
8,41,ير,دير,ر
8,42,يم,ليم,م
8,43,ور,دور,ر
8,44,ور,مور,ر
8,45,ون,حون,ن
8,46,ين,رين,ن
8,47,يط,حيط,ط
8,48,اب,قاب,ب
8,49,يم,كيم,م
8,50,يق,ريق,ق
8,51,يد,بيد,د
8,52,اب,قاب,ب
8,53,يم,ليم,م
8,54,ين,مين,ن
8,55,ون,نون,ن
8,56,ون,قون,ن
8,57,ون,رون,ن
8,58,ين,نين,ن
8,59,ون,زون,ن
8,60,ون,مون,ن
8,61,يم,ليم,م
8,62,ين,نين,ن
8,63,يم,كيم,م
8,64,ين,نين,ن
8,65,ون,هون,ن
8,66,ين,رين,ن
8,67,يم,كيم,م
8,68,يم,ظيم,م
8,69,يم,حيم,م
8,70,يم,حيم,م
8,71,يم,كيم,م
8,72,ير,صير,ر
8,73,ير,بير,ر
8,74,يم,ريم,م
8,75,يم,ليم,م
9,1,ين,كين,ن
9,2,ين,رين,ن
9,3,يم,ليم,م
9,4,ين,قين,ن
9,5,يم,حيم,م
9,6,ون,مون,ن
9,7,ين,قين,ن
9,8,ون,قون,ن
9,9,ون,لون,ن
9,10,ون,دون,ن
9,11,ون,مون,ن
9,12,ون,هون,ن
9,13,ين,نين,ن
9,14,ين,نين,ن
9,15,يم,كيم,م
9,16,ون,لون,ن
9,17,ون,دون,ن
9,18,ين,دين,ن
9,19,ين,مين,ن
9,20,ون,زون,ن
9,21,يم,قيم,م
9,22,يم,ظيم,م
9,23,ون,مون,ن
9,24,ين,قين,ن
9,25,ين,رين,ن
9,26,ين,رين,ن
9,27,يم,حيم,م
9,28,يم,كيم,م
9,29,ون,رون,ن
9,30,ون,كون,ن
9,31,ون,كون,ن
9,32,ون,رون,ن
9,33,ون,كون,ن
9,34,يم,ليم,م
9,35,ون,زون,ن
9,36,ين,قين,ن
9,37,ين,رين,ن
9,38,يل,ليل,ل
9,39,ير,دير,ر
9,40,يم,كيم,م
9,41,ون,مون,ن
9,42,ون,بون,ن
9,43,ين,بين,ن
9,44,ين,قين,ن
9,45,ون,دون,ن
9,46,ين,دين,ن
9,47,ين,مين,ن
9,48,ون,هون,ن
9,49,ين,رين,ن
9,50,ون,حون,ن
9,51,ون,نون,ن
9,52,ون,صون,ن
9,53,ين,قين,ن
9,54,ون,هون,ن
9,55,ون,رون,ن
9,56,ون,قون,ن
9,57,ون,حون,ن
9,58,ون,طون,ن
9,59,ون,بون,ن
9,60,يم,كيم,م
9,61,يم,ليم,م
9,62,ين,نين,ن
9,63,يم,ظيم,م
9,64,ون,رون,ن
9,65,ون,ءون,ن
9,66,ين,مين,ن
9,67,ون,قون,ن
9,68,يم,قيم,م
9,69,ون,رون,ن
9,70,ون,مون,ن
9,71,يم,كيم,م
9,72,يم,ظيم,م
9,73,ير,صير,ر
9,74,ير,صير,ر
9,75,ين,حين,ن
9,76,ون,ضون,ن
9,77,ون,بون,ن
9,78,وب,يوب,ب
9,79,يم,ليم,م
9,80,ين,قين,ن
9,81,ون,هون,ن
9,82,ون,بون,ن
9,83,ين,فين,ن
9,84,ون,قون,ن
9,85,ون,رون,ن
9,86,ين,دين,ن
9,87,ون,هون,ن
9,88,ون,حون,ن
9,89,يم,ظيم,م
9,90,يم,ليم,م
9,91,يم,حيم,م
9,92,ون,قون,ن
9,93,ون,مون,ن
9,94,ون,لون,ن
9,95,ون,بون,ن
9,96,ين,قين,ن
9,97,يم,كيم,م
9,98,يم,ليم,م
9,99,يم,حيم,م
9,100,يم,ظيم,م
9,101,يم,ظيم,م
9,102,يم,حيم,م
9,103,يم,ليم,م
9,104,يم,حيم,م
9,105,ون,لون,ن
9,106,يم,كيم,م
9,107,ون,بون,ن
9,108,ين,رين,ن
9,109,ين,مين,ن
9,110,يم,كيم,م
9,111,يم,ظيم,م
9,112,ين,نين,ن
9,113,يم,حيم,م
9,114,يم,ليم,م
9,115,يم,ليم,م
9,116,ير,صير,ر
9,117,يم,حيم,م
9,118,يم,حيم,م
9,119,ين,قين,ن
9,120,ين,نين,ن
9,121,ون,لون,ن
9,122,ون,رون,ن
9,123,ين,قين,ن
9,124,ون,رون,ن
9,125,ون,رون,ن
9,126,ون,رون,ن
9,127,ون,هون,ن
9,128,يم,حيم,م
9,129,يم,ظيم,م
10,1,يم,كيم,م
10,2,ين,بين,ن
10,3,ون,رون,ن
10,4,ون,رون,ن
10,5,ون,مون,ن
10,6,ون,قون,ن
10,7,ون,لون,ن
10,8,ون,بون,ن
10,9,يم,عيم,م
10,10,ين,مين,ن
10,11,ون,هون,ن
10,12,ون,لون,ن
10,13,ين,مين,ن
10,14,ون,لون,ن
10,15,يم,ظيم,م
10,16,ون,لون,ن
10,17,ون,مون,ن
10,18,ون,كون,ن
10,19,ون,فون,ن
10,20,ين,رين,ن
10,21,ون,رون,ن
10,22,ين,رين,ن
10,23,ون,لون,ن
10,24,ون,رون,ن
10,25,يم,قيم,م
10,26,ون,دون,ن
10,27,ون,دون,ن
10,28,ون,دون,ن
10,29,ين,لين,ن
10,30,ون,رون,ن
10,31,ون,قون,ن
10,32,ون,فون,ن
10,33,ون,نون,ن
10,34,ون,كون,ن
10,35,ون,مون,ن
10,36,ون,لون,ن
10,37,ين,مين,ن
10,38,ين,قين,ن
10,39,ين,مين,ن
10,40,ين,دين,ن
10,41,ون,لون,ن
10,42,ون,لون,ن
10,43,ون,رون,ن
10,44,ون,مون,ن
10,45,ين,دين,ن
10,46,ون,لون,ن
10,47,ون,مون,ن
10,48,ين,قين,ن
10,49,ون,مون,ن
10,50,ون,مون,ن
10,51,ون,لون,ن
10,52,ون,بون,ن
10,53,ين,زين,ن
10,54,ون,مون,ن
10,55,ون,مون,ن
10,56,ون,عون,ن
10,57,ين,نين,ن
10,58,ون,عون,ن
10,59,ون,رون,ن
10,60,ون,رون,ن
10,61,ين,بين,ن
10,62,ون,نون,ن
10,63,ون,قون,ن
10,64,يم,ظيم,م
10,65,يم,ليم,م
10,66,ون,صون,ن
10,67,ون,عون,ن
10,68,ون,مون,ن
10,69,ون,حون,ن
10,70,ون,رون,ن
10,71,ون,رون,ن
10,72,ين,مين,ن
10,73,ين,رين,ن
10,74,ين,دين,ن
10,75,ين,مين,ن
10,76,ين,بين,ن
10,77,ون,رون,ن
10,78,ين,نين,ن
10,79,يم,ليم,م
10,80,ون,قون,ن
10,81,ين,دين,ن
10,82,ون,مون,ن
10,83,ين,فين,ن
10,84,ين,مين,ن
10,85,ين,مين,ن
10,86,ين,رين,ن
10,87,ين,نين,ن
10,88,يم,ليم,م
10,89,ون,مون,ن
10,90,ين,مين,ن
10,91,ين,دين,ن
10,92,ون,لون,ن
10,93,ون,فون,ن
10,94,ين,رين,ن
10,95,ين,رين,ن
10,96,ون,نون,ن
10,97,يم,ليم,م
10,98,ين,حين,ن
10,99,ين,نين,ن
10,100,ون,لون,ن
10,101,ون,نون,ن
10,102,ين,رين,ن
10,103,ين,نين,ن
10,104,ين,نين,ن
10,105,ين,كين,ن
10,106,ين,مين,ن
10,107,يم,حيم,م
10,108,يل,كيل,ل
10,109,ين,مين,ن
11,1,ير,بير,ر
11,2,ير,شير,ر
11,3,ير,بير,ر
11,4,ير,دير,ر
11,5,ور,دور,ر
11,6,ين,بين,ن
11,7,ين,بين,ن
11,8,ون,ءون,ن
11,9,ور,فور,ر
11,10,ور,خور,ر
11,11,ير,بير,ر
11,12,يل,كيل,ل
11,13,ين,قين,ن
11,14,ون,مون,ن
11,15,ون,سون,ن
11,16,ون,لون,ن
11,17,ون,نون,ن
11,18,ين,مين,ن
11,19,ون,رون,ن
11,20,ون,رون,ن
11,21,ون,رون,ن
11,22,ون,رون,ن
11,23,ون,دون,ن
11,24,ون,رون,ن
11,25,ين,بين,ن
11,26,يم,ليم,م
11,27,ين,بين,ن
11,28,ون,هون,ن
11,29,ون,لون,ن
11,30,ون,رون,ن
11,31,ين,مين,ن
11,32,ين,قين,ن
11,33,ين,زين,ن
11,34,ون,عون,ن
11,35,ون,مون,ن
11,36,ون,لون,ن
11,37,ون,قون,ن
11,38,ون,رون,ن
11,39,يم,قيم,م
11,40,يل,ليل,ل
11,41,يم,حيم,م
11,42,ين,رين,ن
11,43,ين,قين,ن
11,44,ين,مين,ن
11,45,ين,مين,ن
11,46,ين,لين,ن
11,47,ين,رين,ن
11,48,يم,ليم,م
11,49,ين,قين,ن
11,50,ون,رون,ن
11,51,ون,لون,ن
11,52,ين,مين,ن
11,53,ين,نين,ن
11,54,ون,كون,ن
11,55,ون,رون,ن
11,56,يم,قيم,م
11,57,يظ,فيظ,ظ
11,58,يظ,ليظ,ظ
11,59,يد,نيد,د
11,60,ود,هود,د
11,61,يب,جيب,ب
11,62,يب,ريب,ب
11,63,ير,سير,ر
11,64,يب,ريب,ب
11,65,وب,ذوب,ب
11,66,يز,زيز,ز
11,67,ين,مين,ن
11,68,ود,مود,د
11,69,يذ,نيذ,ذ
11,70,وط,لوط,ط
11,71,وب,قوب,ب
11,72,يب,جيب,ب
11,73,يد,جيد,د
11,74,وط,لوط,ط
11,75,يب,نيب,ب
11,76,ود,دود,د
11,77,يب,صيب,ب
11,78,يد,شيد,د
11,79,يد,ريد,د
11,80,يد,ديد,د
11,81,يب,ريب,ب
11,82,ود,ضود,د
11,83,يد,عيد,د
11,84,يط,حيط,ط
11,85,ين,دين,ن
11,86,يظ,فيظ,ظ
11,87,يد,شيد,د
11,88,يب,نيب,ب
11,89,يد,عيد,د
11,90,ود,دود,د
11,91,يز,زيز,ز
11,92,يط,حيط,ط
11,93,يب,قيب,ب
11,94,ين,مين,ن
11,95,ود,مود,د
11,96,ين,بين,ن
11,97,يد,شيد,د
11,98,ود,رود,د
11,99,ود,فود,د
11,100,يد,صيد,د
11,101,يب,بيب,ب
11,102,يد,ديد,د
11,103,ود,هود,د
11,104,ود,دود,د
11,105,يد,عيد,د
11,106,يق,هيق,ق
11,107,يد,ريد,د
11,108,وذ,ذوذ,ذ
11,109,وص,قوص,ص
11,110,يب,ريب,ب
11,111,ير,بير,ر
11,112,ير,صير,ر
11,113,ون,رون,ن
11,114,ين,رين,ن
11,115,ين,نين,ن
11,116,ين,مين,ن
11,117,ون,حون,ن
11,118,ين,فين,ن
11,119,ين,عين,ن
11,120,ين,نين,ن
11,121,ون,لون,ن
11,122,ون,رون,ن
11,123,ون,لون,ن
12,1,ين,بين,ن
12,2,ون,لون,ن
12,3,ين,لين,ن
12,4,ين,دين,ن
12,5,ين,بين,ن
12,6,يم,كيم,م
12,7,ين,لين,ن
12,8,ين,بين,ن
12,9,ين,حين,ن
12,10,ين,لين,ن
12,11,ون,حون,ن
12,12,ون,ظون,ن
12,13,ون,لون,ن
12,14,ون,رون,ن
12,15,ون,رون,ن
12,16,ون,كون,ن
12,17,ين,قين,ن
12,18,ون,فون,ن
12,19,ون,لون,ن
12,20,ين,دين,ن
12,21,ون,مون,ن
12,22,ين,نين,ن
12,23,ون,مون,ن
12,24,ين,صين,ن
12,25,يم,ليم,م
12,26,ين,بين,ن
12,27,ين,قين,ن
12,28,يم,ظيم,م
12,29,ين,طين,ن
12,30,ين,بين,ن
12,31,يم,ريم,م
12,32,ين,رين,ن
12,33,ين,لين,ن
12,34,يم,ليم,م
12,35,ين,حين,ن
12,36,ين,نين,ن
12,37,ون,رون,ن
12,38,ون,رون,ن
12,39,ار,هار,ر
12,40,ون,مون,ن
12,41,ان,يان,ن
12,42,ين,نين,ن
12,43,ون,رون,ن
12,44,ين,مين,ن
12,45,ون,لون,ن
12,46,ون,مون,ن
12,47,ون,لون,ن
12,48,ون,نون,ن
12,49,ون,رون,ن
12,50,يم,ليم,م
12,51,ين,قين,ن
12,52,ين,نين,ن
12,53,يم,حيم,م
12,54,ين,مين,ن
12,55,يم,ليم,م
12,56,ين,نين,ن
12,57,ون,قون,ن
12,58,ون,رون,ن
12,59,ين,لين,ن
12,60,ون,بون,ن
12,61,ون,لون,ن
12,62,ون,عون,ن
12,63,ون,ظون,ن
12,64,ين,مين,ن
12,65,ير,سير,ر
12,66,يل,كيل,ل
12,67,ون,لون,ن
12,68,ون,مون,ن
12,69,ون,لون,ن
12,70,ون,قون,ن
12,71,ون,دون,ن
12,72,يم,عيم,م
12,73,ين,قين,ن
12,74,ين,بين,ن
12,75,ين,مين,ن
12,76,يم,ليم,م
12,77,ون,فون,ن
12,78,ين,نين,ن
12,79,ون,مون,ن
12,80,ين,مين,ن
12,81,ين,ظين,ن
12,82,ون,قون,ن
12,83,يم,كيم,م
12,84,يم,ظيم,م
12,85,ين,كين,ن
12,86,ون,مون,ن
12,87,ون,رون,ن
12,88,ين,قين,ن
12,89,ون,لون,ن
12,90,ين,نين,ن
12,91,ين,طين,ن
12,92,ين,مين,ن
12,93,ين,عين,ن
12,94,ون,دون,ن
12,95,يم,ديم,م
12,96,ون,مون,ن
12,97,ين,طين,ن
12,98,يم,حيم,م
12,99,ين,نين,ن
12,100,يم,كيم,م
12,101,ين,حين,ن
12,102,ون,رون,ن
12,103,ين,نين,ن
12,104,ين,مين,ن
12,105,ون,ضون,ن
12,106,ون,كون,ن
12,107,ون,رون,ن
12,108,ين,كين,ن
12,109,ون,لون,ن
12,110,ين,مين,ن
12,111,ون,نون,ن
13,1,ون,نون,ن
13,2,ون,نون,ن
13,3,ون,رون,ن
13,4,ون,لون,ن
13,5,ون,دون,ن
13,6,اب,قاب,ب
13,7,اد,هاد,د
13,8,ار,دار,ر
13,9,ال,عال,ل
13,10,ار,هار,ر
13,11,ال,وال,ل
13,12,ال,قال,ل
13,13,ال,حال,ل
13,14,لل,ضلل,ل
13,15,ال,صال,ل
13,16,هر,قهر,ر
13,17,ال,ثال,ل
13,18,اد,هاد,د
13,19,بب,لبب,ب
13,20,ثق,يثق,ق
13,21,اب,ساب,ب
13,22,ار,دار,ر
13,23,اب,باب,ب
13,24,ار,دار,ر
13,25,ار,دار,ر
13,26,تع,متع,ع
13,27,اب,ناب,ب
13,28,وب,لوب,ب
13,29,اب,ماب,ب
13,30,اب,تاب,ب
13,31,اد,عاد,د
13,32,اب,قاب,ب
13,33,اد,هاد,د
13,34,اق,واق,ق
13,35,ار,نار,ر
13,36,اب,ماب,ب
13,37,اق,واق,ق
13,38,اب,تاب,ب
13,39,تب,كتب,ب
13,40,اب,ساب,ب
13,41,اب,ساب,ب
13,42,ار,دار,ر
13,43,تب,كتب,ب
14,1,يد,ميد,د
14,2,يد,ديد,د
14,3,يد,عيد,د
14,4,يم,كيم,م
14,5,ور,كور,ر
14,6,يم,ظيم,م
14,7,يد,ديد,د
14,8,يد,ميد,د
14,9,يب,ريب,ب
14,10,ين,بين,ن
14,11,ون,نون,ن
14,12,ون,لون,ن
14,13,ين,مين,ن
14,14,يد,عيد,د
14,15,يد,نيد,د
14,16,يد,ديد,د
14,17,يظ,ليظ,ظ
14,18,يد,عيد,د
14,19,يد,ديد,د
14,20,يز,زيز,ز
14,21,يص,حيص,ص
14,22,يم,ليم,م
14,23,لم,سلم,م
14,24,اء,ماء,ء
14,25,ون,رون,ن
14,26,ار,رار,ر
14,27,اء,شاء,ء
14,28,ار,وار,ر
14,29,ار,رار,ر
14,30,ار,نار,ر
14,31,لل,خلل,ل
14,32,هر,نهر,ر
14,33,ار,هار,ر
14,34,ار,فار,ر
14,35,ام,نام,م
14,36,يم,حيم,م
14,37,ون,رون,ن
14,38,اء,ماء,ء
14,39,اء,عاء,ء
14,40,اء,عاء,ء
14,41,اب,ساب,ب
14,42,صر,بصر,ر
14,43,اء,واء,ء
14,44,ال,وال,ل
14,45,ال,ثال,ل
14,46,ال,بال,ل
14,47,ام,قام,م
14,48,ار,هار,ر
14,49,اد,فاد,د
14,50,ار,نار,ر
14,51,اب,ساب,ب
14,52,بب,لبب,ب
15,1,ين,بين,ن
15,2,ين,مين,ن
15,3,ون,مون,ن
15,4,وم,لوم,م
15,5,ون,رون,ن
15,6,ون,نون,ن
15,7,ين,قين,ن
15,8,ين,رين,ن
15,9,ون,ظون,ن
15,10,ين,لين,ن
15,11,ون,ءون,ن
15,12,ين,مين,ن
15,13,ين,لين,ن
15,14,ون,جون,ن
15,15,ون,رون,ن
15,16,ين,رين,ن
15,17,يم,جيم,م
15,18,ين,بين,ن
15,19,ون,زون,ن
15,20,ين,قين,ن
15,21,وم,لوم,م
15,22,ين,نين,ن
15,23,ون,ثون,ن
15,24,ين,رين,ن
15,25,يم,ليم,م
15,26,ون,نون,ن
15,27,وم,موم,م
15,28,ون,نون,ن
15,29,ين,دين,ن
15,30,ون,عون,ن
15,31,ين,دين,ن
15,32,ين,دين,ن
15,33,ون,نون,ن
15,34,يم,جيم,م
15,35,ين,دين,ن
15,36,ون,ثون,ن
15,37,ين,رين,ن
15,38,وم,لوم,م
15,39,ين,عين,ن
15,40,ين,صين,ن
15,41,يم,قيم,م
15,42,ين,وين,ن
15,43,ين,عين,ن
15,44,وم,سوم,م
15,45,ون,يون,ن
15,46,ين,نين,ن
15,47,ين,لين,ن
15,48,ين,جين,ن
15,49,يم,حيم,م
15,50,يم,ليم,م
15,51,يم,هيم,م
15,52,ون,لون,ن
15,53,يم,ليم,م
15,54,ون,رون,ن
15,55,ين,طين,ن
15,56,ون,لون,ن
15,57,ون,لون,ن
15,58,ين,مين,ن
15,59,ين,عين,ن
15,60,ين,رين,ن
15,61,ون,لون,ن
15,62,ون,رون,ن
15,63,ون,رون,ن
15,64,ون,قون,ن
15,65,ون,رون,ن
15,66,ين,حين,ن
15,67,ون,رون,ن
15,68,ون,حون,ن
15,69,ون,زون,ن
15,70,ين,مين,ن
15,71,ين,لين,ن
15,72,ون,هون,ن
15,73,ين,قين,ن
15,74,يل,جيل,ل
15,75,ين,مين,ن
15,76,يم,قيم,م
15,77,ين,نين,ن
15,78,ين,مين,ن
15,79,ين,بين,ن
15,80,ين,لين,ن
15,81,ين,ضين,ن
15,82,ين,نين,ن
15,83,ين,حين,ن
15,84,ون,بون,ن
15,85,يل,ميل,ل
15,86,يم,ليم,م
15,87,يم,ظيم,م
15,88,ين,نين,ن
15,89,ين,بين,ن
15,90,ين,مين,ن
15,91,ين,ضين,ن
15,92,ين,عين,ن
15,93,ون,لون,ن
15,94,ين,كين,ن
15,95,ين,ءين,ن
15,96,ون,مون,ن
15,97,ون,لون,ن
15,98,ين,دين,ن
15,99,ين,قين,ن
16,1,ون,كون,ن
16,2,ون,قون,ن
16,3,ون,كون,ن
16,4,ين,بين,ن
16,5,ون,لون,ن
16,6,ون,حون,ن
16,7,يم,حيم,م
16,8,ون,مون,ن
16,9,ين,عين,ن
16,10,ون,مون,ن
16,11,ون,رون,ن
16,12,ون,لون,ن
16,13,ون,رون,ن
16,14,ون,رون,ن
16,15,ون,دون,ن
16,16,ون,دون,ن
16,17,ون,رون,ن
16,18,يم,حيم,م
16,19,ون,نون,ن
16,20,ون,قون,ن
16,21,ون,ثون,ن
16,22,ون,رون,ن
16,23,ين,رين,ن
16,24,ين,لين,ن
16,25,ون,رون,ن
16,26,ون,رون,ن
16,27,ين,رين,ن
16,28,ون,لون,ن
16,29,ين,رين,ن
16,30,ين,قين,ن
16,31,ين,قين,ن
16,32,ون,لون,ن
16,33,ون,مون,ن
16,34,ون,ءون,ن
16,35,ين,بين,ن
16,36,ين,بين,ن
16,37,ين,رين,ن
16,38,ون,مون,ن
16,39,ين,بين,ن
16,40,ون,كون,ن
16,41,ون,مون,ن
16,42,ون,لون,ن
16,43,ون,مون,ن
16,44,ون,رون,ن
16,45,ون,رون,ن
16,46,ين,زين,ن
16,47,يم,حيم,م
16,48,ون,رون,ن
16,49,ون,رون,ن
16,50,ون,رون,ن
16,51,ون,بون,ن
16,52,ون,قون,ن
16,53,ون,رون,ن
16,54,ون,كون,ن
16,55,ون,مون,ن
16,56,ون,رون,ن
16,57,ون,هون,ن
16,58,يم,ظيم,م
16,59,ون,مون,ن
16,60,يم,كيم,م
16,61,ون,مون,ن
16,62,ون,طون,ن
16,63,يم,ليم,م
16,64,ون,نون,ن
16,65,ون,عون,ن
16,66,ين,بين,ن
16,67,ون,لون,ن
16,68,ون,شون,ن
16,69,ون,رون,ن
16,70,ير,دير,ر
16,71,ون,دون,ن
16,72,ون,رون,ن
16,73,ون,عون,ن
16,74,ون,مون,ن
16,75,ون,مون,ن
16,76,يم,قيم,م
16,77,ير,دير,ر
16,78,ون,رون,ن
16,79,ون,نون,ن
16,80,ين,حين,ن
16,81,ون,مون,ن
16,82,ين,بين,ن
16,83,ون,رون,ن
16,84,ون,بون,ن
16,85,ون,رون,ن
16,86,ون,بون,ن
16,87,ون,رون,ن
16,88,ون,دون,ن
16,89,ين,مين,ن
16,90,ون,رون,ن
16,91,ون,لون,ن
16,92,ون,فون,ن
16,93,ون,لون,ن
16,94,يم,ظيم,م
16,95,ون,مون,ن
16,96,ون,لون,ن
16,97,ون,لون,ن
16,98,يم,جيم,م
16,99,ون,لون,ن
16,100,ون,كون,ن
16,101,ون,مون,ن
16,102,ين,مين,ن
16,103,ين,بين,ن
16,104,يم,ليم,م
16,105,ون,بون,ن
16,106,يم,ظيم,م
16,107,ين,رين,ن
16,108,ون,لون,ن
16,109,ون,رون,ن
16,110,يم,حيم,م
16,111,ون,مون,ن
16,112,ون,عون,ن
16,113,ون,مون,ن
16,114,ون,دون,ن
16,115,يم,حيم,م
16,116,ون,حون,ن
16,117,يم,ليم,م
16,118,ون,مون,ن
16,119,يم,حيم,م
16,120,ين,كين,ن
16,121,يم,قيم,م
16,122,ين,حين,ن
16,123,ين,كين,ن
16,124,ون,فون,ن
16,125,ين,دين,ن
16,126,ين,رين,ن
16,127,ون,رون,ن
16,128,ون,نون,ن
17,1,ير,صير,ر
17,2,لا,يلا,ا
17,3,را,ورا,ا
17,4,را,يرا,ا
17,5,لا,ولا,ا
17,6,را,يرا,ا
17,7,را,يرا,ا
17,8,را,يرا,ا
17,9,را,يرا,ا
17,10,ما,يما,ا
17,11,لا,ولا,ا
17,12,لا,يلا,ا
17,13,را,ورا,ا
17,14,با,يبا,ا
17,15,لا,ولا,ا
17,16,را,يرا,ا
17,17,را,يرا,ا
17,18,را,ورا,ا
17,19,را,ورا,ا
17,20,را,ورا,ا
17,21,لا,يلا,ا
17,22,لا,ولا,ا
17,23,ما,يما,ا
17,24,را,يرا,ا
17,25,را,ورا,ا
17,26,را,يرا,ا
17,27,را,ورا,ا
17,28,را,ورا,ا
17,29,را,ورا,ا
17,30,را,يرا,ا
17,31,را,يرا,ا
17,32,لا,يلا,ا
17,33,را,ورا,ا
17,34,لا,ولا,ا
17,35,لا,يلا,ا
17,36,لا,ولا,ا
17,37,لا,ولا,ا
17,38,ها,وها,ا
17,39,را,ورا,ا
17,40,ما,يما,ا
17,41,را,ورا,ا
17,42,لا,يلا,ا
17,43,را,يرا,ا
17,44,را,ورا,ا
17,45,را,ورا,ا
17,46,را,ورا,ا
17,47,را,ورا,ا
17,48,لا,يلا,ا
17,49,دا,يدا,ا
17,50,دا,يدا,ا
17,51,با,يبا,ا
17,52,لا,يلا,ا
17,53,نا,ينا,ا
17,54,لا,يلا,ا
17,55,را,ورا,ا
17,56,لا,يلا,ا
17,57,را,ورا,ا
17,58,را,ورا,ا
17,59,فا,يفا,ا
17,60,را,يرا,ا
17,61,نا,ينا,ا
17,62,لا,يلا,ا
17,63,را,ورا,ا
17,64,را,ورا,ا
17,65,لا,يلا,ا
17,66,ما,يما,ا
17,67,را,ورا,ا
17,68,لا,يلا,ا
17,69,عا,يعا,ا
17,70,لا,يلا,ا
17,71,لا,يلا,ا
17,72,لا,يلا,ا
17,73,لا,يلا,ا
17,74,لا,يلا,ا
17,75,را,يرا,ا
17,76,لا,يلا,ا
17,77,لا,يلا,ا
17,78,دا,ودا,ا
17,79,دا,ودا,ا
17,80,را,يرا,ا
17,81,قا,وقا,ا
17,82,را,ارا,ا
17,83,سا,وسا,ا
17,84,لا,يلا,ا
17,85,لا,يلا,ا
17,86,لا,يلا,ا
17,87,را,يرا,ا
17,88,را,يرا,ا
17,89,را,ورا,ا
17,90,عا,وعا,ا
17,91,را,يرا,ا
17,92,لا,يلا,ا
17,93,لا,ولا,ا
17,94,لا,ولا,ا
17,95,لا,ولا,ا
17,96,را,يرا,ا
17,97,را,يرا,ا
17,98,دا,يدا,ا
17,99,را,ورا,ا
17,100,را,ورا,ا
17,101,را,ورا,ا
17,102,را,ورا,ا
17,103,عا,يعا,ا
17,104,فا,يفا,ا
17,105,را,يرا,ا
17,106,لا,يلا,ا
17,107,دا,جدا,ا
17,108,لا,ولا,ا
17,109,عا,وعا,ا
17,110,لا,يلا,ا
17,111,را,يرا,ا
18,1,جا,وجا,ا
18,2,نا,سنا,ا
18,3,دا,بدا,ا
18,4,دا,لدا,ا
18,5,با,ذبا,ا
18,6,فا,سفا,ا
18,7,لا,ملا,ا
18,8,زا,رزا,ا
18,9,با,جبا,ا
18,10,دا,شدا,ا
18,11,دا,ددا,ا
18,12,دا,مدا,ا
18,13,دا,هدا,ا
18,14,طا,ططا,ا
18,15,با,ذبا,ا
18,16,قا,فقا,ا
18,17,دا,شدا,ا
18,18,با,عبا,ا
18,19,دا,حدا,ا
18,20,دا,بدا,ا
18,21,دا,جدا,ا
18,22,دا,حدا,ا
18,23,دا,غدا,ا
18,24,دا,شدا,ا
18,25,عا,سعا,ا
18,26,دا,حدا,ا
18,27,دا,حدا,ا
18,28,طا,رطا,ا
18,29,قا,فقا,ا
18,30,لا,ملا,ا
18,31,قا,فقا,ا
18,32,عا,رعا,ا
18,33,را,هرا,ا
18,34,را,فرا,ا
18,35,دا,بدا,ا
18,36,با,لبا,ا
18,37,لا,جلا,ا
18,38,دا,حدا,ا
18,39,دا,لدا,ا
18,40,قا,لقا,ا
18,41,با,لبا,ا
18,42,دا,حدا,ا
18,43,را,صرا,ا
18,44,با,قبا,ا
18,45,را,درا,ا
18,46,لا,ملا,ا
18,47,دا,حدا,ا
18,48,دا,عدا,ا
18,49,دا,حدا,ا
18,50,لا,دلا,ا
18,51,دا,ضدا,ا
18,52,قا,بقا,ا
18,53,فا,رفا,ا
18,54,لا,دلا,ا
18,55,لا,بلا,ا
18,56,وا,زوا,ا
18,57,دا,بدا,ا
18,58,لا,يلا,ا
18,59,دا,عدا,ا
18,60,با,قبا,ا
18,61,با,ربا,ا
18,62,با,صبا,ا
18,63,با,جبا,ا
18,64,صا,صصا,ا
18,65,ما,لما,ا
18,66,دا,شدا,ا
18,67,را,برا,ا
18,68,را,برا,ا
18,69,را,مرا,ا
18,70,را,كرا,ا
18,71,را,مرا,ا
18,72,را,برا,ا
18,73,را,سرا,ا
18,74,را,كرا,ا
18,75,را,برا,ا
18,76,را,ذرا,ا
18,77,را,جرا,ا
18,78,را,برا,ا
18,79,با,صبا,ا
18,80,را,فرا,ا
18,81,ما,حما,ا
18,82,را,برا,ا
18,83,را,كرا,ا
18,84,با,ببا,ا
18,85,با,ببا,ا
18,86,نا,سنا,ا
18,87,را,كرا,ا
18,88,را,سرا,ا
18,89,با,ببا,ا
18,90,را,ترا,ا
18,91,را,برا,ا
18,92,با,ببا,ا
18,93,لا,ولا,ا
18,94,دا,سدا,ا
18,95,ما,دما,ا
18,96,را,طرا,ا
18,97,با,قبا,ا
18,98,قا,حقا,ا
18,99,عا,معا,ا
18,100,ضا,رضا,ا
18,101,عا,معا,ا
18,102,لا,زلا,ا
18,103,لا,ملا,ا
18,104,عا,نعا,ا
18,105,نا,زنا,ا
18,106,وا,زوا,ا
18,107,لا,زلا,ا
18,108,لا,ولا,ا
18,109,دا,ددا,ا
18,110,دا,حدا,ا
19,1,عص,يعص,ص
19,2,يا,ريا,ا
19,3,يا,فيا,ا
19,4,يا,قيا,ا
19,5,يا,ليا,ا
19,6,يا,ضيا,ا
19,7,يا,ميا,ا
19,8,يا,تيا,ا
19,9,يا,شيا,ا
19,10,يا,ويا,ا
19,11,يا,شيا,ا
19,12,يا,بيا,ا
19,13,يا,قيا,ا
19,14,يا,صيا,ا
19,15,يا,حيا,ا
19,16,يا,قيا,ا
19,17,يا,ويا,ا
19,18,يا,قيا,ا
19,19,يا,كيا,ا
19,20,يا,غيا,ا
19,21,يا,ضيا,ا
19,22,يا,صيا,ا
19,23,يا,سيا,ا
19,24,يا,ريا,ا
19,25,يا,نيا,ا
19,26,يا,سيا,ا
19,27,يا,ريا,ا
19,28,يا,غيا,ا
19,29,يا,بيا,ا
19,30,يا,بيا,ا
19,31,يا,حيا,ا
19,32,يا,قيا,ا
19,33,يا,حيا,ا
19,34,ون,رون,ن
19,35,ون,كون,ن
19,36,يم,قيم,م
19,37,يم,ظيم,م
19,38,ين,بين,ن
19,39,ون,نون,ن
19,40,ون,عون,ن
19,41,يا,بيا,ا
19,42,يا,شيا,ا
19,43,يا,ويا,ا
19,44,يا,صيا,ا
19,45,يا,ليا,ا
19,46,يا,ليا,ا
19,47,يا,فيا,ا
19,48,يا,قيا,ا
19,49,يا,بيا,ا
19,50,يا,ليا,ا
19,51,يا,بيا,ا
19,52,يا,جيا,ا
19,53,يا,بيا,ا
19,54,يا,بيا,ا
19,55,يا,ضيا,ا
19,56,يا,بيا,ا
19,57,يا,ليا,ا
19,58,يا,كيا,ا
19,59,يا,غيا,ا
19,60,يا,شيا,ا
19,61,يا,تيا,ا
19,62,يا,شيا,ا
19,63,يا,قيا,ا
19,64,يا,سيا,ا
19,65,يا,ميا,ا
19,66,يا,حيا,ا
19,67,يا,شيا,ا
19,68,يا,ثيا,ا
19,69,يا,تيا,ا
19,70,يا,ليا,ا
19,71,يا,ضيا,ا
19,72,يا,ثيا,ا
19,73,يا,ديا,ا
19,74,يا,ءيا,ا
19,75,دا,ندا,ا
19,76,دا,ردا,ا
19,77,دا,لدا,ا
19,78,دا,هدا,ا
19,79,دا,مدا,ا
19,80,دا,ردا,ا
19,81,زا,عزا,ا
19,82,دا,ضدا,ا
19,83,زا,ازا,ا
19,84,دا,عدا,ا
19,85,دا,فدا,ا
19,86,دا,ردا,ا
19,87,دا,هدا,ا
19,88,دا,لدا,ا
19,89,دا,ادا,ا
19,90,دا,هدا,ا
19,91,دا,لدا,ا
19,92,دا,لدا,ا
19,93,دا,بدا,ا
19,94,دا,عدا,ا
19,95,دا,ردا,ا
19,96,دا,ودا,ا
19,97,دا,لدا,ا
19,98,زا,كزا,ا
20,1,طه,طه,ه
20,2,قا,شقا,ا
20,3,شا,خشا,ا
20,4,لا,علا,ا
20,5,وا,توا,ا
20,6,را,ثرا,ا
20,7,فا,خفا,ا
20,8,نا,سنا,ا
20,9,سا,وسا,ا
20,10,دا,هدا,ا
20,11,سا,وسا,ا
20,12,وا,طوا,ا
20,13,حا,وحا,ا
20,14,ري,كري,ي
20,15,عا,سعا,ا
20,16,دا,ردا,ا
20,17,سا,وسا,ا
20,18,را,خرا,ا
20,19,سا,وسا,ا
20,20,عا,سعا,ا
20,21,لا,ولا,ا
20,22,را,خرا,ا
20,23,را,برا,ا
20,24,غا,طغا,ا
20,25,ري,دري,ي
20,26,ري,مري,ي
20,27,ني,اني,ي
20,28,لي,ولي,ي
20,29,لي,هلي,ي
20,30,خي,اخي,ي
20,31,ري,زري,ي
20,32,ري,مري,ي
20,33,را,يرا,ا
20,34,را,يرا,ا
20,35,را,يرا,ا
20,36,سا,وسا,ا
20,37,را,خرا,ا
20,38,حا,وحا,ا
20,39,ني,يني,ي
20,40,سا,وسا,ا
20,41,سي,فسي,ي
20,42,ري,كري,ي
20,43,غا,طغا,ا
20,44,شا,خشا,ا
20,45,غا,طغا,ا
20,46,را,ارا,ا
20,47,دا,هدا,ا
20,48,لا,ولا,ا
20,49,سا,وسا,ا
20,50,دا,هدا,ا
20,51,لا,ولا,ا
20,52,سا,نسا,ا
20,53,تا,شتا,ا
20,54,ها,نها,ا
20,55,را,خرا,ا
20,56,با,ابا,ا
20,57,سا,وسا,ا
20,58,وا,سوا,ا
20,59,حا,ضحا,ا
20,60,تا,اتا,ا
20,61,را,ترا,ا
20,62,وا,جوا,ا
20,63,لا,ثلا,ا
20,64,لا,علا,ا
20,65,قا,لقا,ا
20,66,عا,سعا,ا
20,67,سا,وسا,ا
20,68,لا,علا,ا
20,69,تا,اتا,ا
20,70,سا,وسا,ا
20,71,قا,بقا,ا
20,72,يا,نيا,ا
20,73,قا,بقا,ا
20,74,يا,حيا,ا
20,75,لا,علا,ا
20,76,كا,زكا,ا
20,77,شا,خشا,ا
20,78,هم,يهم,م
20,79,دا,هدا,ا
20,80,وا,لوا,ا
20,81,وا,هوا,ا
20,82,دا,تدا,ا
20,83,سا,وسا,ا
20,84,ضا,رضا,ا
20,85,ري,مري,ي
20,86,دي,عدي,ي
20,87,ري,مري,ي
20,88,سي,نسي,ي
20,89,عا,فعا,ا
20,90,ري,مري,ي
20,91,سا,وسا,ا
20,92,وا,لوا,ا
20,93,ري,مري,ي
20,94,لي,ولي,ي
20,95,ري,مري,ي
20,96,سي,فسي,ي
20,97,فا,سفا,ا
20,98,ما,لما,ا
20,99,را,كرا,ا
20,100,را,زرا,ا
20,101,لا,ملا,ا
20,102,قا,رقا,ا
20,103,را,شرا,ا
20,104,ما,وما,ا
20,105,فا,سفا,ا
20,106,فا,صفا,ا
20,107,تا,متا,ا
20,108,سا,مسا,ا
20,109,لا,ولا,ا
20,110,ما,لما,ا
20,111,ما,لما,ا
20,112,ما,ضما,ا
20,113,را,كرا,ا
20,114,ما,لما,ا
20,115,ما,زما,ا
20,116,با,ابا,ا
20,117,قا,شقا,ا
20,118,را,عرا,ا
20,119,حا,ضحا,ا
20,120,لا,بلا,ا
20,121,وا,غوا,ا
20,122,دا,هدا,ا
20,123,قا,شقا,ا
20,124,ما,عما,ا
20,125,را,يرا,ا
20,126,سا,نسا,ا
20,127,قا,بقا,ا
20,128,ها,نها,ا
20,129,ما,سما,ا
20,130,ضا,رضا,ا
20,131,قا,بقا,ا
20,132,وا,قوا,ا
20,133,لا,ولا,ا
20,134,زا,خزا,ا
20,135,دا,تدا,ا
21,1,ون,ضون,ن
21,2,ون,بون,ن
21,3,ون,رون,ن
21,4,يم,ليم,م
21,5,ون,لون,ن
21,6,ون,نون,ن
21,7,ون,مون,ن
21,8,ين,دين,ن
21,9,ين,فين,ن
21,10,ون,لون,ن
21,11,ين,رين,ن
21,12,ون,ضون,ن
21,13,ون,لون,ن
21,14,ين,مين,ن
21,15,ين,دين,ن
21,16,ين,بين,ن
21,17,ين,لين,ن
21,18,ون,فون,ن
21,19,ون,رون,ن
21,20,ون,رون,ن
21,21,ون,رون,ن
21,22,ون,فون,ن
21,23,ون,لون,ن
21,24,ون,ضون,ن
21,25,ون,دون,ن
21,26,ون,مون,ن
21,27,ون,لون,ن
21,28,ون,قون,ن
21,29,ين,مين,ن
21,30,ون,نون,ن
21,31,ون,دون,ن
21,32,ون,ضون,ن
21,33,ون,حون,ن
21,34,ون,دون,ن
21,35,ون,عون,ن
21,36,ون,رون,ن
21,37,ون,لون,ن
21,38,ين,قين,ن
21,39,ون,رون,ن
21,40,ون,رون,ن
21,41,ون,ءون,ن
21,42,ون,ضون,ن
21,43,ون,بون,ن
21,44,ون,بون,ن
21,45,ون,رون,ن
21,46,ين,مين,ن
21,47,ين,بين,ن
21,48,ين,قين,ن
21,49,ون,قون,ن
21,50,ون,رون,ن
21,51,ين,مين,ن
21,52,ون,فون,ن
21,53,ين,دين,ن
21,54,ين,بين,ن
21,55,ين,بين,ن
21,56,ين,دين,ن
21,57,ين,رين,ن
21,58,ون,عون,ن
21,59,ين,مين,ن
21,60,يم,هيم,م
21,61,ون,دون,ن
21,62,يم,هيم,م
21,63,ون,قون,ن
21,64,ون,مون,ن
21,65,ون,قون,ن
21,66,كم,ركم,م
21,67,ون,لون,ن
21,68,ين,لين,ن
21,69,يم,هيم,م
21,70,ين,رين,ن
21,71,ين,مين,ن
21,72,ين,حين,ن
21,73,ين,دين,ن
21,74,ين,قين,ن
21,75,ين,حين,ن
21,76,يم,ظيم,م
21,77,ين,عين,ن
21,78,ين,دين,ن
21,79,ين,لين,ن
21,80,ون,رون,ن
21,81,ين,مين,ن
21,82,ين,ظين,ن
21,83,ين,مين,ن
21,84,ين,دين,ن
21,85,ين,رين,ن
21,86,ين,حين,ن
21,87,ين,مين,ن
21,88,ين,نين,ن
21,89,ين,ثين,ن
21,90,ين,عين,ن
21,91,ين,مين,ن
21,92,ون,دون,ن
21,93,ون,عون,ن
21,94,ون,بون,ن
21,95,ون,عون,ن
21,96,ون,لون,ن
21,97,ين,مين,ن
21,98,ون,دون,ن
21,99,ون,دون,ن
21,100,ون,عون,ن
21,101,ون,دون,ن
21,102,ون,دون,ن
21,103,ون,دون,ن
21,104,ين,لين,ن
21,105,ون,حون,ن
21,106,ين,دين,ن
21,107,ين,مين,ن
21,108,ون,مون,ن
21,109,ون,دون,ن
21,110,ون,مون,ن
21,111,ين,حين,ن
21,112,ون,فون,ن
22,1,يم,ظيم,م
22,2,يد,ديد,د
22,3,يد,ريد,د
22,4,ير,عير,ر
22,5,يج,هيج,ج
22,6,ير,دير,ر
22,7,ور,بور,ر
22,8,ير,نير,ر
22,9,يق,ريق,ق
22,10,يد,بيد,د
22,11,ين,بين,ن
22,12,يد,عيد,د
22,13,ير,شير,ر
22,14,يد,ريد,د
22,15,يظ,غيظ,ظ
22,16,يد,ريد,د
22,17,يد,هيد,د
22,18,اء,شاء,ء
22,19,يم,ميم,م
22,20,ود,لود,د
22,21,يد,ديد,د
22,22,يق,ريق,ق
22,23,ير,رير,ر
22,24,يد,ميد,د
22,25,يم,ليم,م
22,26,ود,جود,د
22,27,يق,ميق,ق
22,28,ير,قير,ر
22,29,يق,تيق,ق
22,30,ور,زور,ر
22,31,يق,حيق,ق
22,32,وب,لوب,ب
22,33,يق,تيق,ق
22,34,ين,تين,ن
22,35,ون,قون,ن
22,36,ون,رون,ن
22,37,ين,نين,ن
22,38,ور,فور,ر
22,39,ير,دير,ر
22,40,يز,زيز,ز
22,41,ور,مور,ر
22,42,ود,مود,د
22,43,وط,لوط,ط
22,44,ير,كير,ر
22,45,يد,شيد,د
22,46,ور,دور,ر
22,47,ون,دون,ن
22,48,ير,صير,ر
22,49,ين,بين,ن
22,50,يم,ريم,م
22,51,يم,حيم,م
22,52,يم,كيم,م
22,53,يد,عيد,د
22,54,يم,قيم,م
22,55,يم,قيم,م
22,56,يم,عيم,م
22,57,ين,هين,ن
22,58,ين,قين,ن
22,59,يم,ليم,م
22,60,ور,فور,ر
22,61,ير,صير,ر
22,62,ير,بير,ر
22,63,ير,بير,ر
22,64,يد,ميد,د
22,65,يم,حيم,م
22,66,ور,فور,ر
22,67,يم,قيم,م
22,68,ون,لون,ن
22,69,ون,فون,ن
22,70,ير,سير,ر
22,71,ير,صير,ر
22,72,ير,صير,ر
22,73,وب,لوب,ب
22,74,يز,زيز,ز
22,75,ير,صير,ر
22,76,ور,مور,ر
22,77,ون,حون,ن
22,78,ير,صير,ر
23,1,ون,نون,ن
23,2,ون,عون,ن
23,3,ون,ضون,ن
23,4,ون,لون,ن
23,5,ون,ظون,ن
23,6,ين,مين,ن
23,7,ون,دون,ن
23,8,ون,عون,ن
23,9,ون,ظون,ن
23,10,ون,ثون,ن
23,11,ون,دون,ن
23,12,ين,طين,ن
23,13,ين,كين,ن
23,14,ين,قين,ن
23,15,ون,تون,ن
23,16,ون,ثون,ن
23,17,ين,لين,ن
23,18,ون,رون,ن
23,19,ون,لون,ن
23,20,ين,لين,ن
23,21,ون,لون,ن
23,22,ون,لون,ن
23,23,ون,قون,ن
23,24,ين,لين,ن
23,25,ين,حين,ن
23,26,ون,بون,ن
23,27,ون,قون,ن
23,28,ين,مين,ن
23,29,ين,لين,ن
23,30,ين,لين,ن
23,31,ين,رين,ن
23,32,ون,قون,ن
23,33,ون,بون,ن
23,34,ون,رون,ن
23,35,ون,جون,ن
23,36,ون,دون,ن
23,37,ين,ثين,ن
23,38,ين,نين,ن
23,39,ون,بون,ن
23,40,ين,مين,ن
23,41,ين,مين,ن
23,42,ين,رين,ن
23,43,ون,رون,ن
23,44,ون,نون,ن
23,45,ين,بين,ن
23,46,ين,لين,ن
23,47,ون,دون,ن
23,48,ين,كين,ن
23,49,ون,دون,ن
23,50,ين,عين,ن
23,51,يم,ليم,م
23,52,ون,قون,ن
23,53,ون,حون,ن
23,54,ين,حين,ن
23,55,ين,نين,ن
23,56,ون,رون,ن
23,57,ون,قون,ن
23,58,ون,نون,ن
23,59,ون,كون,ن
23,60,ون,عون,ن
23,61,ون,قون,ن
23,62,ون,مون,ن
23,63,ون,لون,ن
23,64,ون,رون,ن
23,65,ون,رون,ن
23,66,ون,صون,ن
23,67,ون,رون,ن
23,68,ين,لين,ن
23,69,ون,رون,ن
23,70,ون,هون,ن
23,71,ون,ضون,ن
23,72,ين,قين,ن
23,73,يم,قيم,م
23,74,ون,بون,ن
23,75,ون,هون,ن
23,76,ون,عون,ن
23,77,ون,سون,ن
23,78,ون,رون,ن
23,79,ون,رون,ن
23,80,ون,لون,ن
23,81,ون,لون,ن
23,82,ون,ثون,ن
23,83,ين,لين,ن
23,84,ون,مون,ن
23,85,ون,رون,ن
23,86,يم,ظيم,م
23,87,ون,قون,ن
23,88,ون,مون,ن
23,89,ون,رون,ن
23,90,ون,بون,ن
23,91,ون,فون,ن
23,92,ون,كون,ن
23,93,ون,دون,ن
23,94,ين,مين,ن
23,95,ون,رون,ن
23,96,ون,فون,ن
23,97,ين,طين,ن
23,98,ون,رون,ن
23,99,ون,عون,ن
23,100,ون,ثون,ن
23,101,ون,لون,ن
23,102,ون,حون,ن
23,103,ون,دون,ن
23,104,ون,حون,ن
23,105,ون,بون,ن
23,106,ين,لين,ن
23,107,ون,مون,ن
23,108,ون,مون,ن
23,109,ين,مين,ن
23,110,ون,كون,ن
23,111,ون,زون,ن
23,112,ين,نين,ن
23,113,ين,دين,ن
23,114,ون,مون,ن
23,115,ون,عون,ن
23,116,يم,ريم,م
23,117,ون,رون,ن
23,118,ين,مين,ن
24,1,ون,رون,ن
24,2,ين,نين,ن
24,3,ين,نين,ن
24,4,ون,قون,ن
24,5,يم,حيم,م
24,6,ين,قين,ن
24,7,ين,بين,ن
24,8,ين,بين,ن
24,9,ين,قين,ن
24,10,يم,كيم,م
24,11,يم,ظيم,م
24,12,ين,بين,ن
24,13,ون,بون,ن
24,14,يم,ظيم,م
24,15,يم,ظيم,م
24,16,يم,ظيم,م
24,17,ين,نين,ن
24,18,يم,كيم,م
24,19,ون,مون,ن
24,20,يم,حيم,م
24,21,يم,ليم,م
24,22,يم,حيم,م
24,23,يم,ظيم,م
24,24,ون,لون,ن
24,25,ين,بين,ن
24,26,يم,ريم,م
24,27,ون,رون,ن
24,28,يم,ليم,م
24,29,ون,مون,ن
24,30,ون,عون,ن
24,31,ون,حون,ن
24,32,يم,ليم,م
24,33,يم,حيم,م
24,34,ين,قين,ن
24,35,يم,ليم,م
24,36,ال,صال,ل
24,37,صر,بصر,ر
24,38,اب,ساب,ب
24,39,اب,ساب,ب
24,40,ور,نور,ر
24,41,ون,لون,ن
24,42,ير,صير,ر
24,43,صر,بصر,ر
24,44,صر,بصر,ر
24,45,ير,دير,ر
24,46,يم,قيم,م
24,47,ين,نين,ن
24,48,ون,ضون,ن
24,49,ين,نين,ن
24,50,ون,مون,ن
24,51,ون,حون,ن
24,52,ون,زون,ن
24,53,ون,لون,ن
24,54,ين,بين,ن
24,55,ون,قون,ن
24,56,ون,مون,ن
24,57,ير,صير,ر
24,58,يم,كيم,م
24,59,يم,كيم,م
24,60,يم,ليم,م
24,61,ون,لون,ن
24,62,يم,حيم,م
24,63,يم,ليم,م
24,64,يم,ليم,م
25,1,را,يرا,ا
25,2,را,يرا,ا
25,3,را,ورا,ا
25,4,را,ورا,ا
25,5,لا,يلا,ا
25,6,ما,يما,ا
25,7,را,يرا,ا
25,8,را,ورا,ا
25,9,لا,يلا,ا
25,10,را,ورا,ا
25,11,را,يرا,ا
25,12,را,يرا,ا
25,13,را,ورا,ا
25,14,را,يرا,ا
25,15,را,يرا,ا
25,16,لا,ولا,ا
25,17,يل,بيل,ل
25,18,را,ورا,ا
25,19,را,يرا,ا
25,20,را,يرا,ا
25,21,را,يرا,ا
25,22,را,ورا,ا
25,23,را,ورا,ا
25,24,لا,يلا,ا
25,25,لا,يلا,ا
25,26,را,يرا,ا
25,27,لا,يلا,ا
25,28,لا,يلا,ا
25,29,لا,ولا,ا
25,30,را,ورا,ا
25,31,را,يرا,ا
25,32,لا,يلا,ا
25,33,را,يرا,ا
25,34,لا,يلا,ا
25,35,را,يرا,ا
25,36,را,يرا,ا
25,37,ما,يما,ا
25,38,را,يرا,ا
25,39,را,يرا,ا
25,40,را,ورا,ا
25,41,لا,ولا,ا
25,42,لا,يلا,ا
25,43,لا,يلا,ا
25,44,لا,يلا,ا
25,45,لا,يلا,ا
25,46,را,يرا,ا
25,47,را,ورا,ا
25,48,را,ورا,ا
25,49,را,يرا,ا
25,50,را,ورا,ا
25,51,را,يرا,ا
25,52,را,يرا,ا
25,53,را,ورا,ا
25,54,را,يرا,ا
25,55,را,يرا,ا
25,56,را,يرا,ا
25,57,لا,يلا,ا
25,58,را,يرا,ا
25,59,را,يرا,ا
25,60,را,ورا,ا
25,61,را,يرا,ا
25,62,را,ورا,ا
25,63,ما,لما,ا
25,64,ما,يما,ا
25,65,ما,اما,ا
25,66,ما,اما,ا
25,67,ما,اما,ا
25,68,ما,اما,ا
25,69,نا,انا,ا
25,70,ما,يما,ا
25,71,با,ابا,ا
25,72,ما,اما,ا
25,73,نا,انا,ا
25,74,ما,اما,ا
25,75,ما,لما,ا
25,76,ما,اما,ا
25,77,ما,اما,ا
26,1,سم,طسم,م
26,2,ين,بين,ن
26,3,ين,نين,ن
26,4,ين,عين,ن
26,5,ين,ضين,ن
26,6,ون,ءون,ن
26,7,يم,ريم,م
26,8,ين,نين,ن
26,9,يم,حيم,م
26,10,ين,مين,ن
26,11,ون,قون,ن
26,12,ون,بون,ن
26,13,ون,رون,ن
26,14,ون,لون,ن
26,15,ون,عون,ن
26,16,ين,مين,ن
26,17,يل,ءيل,ل
26,18,ين,نين,ن
26,19,ين,رين,ن
26,20,ين,لين,ن
26,21,ين,لين,ن
26,22,يل,ءيل,ل
26,23,ين,مين,ن
26,24,ين,نين,ن
26,25,ون,عون,ن
26,26,ين,لين,ن
26,27,ون,نون,ن
26,28,ون,لون,ن
26,29,ين,نين,ن
26,30,ين,بين,ن
26,31,ين,قين,ن
26,32,ين,بين,ن
26,33,ين,رين,ن
26,34,يم,ليم,م
26,35,ون,رون,ن
26,36,ين,رين,ن
26,37,يم,ليم,م
26,38,وم,لوم,م
26,39,ون,عون,ن
26,40,ين,بين,ن
26,41,ين,بين,ن
26,42,ين,بين,ن
26,43,ون,قون,ن
26,44,ون,بون,ن
26,45,ون,كون,ن
26,46,ين,دين,ن
26,47,ين,مين,ن
26,48,ون,رون,ن
26,49,ين,عين,ن
26,50,ون,بون,ن
26,51,ين,نين,ن
26,52,ون,عون,ن
26,53,ين,رين,ن
26,54,ون,لون,ن
26,55,ون,ظون,ن
26,56,ون,رون,ن
26,57,ون,يون,ن
26,58,يم,ريم,م
26,59,يل,ءيل,ل
26,60,ين,قين,ن
26,61,ون,كون,ن
26,62,ين,دين,ن
26,63,يم,ظيم,م
26,64,ين,رين,ن
26,65,ين,عين,ن
26,66,ين,رين,ن
26,67,ين,نين,ن
26,68,يم,حيم,م
26,69,يم,هيم,م
26,70,ون,دون,ن
26,71,ين,فين,ن
26,72,ون,عون,ن
26,73,ون,رون,ن
26,74,ون,لون,ن
26,75,ون,دون,ن
26,76,ون,مون,ن
26,77,ين,مين,ن
26,78,ين,دين,ن
26,79,ين,قين,ن
26,80,ين,فين,ن
26,81,ين,يين,ن
26,82,ين,دين,ن
26,83,ين,حين,ن
26,84,ين,رين,ن
26,85,يم,عيم,م
26,86,ين,لين,ن
26,87,ون,ثون,ن
26,88,ون,نون,ن
26,89,يم,ليم,م
26,90,ين,قين,ن
26,91,ين,وين,ن
26,92,ون,دون,ن
26,93,ون,رون,ن
26,94,ون,اون,ن
26,95,ون,عون,ن
26,96,ون,مون,ن
26,97,ين,بين,ن
26,98,ين,مين,ن
26,99,ون,مون,ن
26,100,ين,عين,ن
26,101,يم,ميم,م
26,102,ين,نين,ن
26,103,ين,نين,ن
26,104,يم,حيم,م
26,105,ين,لين,ن
26,106,ون,قون,ن
26,107,ين,مين,ن
26,108,ون,عون,ن
26,109,ين,مين,ن
26,110,ون,عون,ن
26,111,ون,لون,ن
26,112,ون,لون,ن
26,113,ون,رون,ن
26,114,ين,نين,ن
26,115,ين,بين,ن
26,116,ين,مين,ن
26,117,ون,بون,ن
26,118,ين,نين,ن
26,119,ون,حون,ن
26,120,ين,قين,ن
26,121,ين,نين,ن
26,122,يم,حيم,م
26,123,ين,لين,ن
26,124,ون,قون,ن
26,125,ين,مين,ن
26,126,ون,عون,ن
26,127,ين,مين,ن
26,128,ون,ثون,ن
26,129,ون,دون,ن
26,130,ين,رين,ن
26,131,ون,عون,ن
26,132,ون,مون,ن
26,133,ين,نين,ن
26,134,ون,يون,ن
26,135,يم,ظيم,م
26,136,ين,ظين,ن
26,137,ين,لين,ن
26,138,ين,بين,ن
26,139,ين,نين,ن
26,140,يم,حيم,م
26,141,ين,لين,ن
26,142,ون,قون,ن
26,143,ين,مين,ن
26,144,ون,عون,ن
26,145,ين,مين,ن
26,146,ين,نين,ن
26,147,ون,يون,ن
26,148,يم,ضيم,م
26,149,ين,هين,ن
26,150,ون,عون,ن
26,151,ين,فين,ن
26,152,ون,حون,ن
26,153,ين,رين,ن
26,154,ين,قين,ن
26,155,وم,لوم,م
26,156,يم,ظيم,م
26,157,ين,مين,ن
26,158,ين,نين,ن
26,159,يم,حيم,م
26,160,ين,لين,ن
26,161,ون,قون,ن
26,162,ين,مين,ن
26,163,ون,عون,ن
26,164,ين,مين,ن
26,165,ين,مين,ن
26,166,ون,دون,ن
26,167,ين,جين,ن
26,168,ين,لين,ن
26,169,ون,لون,ن
26,170,ين,عين,ن
26,171,ين,رين,ن
26,172,ين,رين,ن
26,173,ين,رين,ن
26,174,ين,نين,ن
26,175,يم,حيم,م
26,176,ين,لين,ن
26,177,ون,قون,ن
26,178,ين,مين,ن
26,179,ون,عون,ن
26,180,ين,مين,ن
26,181,ين,رين,ن
26,182,يم,قيم,م
26,183,ين,دين,ن
26,184,ين,لين,ن
26,185,ين,رين,ن
26,186,ين,بين,ن
26,187,ين,قين,ن
26,188,ون,لون,ن
26,189,يم,ظيم,م
26,190,ين,نين,ن
26,191,يم,حيم,م
26,192,ين,مين,ن
26,193,ين,مين,ن
26,194,ين,رين,ن
26,195,ين,بين,ن
26,196,ين,لين,ن
26,197,يل,ءيل,ل
26,198,ين,مين,ن
26,199,ين,نين,ن
26,200,ين,مين,ن
26,201,يم,ليم,م
26,202,ون,رون,ن
26,203,ون,رون,ن
26,204,ون,لون,ن
26,205,ين,نين,ن
26,206,ون,دون,ن
26,207,ون,عون,ن
26,208,ون,رون,ن
26,209,ين,مين,ن
26,210,ين,طين,ن
26,211,ون,عون,ن
26,212,ون,لون,ن
26,213,ين,بين,ن
26,214,ين,بين,ن
26,215,ين,نين,ن
26,216,ون,لون,ن
26,217,يم,حيم,م
26,218,وم,قوم,م
26,219,ين,دين,ن
26,220,يم,ليم,م
26,221,ين,طين,ن
26,222,يم,ثيم,م
26,223,ون,بون,ن
26,224,ون,اون,ن
26,225,ون,مون,ن
26,226,ون,لون,ن
26,227,ون,بون,ن
27,1,ين,بين,ن
27,2,ين,نين,ن
27,3,ون,نون,ن
27,4,ون,هون,ن
27,5,ون,رون,ن
27,6,يم,ليم,م
27,7,ون,لون,ن
27,8,ين,مين,ن
27,9,يم,كيم,م
27,10,ون,لون,ن
27,11,يم,حيم,م
27,12,ين,قين,ن
27,13,ين,بين,ن
27,14,ين,دين,ن
27,15,ين,نين,ن
27,16,ين,بين,ن
27,17,ون,عون,ن
27,18,ون,رون,ن
27,19,ين,حين,ن
27,20,ين,بين,ن
27,21,ين,بين,ن
27,22,ين,قين,ن
27,23,يم,ظيم,م
27,24,ون,دون,ن
27,25,ون,نون,ن
27,26,يم,ظيم,م
27,27,ين,بين,ن
27,28,ون,عون,ن
27,29,يم,ريم,م
27,30,يم,حيم,م
27,31,ين,مين,ن
27,32,ون,دون,ن
27,33,ين,رين,ن
27,34,ون,لون,ن
27,35,ون,لون,ن
27,36,ون,حون,ن
27,37,ون,رون,ن
27,38,ين,مين,ن
27,39,ين,مين,ن
27,40,يم,ريم,م
27,41,ون,دون,ن
27,42,ين,مين,ن
27,43,ين,رين,ن
27,44,ين,مين,ن
27,45,ون,مون,ن
27,46,ون,مون,ن
27,47,ون,نون,ن
27,48,ون,حون,ن
27,49,ون,قون,ن
27,50,ون,رون,ن
27,51,ين,عين,ن
27,52,ون,مون,ن
27,53,ون,قون,ن
27,54,ون,رون,ن
27,55,ون,لون,ن
27,56,ون,رون,ن
27,57,ين,رين,ن
27,58,ين,رين,ن
27,59,ون,كون,ن
27,60,ون,لون,ن
27,61,ون,مون,ن
27,62,ون,رون,ن
27,63,ون,كون,ن
27,64,ين,قين,ن
27,65,ون,ثون,ن
27,66,ون,مون,ن
27,67,ون,جون,ن
27,68,ين,لين,ن
27,69,ين,مين,ن
27,70,ون,رون,ن
27,71,ين,قين,ن
27,72,ون,لون,ن
27,73,ون,رون,ن
27,74,ون,نون,ن
27,75,ين,بين,ن
27,76,ون,فون,ن
27,77,ين,نين,ن
27,78,يم,ليم,م
27,79,ين,بين,ن
27,80,ين,رين,ن
27,81,ون,مون,ن
27,82,ون,نون,ن
27,83,ون,عون,ن
27,84,ون,لون,ن
27,85,ون,قون,ن
27,86,ون,نون,ن
27,87,ين,رين,ن
27,88,ون,لون,ن
27,89,ون,نون,ن
27,90,ون,لون,ن
27,91,ين,مين,ن
27,92,ين,رين,ن
27,93,ون,لون,ن
28,1,سم,طسم,م
28,2,ين,بين,ن
28,3,ون,نون,ن
28,4,ين,دين,ن
28,5,ين,ثين,ن
28,6,ون,رون,ن
28,7,ين,لين,ن
28,8,ين,طين,ن
28,9,ون,رون,ن
28,10,ين,نين,ن
28,11,ون,رون,ن
28,12,ون,حون,ن
28,13,ون,مون,ن
28,14,ين,نين,ن
28,15,ين,بين,ن
28,16,يم,حيم,م
28,17,ين,مين,ن
28,18,ين,بين,ن
28,19,ين,حين,ن
28,20,ين,حين,ن
28,21,ين,مين,ن
28,22,يل,بيل,ل
28,23,ير,بير,ر
28,24,ير,قير,ر
28,25,ين,مين,ن
28,26,ين,مين,ن
28,27,ين,حين,ن
28,28,يل,كيل,ل
28,29,ون,لون,ن
28,30,ين,مين,ن
28,31,ين,نين,ن
28,32,ين,قين,ن
28,33,ون,لون,ن
28,34,ون,بون,ن
28,35,ون,بون,ن
28,36,ين,لين,ن
28,37,ون,مون,ن
28,38,ين,بين,ن
28,39,ون,عون,ن
28,40,ين,مين,ن
28,41,ون,رون,ن
28,42,ين,حين,ن
28,43,ون,رون,ن
28,44,ين,دين,ن
28,45,ين,لين,ن
28,46,ون,رون,ن
28,47,ين,نين,ن
28,48,ون,رون,ن
28,49,ين,قين,ن
28,50,ين,مين,ن
28,51,ون,رون,ن
28,52,ون,نون,ن
28,53,ين,مين,ن
28,54,ون,قون,ن
28,55,ين,لين,ن
28,56,ين,دين,ن
28,57,ون,مون,ن
28,58,ين,ثين,ن
28,59,ون,مون,ن
28,60,ون,لون,ن
28,61,ين,رين,ن
28,62,ون,مون,ن
28,63,ون,دون,ن
28,64,ون,دون,ن
28,65,ين,لين,ن
28,66,ون,لون,ن
28,67,ين,حين,ن
28,68,ون,كون,ن
28,69,ون,نون,ن
28,70,ون,عون,ن
28,71,ون,عون,ن
28,72,ون,رون,ن
28,73,ون,رون,ن
28,74,ون,مون,ن
28,75,ون,رون,ن
28,76,ين,حين,ن
28,77,ين,دين,ن
28,78,ون,مون,ن
28,79,يم,ظيم,م
28,80,ون,رون,ن
28,81,ين,رين,ن
28,82,ون,رون,ن
28,83,ين,قين,ن
28,84,ون,لون,ن
28,85,ين,بين,ن
28,86,ين,رين,ن
28,87,ين,كين,ن
28,88,ون,عون,ن
29,1,لم,الم,م
29,2,ون,نون,ن
29,3,ين,بين,ن
29,4,ون,مون,ن
29,5,يم,ليم,م
29,6,ين,مين,ن
29,7,ون,لون,ن
29,8,ون,لون,ن
29,9,ين,حين,ن
29,10,ين,مين,ن
29,11,ين,قين,ن
29,12,ون,بون,ن
29,13,ون,رون,ن
29,14,ون,مون,ن
29,15,ين,مين,ن
29,16,ون,مون,ن
29,17,ون,عون,ن
29,18,ين,بين,ن
29,19,ير,سير,ر
29,20,ير,دير,ر
29,21,ون,بون,ن
29,22,ير,صير,ر
29,23,يم,ليم,م
29,24,ون,نون,ن
29,25,ين,رين,ن
29,26,يم,كيم,م
29,27,ين,حين,ن
29,28,ين,مين,ن
29,29,ين,قين,ن
29,30,ين,دين,ن
29,31,ين,مين,ن
29,32,ين,رين,ن
29,33,ين,رين,ن
29,34,ون,قون,ن
29,35,ون,لون,ن
29,36,ين,دين,ن
29,37,ين,مين,ن
29,38,ين,رين,ن
29,39,ين,قين,ن
29,40,ون,مون,ن
29,41,ون,مون,ن
29,42,يم,كيم,م
29,43,ون,مون,ن
29,44,ين,نين,ن
29,45,ون,عون,ن
29,46,ون,مون,ن
29,47,ون,رون,ن
29,48,ون,لون,ن
29,49,ون,مون,ن
29,50,ين,بين,ن
29,51,ون,نون,ن
29,52,ون,رون,ن
29,53,ون,رون,ن
29,54,ين,رين,ن
29,55,ون,لون,ن
29,56,ون,دون,ن
29,57,ون,عون,ن
29,58,ين,لين,ن
29,59,ون,لون,ن
29,60,يم,ليم,م
29,61,ون,كون,ن
29,62,يم,ليم,م
29,63,ون,لون,ن
29,64,ون,مون,ن
29,65,ون,كون,ن
29,66,ون,مون,ن
29,67,ون,رون,ن
29,68,ين,رين,ن
29,69,ين,نين,ن
30,1,لم,الم,م
30,2,وم,روم,م
30,3,ون,بون,ن
30,4,ون,نون,ن
30,5,يم,حيم,م
30,6,ون,مون,ن
30,7,ون,لون,ن
30,8,ون,رون,ن
30,9,ون,مون,ن
30,10,ون,ءون,ن
30,11,ون,عون,ن
30,12,ون,مون,ن
30,13,ين,رين,ن
30,14,ون,قون,ن
30,15,ون,رون,ن
30,16,ون,رون,ن
30,17,ون,حون,ن
30,18,ون,رون,ن
30,19,ون,جون,ن
30,20,ون,رون,ن
30,21,ون,رون,ن
30,22,ين,مين,ن
30,23,ون,عون,ن
30,24,ون,لون,ن
30,25,ون,جون,ن
30,26,ون,تون,ن
30,27,يم,كيم,م
30,28,ون,لون,ن
30,29,ين,رين,ن
30,30,ون,مون,ن
30,31,ين,كين,ن
30,32,ون,حون,ن
30,33,ون,كون,ن
30,34,ون,مون,ن
30,35,ون,كون,ن
30,36,ون,طون,ن
30,37,ون,نون,ن
30,38,ون,حون,ن
30,39,ون,فون,ن
30,40,ون,كون,ن
30,41,ون,عون,ن
30,42,ين,كين,ن
30,43,ون,عون,ن
30,44,ون,دون,ن
30,45,ين,رين,ن
30,46,ون,رون,ن
30,47,ين,نين,ن
30,48,ون,رون,ن
30,49,ين,سين,ن
30,50,ير,دير,ر
30,51,ون,رون,ن
30,52,ين,رين,ن
30,53,ون,مون,ن
30,54,ير,دير,ر
30,55,ون,كون,ن
30,56,ون,مون,ن
30,57,ون,بون,ن
30,58,ون,لون,ن
30,59,ون,مون,ن
30,60,ون,نون,ن
31,1,لم,الم,م
31,2,يم,كيم,م
31,3,ين,نين,ن
31,4,ون,نون,ن
31,5,ون,حون,ن
31,6,ين,هين,ن
31,7,يم,ليم,م
31,8,يم,عيم,م
31,9,يم,كيم,م
31,10,يم,ريم,م
31,11,ين,بين,ن
31,12,يد,ميد,د
31,13,يم,ظيم,م
31,14,ير,صير,ر
31,15,ون,لون,ن
31,16,ير,بير,ر
31,17,ور,مور,ر
31,18,ور,خور,ر
31,19,ير,مير,ر
31,20,ير,نير,ر
31,21,ير,عير,ر
31,22,ور,مور,ر
31,23,ور,دور,ر
31,24,يظ,ليظ,ظ
31,25,ون,مون,ن
31,26,يد,ميد,د
31,27,يم,كيم,م
31,28,ير,صير,ر
31,29,ير,بير,ر
31,30,ير,بير,ر
31,31,ور,كور,ر
31,32,ور,فور,ر
31,33,ور,رور,ر
31,34,ير,بير,ر
32,1,لم,الم,م
32,2,ين,مين,ن
32,3,ون,دون,ن
32,4,ون,رون,ن
32,5,ون,دون,ن
32,6,يم,حيم,م
32,7,ين,طين,ن
32,8,ين,هين,ن
32,9,ون,رون,ن
32,10,ون,رون,ن
32,11,ون,عون,ن
32,12,ون,نون,ن
32,13,ين,عين,ن
32,14,ون,لون,ن
32,15,ون,رون,ن
32,16,ون,قون,ن
32,17,ون,لون,ن
32,18,ون,تون,ن
32,19,ون,لون,ن
32,20,ون,بون,ن
32,21,ون,عون,ن
32,22,ون,مون,ن
32,23,يل,ءيل,ل
32,24,ون,نون,ن
32,25,ون,فون,ن
32,26,ون,عون,ن
32,27,ون,رون,ن
32,28,ين,قين,ن
32,29,ون,رون,ن
32,30,ون,رون,ن
33,1,ما,يما,ا
33,2,را,يرا,ا
33,3,لا,يلا,ا
33,4,يل,بيل,ل
33,5,ما,يما,ا
33,6,را,ورا,ا
33,7,ظا,يظا,ا
33,8,ما,يما,ا
33,9,را,يرا,ا
33,10,نا,ونا,ا
33,11,دا,يدا,ا
33,12,را,ورا,ا
33,13,را,ارا,ا
33,14,را,يرا,ا
33,15,لا,ولا,ا
33,16,لا,يلا,ا
33,17,را,يرا,ا
33,18,لا,يلا,ا
33,19,را,يرا,ا
33,20,لا,يلا,ا
33,21,را,يرا,ا
33,22,ما,يما,ا
33,23,لا,يلا,ا
33,24,ما,يما,ا
33,25,زا,يزا,ا
33,26,قا,يقا,ا
33,27,را,يرا,ا
33,28,لا,يلا,ا
33,29,ما,يما,ا
33,30,را,يرا,ا
33,31,ما,يما,ا
33,32,فا,وفا,ا
33,33,را,يرا,ا
33,34,را,يرا,ا
33,35,ما,يما,ا
33,36,نا,ينا,ا
33,37,لا,ولا,ا
33,38,را,ورا,ا
33,39,با,يبا,ا
33,40,ما,يما,ا
33,41,را,يرا,ا
33,42,لا,يلا,ا
33,43,ما,يما,ا
33,44,ما,يما,ا
33,45,را,يرا,ا
33,46,را,يرا,ا
33,47,را,يرا,ا
33,48,لا,يلا,ا
33,49,لا,يلا,ا
33,50,ما,يما,ا
33,51,ما,يما,ا
33,52,با,يبا,ا
33,53,ما,يما,ا
33,54,ما,يما,ا
33,55,دا,يدا,ا
33,56,ما,يما,ا
33,57,نا,ينا,ا
33,58,نا,ينا,ا
33,59,ما,يما,ا
33,60,لا,يلا,ا
33,61,لا,يلا,ا
33,62,لا,يلا,ا
33,63,با,يبا,ا
33,64,را,يرا,ا
33,65,را,يرا,ا
33,66,لا,ولا,ا
33,67,لا,يلا,ا
33,68,را,يرا,ا
33,69,ها,يها,ا
33,70,دا,يدا,ا
33,71,ما,يما,ا
33,72,لا,ولا,ا
33,73,ما,يما,ا
34,1,ير,بير,ر
34,2,ور,فور,ر
34,3,ين,بين,ن
34,4,يم,ريم,م
34,5,يم,ليم,م
34,6,يد,ميد,د
34,7,يد,ديد,د
34,8,يد,عيد,د
34,9,يب,نيب,ب
34,10,يد,ديد,د
34,11,ير,صير,ر
34,12,ير,عير,ر
34,13,ور,كور,ر
34,14,ين,هين,ن
34,15,ور,فور,ر
34,16,يل,ليل,ل
34,17,ور,فور,ر
34,18,ين,نين,ن
34,19,ور,كور,ر
34,20,ين,نين,ن
34,21,يظ,فيظ,ظ
34,22,ير,هير,ر
34,23,ير,بير,ر
34,24,ين,بين,ن
34,25,ون,لون,ن
34,26,يم,ليم,م
34,27,يم,كيم,م
34,28,ون,مون,ن
34,29,ين,قين,ن
34,30,ون,مون,ن
34,31,ين,نين,ن
34,32,ين,مين,ن
34,33,ون,لون,ن
34,34,ون,رون,ن
34,35,ين,بين,ن
34,36,ون,مون,ن
34,37,ون,نون,ن
34,38,ون,رون,ن
34,39,ين,قين,ن
34,40,ون,دون,ن
34,41,ون,نون,ن
34,42,ون,بون,ن
34,43,ين,بين,ن
34,44,ير,ذير,ر
34,45,ير,كير,ر
34,46,يد,ديد,د
34,47,يد,هيد,د
34,48,وب,يوب,ب
34,49,يد,عيد,د
34,50,يب,ريب,ب
34,51,يب,ريب,ب
34,52,يد,عيد,د
34,53,يد,عيد,د
34,54,يب,ريب,ب
35,1,ير,دير,ر
35,2,يم,كيم,م
35,3,ون,كون,ن
35,4,ور,مور,ر
35,5,ور,رور,ر
35,6,ير,عير,ر
35,7,ير,بير,ر
35,8,ون,عون,ن
35,9,ور,شور,ر
35,10,ور,بور,ر
35,11,ير,سير,ر
35,12,ون,رون,ن
35,13,ير,مير,ر
35,14,ير,بير,ر
35,15,يد,ميد,د
35,16,يد,ديد,د
35,17,يز,زيز,ز
35,18,ير,صير,ر
35,19,ير,صير,ر
35,20,ور,نور,ر
35,21,ور,رور,ر
35,22,ور,بور,ر
35,23,ير,ذير,ر
35,24,ير,ذير,ر
35,25,ير,نير,ر
35,26,ير,كير,ر
35,27,ود,سود,د
35,28,ور,فور,ر
35,29,ور,بور,ر
35,30,ور,كور,ر
35,31,ير,صير,ر
35,32,ير,بير,ر
35,33,ير,رير,ر
35,34,ور,كور,ر
35,35,وب,غوب,ب
35,36,ور,فور,ر
35,37,ير,صير,ر
35,38,ور,دور,ر
35,39,را,ارا,ا
35,40,را,ورا,ا
35,41,را,ورا,ا
35,42,را,ورا,ا
35,43,لا,يلا,ا
35,44,را,يرا,ا
35,45,را,يرا,ا
36,1,يس,يس,س
36,2,يم,كيم,م
36,3,ين,لين,ن
36,4,يم,قيم,م
36,5,يم,حيم,م
36,6,ون,لون,ن
36,7,ون,نون,ن
36,8,ون,حون,ن
36,9,ون,رون,ن
36,10,ون,نون,ن
36,11,يم,ريم,م
36,12,ين,بين,ن
36,13,ون,لون,ن
36,14,ون,لون,ن
36,15,ون,بون,ن
36,16,ون,لون,ن
36,17,ين,بين,ن
36,18,يم,ليم,م
36,19,ون,فون,ن
36,20,ين,لين,ن
36,21,ون,دون,ن
36,22,ون,عون,ن
36,23,ون,ذون,ن
36,24,ين,بين,ن
36,25,ون,عون,ن
36,26,ون,مون,ن
36,27,ين,مين,ن
36,28,ين,لين,ن
36,29,ون,دون,ن
36,30,ون,ءون,ن
36,31,ون,عون,ن
36,32,ون,رون,ن
36,33,ون,لون,ن
36,34,ون,يون,ن
36,35,ون,رون,ن
36,36,ون,مون,ن
36,37,ون,مون,ن
36,38,يم,ليم,م
36,39,يم,ديم,م
36,40,ون,حون,ن
36,41,ون,حون,ن
36,42,ون,بون,ن
36,43,ون,ذون,ن
36,44,ين,حين,ن
36,45,ون,مون,ن
36,46,ين,ضين,ن
36,47,ين,بين,ن
36,48,ين,قين,ن
36,49,ون,مون,ن
36,50,ون,عون,ن
36,51,ون,لون,ن
36,52,ون,لون,ن
36,53,ون,رون,ن
36,54,ون,لون,ن
36,55,ون,هون,ن
36,56,ون,كون,ن
36,57,ون,عون,ن
36,58,يم,حيم,م
36,59,ون,مون,ن
36,60,ين,بين,ن
36,61,يم,قيم,م
36,62,ون,لون,ن
36,63,ون,دون,ن
36,64,ون,رون,ن
36,65,ون,بون,ن
36,66,ون,رون,ن
36,67,ون,عون,ن
36,68,ون,لون,ن
36,69,ين,بين,ن
36,70,ين,رين,ن
36,71,ون,كون,ن
36,72,ون,لون,ن
36,73,ون,رون,ن
36,74,ون,رون,ن
36,75,ون,رون,ن
36,76,ون,نون,ن
36,77,ين,بين,ن
36,78,يم,ميم,م
36,79,يم,ليم,م
36,80,ون,دون,ن
36,81,يم,ليم,م
36,82,ون,كون,ن
36,83,ون,عون,ن
37,1,فا,صفا,ا
37,2,را,جرا,ا
37,3,را,كرا,ا
37,4,حد,وحد,د
37,5,رق,شرق,ق
37,6,كب,اكب,ب
37,7,رد,ارد,د
37,8,نب,انب,ب
37,9,صب,اصب,ب
37,10,قب,اقب,ب
37,11,زب,ازب,ب
37,12,ون,رون,ن
37,13,ون,رون,ن
37,14,ون,رون,ن
37,15,ين,بين,ن
37,16,ون,ثون,ن
37,17,ون,لون,ن
37,18,ون,رون,ن
37,19,ون,رون,ن
37,20,ين,دين,ن
37,21,ون,بون,ن
37,22,ون,دون,ن
37,23,يم,حيم,م
37,24,ون,لون,ن
37,25,ون,رون,ن
37,26,ون,مون,ن
37,27,ون,لون,ن
37,28,ين,مين,ن
37,29,ين,نين,ن
37,30,ين,غين,ن
37,31,ون,قون,ن
37,32,ين,وين,ن
37,33,ون,كون,ن
37,34,ين,مين,ن
37,35,ون,رون,ن
37,36,ون,نون,ن
37,37,ين,لين,ن
37,38,يم,ليم,م
37,39,ون,لون,ن
37,40,ين,صين,ن
37,41,وم,لوم,م
37,42,ون,مون,ن
37,43,يم,عيم,م
37,44,ين,لين,ن
37,45,ين,عين,ن
37,46,ين,بين,ن
37,47,ون,فون,ن
37,48,ين,عين,ن
37,49,ون,نون,ن
37,50,ون,لون,ن
37,51,ين,رين,ن
37,52,ين,قين,ن
37,53,ون,نون,ن
37,54,ون,عون,ن
37,55,يم,حيم,م
37,56,ين,دين,ن
37,57,ين,رين,ن
37,58,ين,تين,ن
37,59,ين,بين,ن
37,60,يم,ظيم,م
37,61,ون,لون,ن
37,62,وم,قوم,م
37,63,ين,مين,ن
37,64,يم,حيم,م
37,65,ين,طين,ن
37,66,ون,طون,ن
37,67,يم,ميم,م
37,68,يم,حيم,م
37,69,ين,لين,ن
37,70,ون,عون,ن
37,71,ين,لين,ن
37,72,ين,رين,ن
37,73,ين,رين,ن
37,74,ين,صين,ن
37,75,ون,بون,ن
37,76,يم,ظيم,م
37,77,ين,قين,ن
37,78,ين,رين,ن
37,79,ين,مين,ن
37,80,ين,نين,ن
37,81,ين,نين,ن
37,82,ين,رين,ن
37,83,يم,هيم,م
37,84,يم,ليم,م
37,85,ون,دون,ن
37,86,ون,دون,ن
37,87,ين,مين,ن
37,88,وم,جوم,م
37,89,يم,قيم,م
37,90,ين,رين,ن
37,91,ون,لون,ن
37,92,ون,قون,ن
37,93,ين,مين,ن
37,94,ون,فون,ن
37,95,ون,تون,ن
37,96,ون,لون,ن
37,97,يم,حيم,م
37,98,ين,لين,ن
37,99,ين,دين,ن
37,100,ين,حين,ن
37,101,يم,ليم,م
37,102,ين,رين,ن
37,103,ين,بين,ن
37,104,يم,هيم,م
37,105,ين,نين,ن
37,106,ين,بين,ن
37,107,يم,ظيم,م
37,108,ين,رين,ن
37,109,يم,هيم,م
37,110,ين,نين,ن
37,111,ين,نين,ن
37,112,ين,حين,ن
37,113,ين,بين,ن
37,114,ون,رون,ن
37,115,يم,ظيم,م
37,116,ين,بين,ن
37,117,ين,بين,ن
37,118,يم,قيم,م
37,119,ين,رين,ن
37,120,ون,رون,ن
37,121,ين,نين,ن
37,122,ين,نين,ن
37,123,ين,لين,ن
37,124,ون,قون,ن
37,125,ين,قين,ن
37,126,ين,لين,ن
37,127,ون,رون,ن
37,128,ين,صين,ن
37,129,ين,رين,ن
37,130,ين,سين,ن
37,131,ين,نين,ن
37,132,ين,نين,ن
37,133,ين,لين,ن
37,134,ين,عين,ن
37,135,ين,رين,ن
37,136,ين,رين,ن
37,137,ين,حين,ن
37,138,ون,لون,ن
37,139,ين,لين,ن
37,140,ون,حون,ن
37,141,ين,ضين,ن
37,142,يم,ليم,م
37,143,ين,حين,ن
37,144,ون,ثون,ن
37,145,يم,قيم,م
37,146,ين,طين,ن
37,147,ون,دون,ن
37,148,ين,حين,ن
37,149,ون,نون,ن
37,150,ون,دون,ن
37,151,ون,لون,ن
37,152,ون,بون,ن
37,153,ين,نين,ن
37,154,ون,مون,ن
37,155,ون,رون,ن
37,156,ين,بين,ن
37,157,ين,قين,ن
37,158,ون,رون,ن
37,159,ون,فون,ن
37,160,ين,صين,ن
37,161,ون,دون,ن
37,162,ين,نين,ن
37,163,يم,حيم,م
37,164,وم,لوم,م
37,165,ون,فون,ن
37,166,ون,حون,ن
37,167,ون,لون,ن
37,168,ين,لين,ن
37,169,ين,صين,ن
37,170,ون,مون,ن
37,171,ين,لين,ن
37,172,ون,رون,ن
37,173,ون,بون,ن
37,174,ين,حين,ن
37,175,ون,رون,ن
37,176,ون,لون,ن
37,177,ين,رين,ن
37,178,ين,حين,ن
37,179,ون,رون,ن
37,180,ون,فون,ن
37,181,ين,لين,ن
37,182,ين,مين,ن
38,1,كر,ذكر,ر
38,2,اق,قاق,ق
38,3,اص,ناص,ص
38,4,اب,ذاب,ب
38,5,اب,جاب,ب
38,6,اد,راد,د
38,7,لق,تلق,ق
38,8,اب,ذاب,ب
38,9,اب,هاب,ب
38,10,بب,سبب,ب
38,11,اب,زاب,ب
38,12,اد,تاد,د
38,13,اب,زاب,ب
38,14,اب,قاب,ب
38,15,اق,واق,ق
38,16,اب,ساب,ب
38,17,اب,واب,ب
38,18,اق,راق,ق
38,19,اب,واب,ب
38,20,اب,طاب,ب
38,21,اب,راب,ب
38,22,رط,صرط,ط
38,23,اب,طاب,ب
38,24,اب,ناب,ب
38,25,اب,ماب,ب
38,26,اب,ساب,ب
38,27,ار,نار,ر
38,28,ار,جار,ر
38,29,بب,لبب,ب
38,30,اب,واب,ب
38,31,اد,ياد,د
38,32,اب,جاب,ب
38,33,اق,ناق,ق
38,34,اب,ناب,ب
38,35,اب,هاب,ب
38,36,اب,صاب,ب
38,37,اص,واص,ص
38,38,اد,فاد,د
38,39,اب,ساب,ب
38,40,اب,ماب,ب
38,41,اب,ذاب,ب
38,42,اب,راب,ب
38,43,بب,لبب,ب
38,44,اب,واب,ب
38,45,صر,بصر,ر
38,46,ار,دار,ر
38,47,ار,يار,ر
38,48,ار,يار,ر
38,49,اب,ماب,ب
38,50,وب,بوب,ب
38,51,اب,راب,ب
38,52,اب,راب,ب
38,53,اب,ساب,ب
38,54,اد,فاد,د
38,55,اب,ماب,ب
38,56,اد,هاد,د
38,57,اق,ساق,ق
38,58,وج,زوج,ج
38,59,ار,نار,ر
38,60,ار,رار,ر
38,61,ار,نار,ر
38,62,ار,رار,ر
38,63,صر,بصر,ر
38,64,ار,نار,ر
38,65,ار,هار,ر
38,66,فر,غفر,ر
38,67,يم,ظيم,م
38,68,ون,ضون,ن
38,69,ون,مون,ن
38,70,ين,بين,ن
38,71,ين,طين,ن
38,72,ين,دين,ن
38,73,ون,عون,ن
38,74,ين,رين,ن
38,75,ين,لين,ن
38,76,ين,طين,ن
38,77,يم,جيم,م
38,78,ين,دين,ن
38,79,ون,ثون,ن
38,80,ين,رين,ن
38,81,وم,لوم,م
38,82,ين,عين,ن
38,83,ين,صين,ن
38,84,ول,قول,ل
38,85,ين,عين,ن
38,86,ين,فين,ن
38,87,ين,مين,ن
38,88,ين,حين,ن
39,1,يم,كيم,م
39,2,ين,دين,ن
39,3,ار,فار,ر
39,4,ار,هار,ر
39,5,فر,غفر,ر
39,6,ون,فون,ن
39,7,ور,دور,ر
39,8,ار,نار,ر
39,9,بب,لبب,ب
39,10,اب,ساب,ب
39,11,ين,دين,ن
39,12,ين,مين,ن
39,13,يم,ظيم,م
39,14,ني,يني,ي
39,15,ين,بين,ن
39,16,ون,قون,ن
39,17,اد,باد,د
39,18,بب,لبب,ب
39,19,ار,نار,ر
39,20,اد,عاد,د
39,21,بب,لبب,ب
39,22,ين,بين,ن
39,23,اد,هاد,د
39,24,ون,بون,ن
39,25,ون,رون,ن
39,26,ون,مون,ن
39,27,ون,رون,ن
39,28,ون,قون,ن
39,29,ون,مون,ن
39,30,ون,تون,ن
39,31,ون,مون,ن
39,32,ين,رين,ن
39,33,ون,قون,ن
39,34,ين,نين,ن
39,35,ون,لون,ن
39,36,اد,هاد,د
39,37,ام,قام,م
39,38,ون,لون,ن
39,39,ون,مون,ن
39,40,يم,قيم,م
39,41,يل,كيل,ل
39,42,ون,رون,ن
39,43,ون,لون,ن
39,44,ون,عون,ن
39,45,ون,رون,ن
39,46,ون,فون,ن
39,47,ون,بون,ن
39,48,ون,ءون,ن
39,49,ون,مون,ن
39,50,ون,بون,ن
39,51,ين,زين,ن
39,52,ون,نون,ن
39,53,يم,حيم,م
39,54,ون,رون,ن
39,55,ون,رون,ن
39,56,ين,رين,ن
39,57,ين,قين,ن
39,58,ين,نين,ن
39,59,ين,رين,ن
39,60,ين,رين,ن
39,61,ون,نون,ن
39,62,يل,كيل,ل
39,63,ون,رون,ن
39,64,ون,لون,ن
39,65,ين,رين,ن
39,66,ين,رين,ن
39,67,ون,كون,ن
39,68,ون,رون,ن
39,69,ون,مون,ن
39,70,ون,لون,ن
39,71,ين,رين,ن
39,72,ين,رين,ن
39,73,ين,دين,ن
39,74,ين,لين,ن
39,75,ين,مين,ن
40,1,حم,حم,م
40,2,يم,ليم,م
40,3,ير,صير,ر
40,4,لد,بلد,د
40,5,اب,قاب,ب
40,6,ار,نار,ر
40,7,يم,حيم,م
40,8,يم,كيم,م
40,9,يم,ظيم,م
40,10,ون,رون,ن
40,11,يل,بيل,ل
40,12,ير,بير,ر
40,13,يب,نيب,ب
40,14,ون,رون,ن
40,15,اق,لاق,ق
40,16,ار,هار,ر
40,17,اب,ساب,ب
40,18,اع,طاع,ع
40,19,ور,دور,ر
40,20,ير,صير,ر
40,21,اق,واق,ق
40,22,اب,قاب,ب
40,23,ين,بين,ن
40,24,اب,ذاب,ب
40,25,لل,ضلل,ل
40,26,اد,ساد,د
40,27,اب,ساب,ب
40,28,اب,ذاب,ب
40,29,اد,شاد,د
40,30,اب,زاب,ب
40,31,اد,باد,د
40,32,اد,ناد,د
40,33,اد,هاد,د
40,34,اب,تاب,ب
40,35,ار,بار,ر
40,36,بب,سبب,ب
40,37,اب,باب,ب
40,38,اد,شاد,د
40,39,ار,رار,ر
40,40,اب,ساب,ب
40,41,ار,نار,ر
40,42,فر,غفر,ر
40,43,ار,نار,ر
40,44,اد,باد,د
40,45,اب,ذاب,ب
40,46,اب,ذاب,ب
40,47,ار,نار,ر
40,48,اد,باد,د
40,49,اب,ذاب,ب
40,50,لل,ضلل,ل
40,51,هد,شهد,د
40,52,ار,دار,ر
40,53,تب,كتب,ب
40,54,بب,لبب,ب
40,55,كر,بكر,ر
40,56,ير,صير,ر
40,57,ون,مون,ن
40,58,ون,رون,ن
40,59,ون,نون,ن
40,60,ين,رين,ن
40,61,ون,رون,ن
40,62,ون,كون,ن
40,63,ون,دون,ن
40,64,ين,مين,ن
40,65,ين,مين,ن
40,66,ين,مين,ن
40,67,ون,لون,ن
40,68,ون,كون,ن
40,69,ون,فون,ن
40,70,ون,مون,ن
40,71,ون,بون,ن
40,72,ون,رون,ن
40,73,ون,كون,ن
40,74,ين,رين,ن
40,75,ون,حون,ن
40,76,ين,رين,ن
40,77,ون,عون,ن
40,78,ون,لون,ن
40,79,ون,لون,ن
40,80,ون,لون,ن
40,81,ون,رون,ن
40,82,ون,بون,ن
40,83,ون,ءون,ن
40,84,ين,كين,ن
40,85,ون,رون,ن
41,1,حم,حم,م
41,2,يم,حيم,م
41,3,ون,مون,ن
41,4,ون,عون,ن
41,5,ون,لون,ن
41,6,ين,كين,ن
41,7,ون,رون,ن
41,8,ون,نون,ن
41,9,ين,مين,ن
41,10,ين,لين,ن
41,11,ين,عين,ن
41,12,يم,ليم,م
41,13,ود,مود,د
41,14,ون,رون,ن
41,15,ون,دون,ن
41,16,ون,رون,ن
41,17,ون,بون,ن
41,18,ون,قون,ن
41,19,ون,عون,ن
41,20,ون,لون,ن
41,21,ون,عون,ن
41,22,ون,لون,ن
41,23,ين,رين,ن
41,24,ين,بين,ن
41,25,ين,رين,ن
41,26,ون,بون,ن
41,27,ون,لون,ن
41,28,ون,دون,ن
41,29,ين,لين,ن
41,30,ون,دون,ن
41,31,ون,عون,ن
41,32,يم,حيم,م
41,33,ين,مين,ن
41,34,يم,ميم,م
41,35,يم,ظيم,م
41,36,يم,ليم,م
41,37,ون,دون,ن
41,38,ون,مون,ن
41,39,ير,دير,ر
41,40,ير,صير,ر
41,41,يز,زيز,ز
41,42,يد,ميد,د
41,43,يم,ليم,م
41,44,يد,عيد,د
41,45,يب,ريب,ب
41,46,يد,بيد,د
41,47,يد,هيد,د
41,48,يص,حيص,ص
41,49,وط,نوط,ط
41,50,يظ,ليظ,ظ
41,51,يض,ريض,ض
41,52,يد,عيد,د
41,53,يد,هيد,د
41,54,يط,حيط,ط
42,1,حم,حم,م
42,2,سق,عسق,ق
42,3,يم,كيم,م
42,4,يم,ظيم,م
42,5,يم,حيم,م
42,6,يل,كيل,ل
42,7,ير,عير,ر
42,8,ير,صير,ر
42,9,ير,دير,ر
42,10,يب,نيب,ب
42,11,ير,صير,ر
42,12,يم,ليم,م
42,13,يب,نيب,ب
42,14,يب,ريب,ب
42,15,ير,صير,ر
42,16,يد,ديد,د
42,17,يب,ريب,ب
42,18,يد,عيد,د
42,19,يز,زيز,ز
42,20,يب,صيب,ب
42,21,يم,ليم,م
42,22,ير,بير,ر
42,23,ور,كور,ر
42,24,ور,دور,ر
42,25,ون,لون,ن
42,26,يد,ديد,د
42,27,ير,صير,ر
42,28,يد,ميد,د
42,29,ير,دير,ر
42,30,ير,ثير,ر
42,31,ير,صير,ر
42,32,لم,علم,م
42,33,ور,كور,ر
42,34,ير,ثير,ر
42,35,يص,حيص,ص
42,36,ون,لون,ن
42,37,ون,رون,ن
42,38,ون,قون,ن
42,39,ون,رون,ن
42,40,ين,مين,ن
42,41,يل,بيل,ل
42,42,يم,ليم,م
42,43,ور,مور,ر
42,44,يل,بيل,ل
42,45,يم,قيم,م
42,46,يل,بيل,ل
42,47,ير,كير,ر
42,48,ور,فور,ر
42,49,ور,كور,ر
42,50,ير,دير,ر
42,51,يم,كيم,م
42,52,يم,قيم,م
42,53,ور,مور,ر
43,1,حم,حم,م
43,2,ين,بين,ن
43,3,ون,لون,ن
43,4,يم,كيم,م
43,5,ين,فين,ن
43,6,ين,لين,ن
43,7,ون,ءون,ن
43,8,ين,لين,ن
43,9,يم,ليم,م
43,10,ون,دون,ن
43,11,ون,جون,ن
43,12,ون,بون,ن
43,13,ين,نين,ن
43,14,ون,بون,ن
43,15,ين,بين,ن
43,16,ين,نين,ن
43,17,يم,ظيم,م
43,18,ين,بين,ن
43,19,ون,لون,ن
43,20,ون,صون,ن
43,21,ون,كون,ن
43,22,ون,دون,ن
43,23,ون,دون,ن
43,24,ون,رون,ن
43,25,ين,بين,ن
43,26,ون,دون,ن
43,27,ين,دين,ن
43,28,ون,عون,ن
43,29,ين,بين,ن
43,30,ون,رون,ن
43,31,يم,ظيم,م
43,32,ون,عون,ن
43,33,ون,رون,ن
43,34,ون,كون,ن
43,35,ين,قين,ن
43,36,ين,رين,ن
43,37,ون,دون,ن
43,38,ين,رين,ن
43,39,ون,كون,ن
43,40,ين,بين,ن
43,41,ون,مون,ن
43,42,ون,رون,ن
43,43,يم,قيم,م
43,44,ون,لون,ن
43,45,ون,دون,ن
43,46,ين,مين,ن
43,47,ون,كون,ن
43,48,ون,عون,ن
43,49,ون,دون,ن
43,50,ون,ثون,ن
43,51,ون,رون,ن
43,52,ين,بين,ن
43,53,ين,نين,ن
43,54,ين,قين,ن
43,55,ين,عين,ن
43,56,ين,رين,ن
43,57,ون,دون,ن
43,58,ون,مون,ن
43,59,يل,ءيل,ل
43,60,ون,فون,ن
43,61,يم,قيم,م
43,62,ين,بين,ن
43,63,ون,عون,ن
43,64,يم,قيم,م
43,65,يم,ليم,م
43,66,ون,رون,ن
43,67,ين,قين,ن
43,68,ون,نون,ن
43,69,ين,مين,ن
43,70,ون,رون,ن
43,71,ون,دون,ن
43,72,ون,لون,ن
43,73,ون,لون,ن
43,74,ون,دون,ن
43,75,ون,سون,ن
43,76,ين,مين,ن
43,77,ون,ثون,ن
43,78,ون,هون,ن
43,79,ون,مون,ن
43,80,ون,بون,ن
43,81,ين,دين,ن
43,82,ون,فون,ن
43,83,ون,دون,ن
43,84,يم,ليم,م
43,85,ون,عون,ن
43,86,ون,مون,ن
43,87,ون,كون,ن
43,88,ون,نون,ن
43,89,ون,مون,ن
44,1,حم,حم,م
44,2,ين,بين,ن
44,3,ين,رين,ن
44,4,يم,كيم,م
44,5,ين,لين,ن
44,6,يم,ليم,م
44,7,ين,نين,ن
44,8,ين,لين,ن
44,9,ون,بون,ن
44,10,ين,بين,ن
44,11,يم,ليم,م
44,12,ون,نون,ن
44,13,ين,بين,ن
44,14,ون,نون,ن
44,15,ون,دون,ن
44,16,ون,مون,ن
44,17,يم,ريم,م
44,18,ين,مين,ن
44,19,ين,بين,ن
44,20,ون,مون,ن
44,21,ون,لون,ن
44,22,ون,مون,ن
44,23,ون,عون,ن
44,24,ون,قون,ن
44,25,ون,يون,ن
44,26,يم,ريم,م
44,27,ين,هين,ن
44,28,ين,رين,ن
44,29,ين,رين,ن
44,30,ين,هين,ن
44,31,ين,فين,ن
44,32,ين,مين,ن
44,33,ين,بين,ن
44,34,ون,لون,ن
44,35,ين,رين,ن
44,36,ين,قين,ن
44,37,ين,مين,ن
44,38,ين,بين,ن
44,39,ون,مون,ن
44,40,ين,عين,ن
44,41,ون,رون,ن
44,42,يم,حيم,م
44,43,وم,قوم,م
44,44,يم,ثيم,م
44,45,ون,طون,ن
44,46,يم,ميم,م
44,47,يم,حيم,م
44,48,يم,ميم,م
44,49,يم,ريم,م
44,50,ون,رون,ن
44,51,ين,مين,ن
44,52,ون,يون,ن
44,53,ين,لين,ن
44,54,ين,عين,ن
44,55,ين,نين,ن
44,56,يم,حيم,م
44,57,يم,ظيم,م
44,58,ون,رون,ن
44,59,ون,بون,ن
45,1,حم,حم,م
45,2,يم,كيم,م
45,3,ين,نين,ن
45,4,ون,نون,ن
45,5,ون,لون,ن
45,6,ون,نون,ن
45,7,يم,ثيم,م
45,8,يم,ليم,م
45,9,ين,هين,ن
45,10,يم,ظيم,م
45,11,يم,ليم,م
45,12,ون,رون,ن
45,13,ون,رون,ن
45,14,ون,بون,ن
45,15,ون,عون,ن
45,16,ين,مين,ن
45,17,ون,فون,ن
45,18,ون,مون,ن
45,19,ين,قين,ن
45,20,ون,نون,ن
45,21,ون,مون,ن
45,22,ون,مون,ن
45,23,ون,رون,ن
45,24,ون,نون,ن
45,25,ين,قين,ن
45,26,ون,مون,ن
45,27,ون,لون,ن
45,28,ون,لون,ن
45,29,ون,لون,ن
45,30,ين,بين,ن
45,31,ين,مين,ن
45,32,ين,نين,ن
45,33,ون,ءون,ن
45,34,ين,رين,ن
45,35,ون,بون,ن
45,36,ين,مين,ن
45,37,يم,كيم,م
46,1,حم,حم,م
46,2,يم,كيم,م
46,3,ون,ضون,ن
46,4,ين,قين,ن
46,5,ون,لون,ن
46,6,ين,رين,ن
46,7,ين,بين,ن
46,8,يم,حيم,م
46,9,ين,بين,ن
46,10,ين,مين,ن
46,11,يم,ديم,م
46,12,ين,نين,ن
46,13,ون,نون,ن
46,14,ون,لون,ن
46,15,ين,مين,ن
46,16,ون,دون,ن
46,17,ين,لين,ن
46,18,ين,رين,ن
46,19,ون,مون,ن
46,20,ون,قون,ن
46,21,يم,ظيم,م
46,22,ين,قين,ن
46,23,ون,لون,ن
46,24,يم,ليم,م
46,25,ين,مين,ن
46,26,ون,ءون,ن
46,27,ون,عون,ن
46,28,ون,رون,ن
46,29,ين,رين,ن
46,30,يم,قيم,م
46,31,يم,ليم,م
46,32,ين,بين,ن
46,33,ير,دير,ر
46,34,ون,رون,ن
46,35,ون,قون,ن
47,1,هم,لهم,م
47,2,هم,لهم,م
47,3,هم,لهم,م
47,4,هم,لهم,م
47,5,هم,لهم,م
47,6,هم,لهم,م
47,7,كم,مكم,م
47,8,هم,لهم,م
47,9,هم,لهم,م
47,10,ها,لها,ا
47,11,هم,لهم,م
47,12,هم,لهم,م
47,13,هم,لهم,م
47,14,هم,ءهم,م
47,15,هم,ءهم,م
47,16,هم,ءهم,م
47,17,هم,اهم,م
47,18,هم,اهم,م
47,19,كم,اكم,م
47,20,هم,لهم,م
47,21,هم,لهم,م
47,22,كم,مكم,م
47,23,هم,رهم,م
47,24,ها,لها,ا
47,25,هم,لهم,م
47,26,هم,رهم,م
47,27,هم,رهم,م
47,28,هم,لهم,م
47,29,هم,نهم,م
47,30,كم,لكم,م
47,31,كم,ركم,م
47,32,هم,لهم,م
47,33,كم,لكم,م
47,34,هم,لهم,م
47,35,كم,لكم,م
47,36,كم,لكم,م
47,37,كم,نكم,م
47,38,كم,لكم,م
48,1,نا,ينا,ا
48,2,ما,يما,ا
48,3,زا,يزا,ا
48,4,ما,يما,ا
48,5,ما,يما,ا
48,6,را,يرا,ا
48,7,ما,يما,ا
48,8,را,يرا,ا
48,9,لا,يلا,ا
48,10,ما,يما,ا
48,11,را,يرا,ا
48,12,را,ورا,ا
48,13,را,يرا,ا
48,14,ما,يما,ا
48,15,لا,يلا,ا
48,16,ما,يما,ا
48,17,ما,يما,ا
48,18,با,يبا,ا
48,19,ما,يما,ا
48,20,ما,يما,ا
48,21,را,يرا,ا
48,22,را,يرا,ا
48,23,لا,يلا,ا
48,24,را,يرا,ا
48,25,ما,يما,ا
48,26,ما,يما,ا
48,27,با,يبا,ا
48,28,دا,يدا,ا
48,29,ما,يما,ا
49,1,يم,ليم,م
49,2,ون,رون,ن
49,3,يم,ظيم,م
49,4,ون,لون,ن
49,5,يم,حيم,م
49,6,ين,مين,ن
49,7,ون,دون,ن
49,8,يم,كيم,م
49,9,ين,طين,ن
49,10,ون,مون,ن
49,11,ون,مون,ن
49,12,يم,حيم,م
49,13,ير,بير,ر
49,14,يم,حيم,م
49,15,ون,قون,ن
49,16,يم,ليم,م
49,17,ين,قين,ن
49,18,ون,لون,ن
50,1,يد,جيد,د
50,2,يب,جيب,ب
50,3,يد,عيد,د
50,4,يظ,فيظ,ظ
50,5,يج,ريج,ج
50,6,وج,روج,ج
50,7,يج,هيج,ج
50,8,يب,نيب,ب
50,9,يد,صيد,د
50,10,يد,ضيد,د
50,11,وج,روج,ج
50,12,ود,مود,د
50,13,وط,لوط,ط
50,14,يد,عيد,د
50,15,يد,ديد,د
50,16,يد,ريد,د
50,17,يد,عيد,د
50,18,يد,تيد,د
50,19,يد,حيد,د
50,20,يد,عيد,د
50,21,يد,هيد,د
50,22,يد,ديد,د
50,23,يد,تيد,د
50,24,يد,نيد,د
50,25,يب,ريب,ب
50,26,يد,ديد,د
50,27,يد,عيد,د
50,28,يد,عيد,د
50,29,يد,بيد,د
50,30,يد,زيد,د
50,31,يد,عيد,د
50,32,يظ,فيظ,ظ
50,33,يب,نيب,ب
50,34,ود,لود,د
50,35,يد,زيد,د
50,36,يص,حيص,ص
50,37,يد,هيد,د
50,38,وب,غوب,ب
50,39,وب,روب,ب
50,40,ود,جود,د
50,41,يب,ريب,ب
50,42,وج,روج,ج
50,43,ير,صير,ر
50,44,ير,سير,ر
50,45,يد,عيد,د
51,1,وا,روا,ا
51,2,را,قرا,ا
51,3,را,سرا,ا
51,4,را,مرا,ا
51,5,دق,ادق,ق
51,6,قع,وقع,ع
51,7,بك,حبك,ك
51,8,لف,تلف,ف
51,9,فك,افك,ك
51,10,ون,صون,ن
51,11,ون,هون,ن
51,12,ين,دين,ن
51,13,ون,نون,ن
51,14,ون,لون,ن
51,15,ون,يون,ن
51,16,ين,نين,ن
51,17,ون,عون,ن
51,18,ون,رون,ن
51,19,وم,روم,م
51,20,ين,نين,ن
51,21,ون,رون,ن
51,22,ون,دون,ن
51,23,ون,قون,ن
51,24,ين,مين,ن
51,25,ون,رون,ن
51,26,ين,مين,ن
51,27,ون,لون,ن
51,28,يم,ليم,م
51,29,يم,قيم,م
51,30,يم,ليم,م
51,31,ون,لون,ن
51,32,ين,مين,ن
51,33,ين,طين,ن
51,34,ين,فين,ن
51,35,ين,نين,ن
51,36,ين,مين,ن
51,37,يم,ليم,م
51,38,ين,بين,ن
51,39,ون,نون,ن
51,40,يم,ليم,م
51,41,يم,قيم,م
51,42,يم,ميم,م
51,43,ين,حين,ن
51,44,ون,رون,ن
51,45,ين,رين,ن
51,46,ين,قين,ن
51,47,ون,عون,ن
51,48,ون,دون,ن
51,49,ون,رون,ن
51,50,ين,بين,ن
51,51,ين,بين,ن
51,52,ون,نون,ن
51,53,ون,غون,ن
51,54,وم,لوم,م
51,55,ين,نين,ن
51,56,ون,دون,ن
51,57,ون,مون,ن
51,58,ين,تين,ن
51,59,ون,لون,ن
51,60,ون,دون,ن
52,1,ور,طور,ر
52,2,ور,طور,ر
52,3,ور,شور,ر
52,4,ور,مور,ر
52,5,وع,فوع,ع
52,6,ور,جور,ر
52,7,قع,وقع,ع
52,8,فع,افع,ع
52,9,را,ورا,ا
52,10,را,يرا,ا
52,11,ين,بين,ن
52,12,ون,بون,ن
52,13,عا,دعا,ا
52,14,ون,بون,ن
52,15,ون,رون,ن
52,16,ون,لون,ن
52,17,يم,عيم,م
52,18,يم,حيم,م
52,19,ون,لون,ن
52,20,ين,عين,ن
52,21,ين,هين,ن
52,22,ون,هون,ن
52,23,يم,ثيم,م
52,24,ون,نون,ن
52,25,ون,لون,ن
52,26,ين,قين,ن
52,27,وم,موم,م
52,28,يم,حيم,م
52,29,ون,نون,ن
52,30,ون,نون,ن
52,31,ين,صين,ن
52,32,ون,غون,ن
52,33,ون,نون,ن
52,34,ين,قين,ن
52,35,ون,قون,ن
52,36,ون,نون,ن
52,37,ون,رون,ن
52,38,ين,بين,ن
52,39,ون,نون,ن
52,40,ون,لون,ن
52,41,ون,بون,ن
52,42,ون,دون,ن
52,43,ون,كون,ن
52,44,وم,كوم,م
52,45,ون,قون,ن
52,46,ون,رون,ن
52,47,ون,مون,ن
52,48,وم,قوم,م
52,49,وم,جوم,م
53,1,وا,هوا,ا
53,2,وا,غوا,ا
53,3,وا,هوا,ا
53,4,حا,وحا,ا
53,5,وا,قوا,ا
53,6,وا,توا,ا
53,7,لا,علا,ا
53,8,لا,دلا,ا
53,9,نا,دنا,ا
53,10,حا,وحا,ا
53,11,اا,راا,ا
53,12,را,يرا,ا
53,13,را,خرا,ا
53,14,ها,تها,ا
53,15,وا,اوا,ا
53,16,شا,غشا,ا
53,17,غا,طغا,ا
53,18,را,برا,ا
53,19,زا,عزا,ا
53,20,را,خرا,ا
53,21,ثا,نثا,ا
53,22,زا,يزا,ا
53,23,دا,هدا,ا
53,24,نا,منا,ا
53,25,لا,ولا,ا
53,26,ضا,رضا,ا
53,27,ثا,نثا,ا
53,28,يا,شيا,ا
53,29,يا,نيا,ا
53,30,دا,تدا,ا
53,31,نا,سنا,ا
53,32,قا,تقا,ا
53,33,لا,ولا,ا
53,34,دا,كدا,ا
53,35,را,يرا,ا
53,36,سا,وسا,ا
53,37,فا,وفا,ا
53,38,را,خرا,ا
53,39,عا,سعا,ا
53,40,را,يرا,ا
53,41,فا,وفا,ا
53,42,ها,تها,ا
53,43,كا,بكا,ا
53,44,يا,حيا,ا
53,45,ثا,نثا,ا
53,46,نا,منا,ا
53,47,را,خرا,ا
53,48,نا,قنا,ا
53,49,را,عرا,ا
53,50,لا,ولا,ا
53,51,قا,بقا,ا
53,52,غا,طغا,ا
53,53,وا,هوا,ا
53,54,شا,غشا,ا
53,55,را,ارا,ا
53,56,لا,ولا,ا
53,57,فه,زفه,ه
53,58,فه,شفه,ه
53,59,ون,بون,ن
53,60,ون,كون,ن
53,61,ون,دون,ن
53,62,وا,دوا,ا
54,1,مر,قمر,ر
54,2,مر,تمر,ر
54,3,قر,تقر,ر
54,4,جر,دجر,ر
54,5,ذر,نذر,ر
54,6,كر,نكر,ر
54,7,شر,تشر,ر
54,8,سر,عسر,ر
54,9,جر,دجر,ر
54,10,صر,تصر,ر
54,11,مر,همر,ر
54,12,در,قدر,ر
54,13,سر,دسر,ر
54,14,فر,كفر,ر
54,15,كر,دكر,ر
54,16,ذر,نذر,ر
54,17,كر,دكر,ر
54,18,ذر,نذر,ر
54,19,مر,تمر,ر
54,20,عر,قعر,ر
54,21,ذر,نذر,ر
54,22,كر,دكر,ر
54,23,ذر,نذر,ر
54,24,عر,سعر,ر
54,25,شر,اشر,ر
54,26,شر,اشر,ر
54,27,بر,طبر,ر
54,28,ضر,تضر,ر
54,29,قر,عقر,ر
54,30,ذر,نذر,ر
54,31,ظر,تظر,ر
54,32,كر,دكر,ر
54,33,ذر,نذر,ر
54,34,حر,سحر,ر
54,35,كر,شكر,ر
54,36,ذر,نذر,ر
54,37,ذر,نذر,ر
54,38,قر,تقر,ر
54,39,ذر,نذر,ر
54,40,كر,دكر,ر
54,41,ذر,نذر,ر
54,42,در,تدر,ر
54,43,بر,زبر,ر
54,44,صر,تصر,ر
54,45,بر,دبر,ر
54,46,مر,امر,ر
54,47,عر,سعر,ر
54,48,قر,سقر,ر
54,49,در,قدر,ر
54,50,صر,بصر,ر
54,51,كر,دكر,ر
54,52,بر,زبر,ر
54,53,طر,تطر,ر
54,54,هر,نهر,ر
54,55,در,تدر,ر
55,1,من,حمن,ن
55,2,ان,ءان,ن
55,3,سن,نسن,ن
55,4,ان,يان,ن
55,5,ان,بان,ن
55,6,ان,دان,ن
55,7,ان,زان,ن
55,8,ان,زان,ن
55,9,ان,زان,ن
55,10,ام,نام,م
55,11,ام,مام,م
55,12,ان,حان,ن
55,13,ان,بان,ن
55,14,ار,خار,ر
55,15,ار,نار,ر
55,16,ان,بان,ن
55,17,ين,بين,ن
55,18,ان,بان,ن
55,19,ان,يان,ن
55,20,ان,يان,ن
55,21,ان,بان,ن
55,22,ان,جان,ن
55,23,ان,بان,ن
55,24,لم,علم,م
55,25,ان,بان,ن
55,26,ان,فان,ن
55,27,ام,رام,م
55,28,ان,بان,ن
55,29,ان,شان,ن
55,30,ان,بان,ن
55,31,ان,لان,ن
55,32,ان,بان,ن
55,33,طن,لطن,ن
55,34,ان,بان,ن
55,35,ان,ران,ن
55,36,ان,بان,ن
55,37,ان,هان,ن
55,38,ان,بان,ن
55,39,ان,جان,ن
55,40,ان,بان,ن
55,41,ام,دام,م
55,42,ان,بان,ن
55,43,ون,مون,ن
55,44,ان,ءان,ن
55,45,ان,بان,ن
55,46,ان,تان,ن
55,47,ان,بان,ن
55,48,ان,نان,ن
55,49,ان,بان,ن
55,50,ان,يان,ن
55,51,ان,بان,ن
55,52,ان,جان,ن
55,53,ان,بان,ن
55,54,ان,دان,ن
55,55,ان,بان,ن
55,56,ان,جان,ن
55,57,ان,بان,ن
55,58,ان,جان,ن
55,59,ان,بان,ن
55,60,سن,حسن,ن
55,61,ان,بان,ن
55,62,ان,تان,ن
55,63,ان,بان,ن
55,64,ان,تان,ن
55,65,ان,بان,ن
55,66,ان,تان,ن
55,67,ان,بان,ن
55,68,ان,مان,ن
55,69,ان,بان,ن
55,70,ان,سان,ن
55,71,ان,بان,ن
55,72,ام,يام,م
55,73,ان,بان,ن
55,74,ان,جان,ن
55,75,ان,بان,ن
55,76,ان,سان,ن
55,77,ان,بان,ن
55,78,ام,رام,م
56,1,عه,قعه,ه
56,2,به,ذبه,ه
56,3,عه,فعه,ه
56,4,جا,رجا,ا
56,5,سا,بسا,ا
56,6,ثا,بثا,ا
56,7,ثه,لثه,ه
56,8,نه,منه,ه
56,9,مه,شمه,ه
56,10,ون,قون,ن
56,11,ون,بون,ن
56,12,يم,عيم,م
56,13,ين,لين,ن
56,14,ين,رين,ن
56,15,نه,ونه,ه
56,16,ين,لين,ن
56,17,ون,دون,ن
56,18,ين,عين,ن
56,19,ون,فون,ن
56,20,ون,رون,ن
56,21,ون,هون,ن
56,22,ين,عين,ن
56,23,ون,نون,ن
56,24,ون,لون,ن
56,25,ما,يما,ا
56,26,ما,لما,ا
56,27,ين,مين,ن
56,28,ود,ضود,د
56,29,ود,ضود,د
56,30,ود,دود,د
56,31,وب,كوب,ب
56,32,ره,يره,ه
56,33,عه,وعه,ه
56,34,عه,وعه,ه
56,35,اء,شاء,ء
56,36,را,ارا,ا
56,37,با,ابا,ا
56,38,ين,مين,ن
56,39,ين,لين,ن
56,40,ين,رين,ن
56,41,ال,مال,ل
56,42,يم,ميم,م
56,43,وم,موم,م
56,44,يم,ريم,م
56,45,ين,فين,ن
56,46,يم,ظيم,م
56,47,ون,ثون,ن
56,48,ون,لون,ن
56,49,ين,رين,ن
56,50,وم,لوم,م
56,51,ون,بون,ن
56,52,وم,قوم,م
56,53,ون,طون,ن
56,54,يم,ميم,م
56,55,يم,هيم,م
56,56,ين,دين,ن
56,57,ون,قون,ن
56,58,ون,نون,ن
56,59,ون,قون,ن
56,60,ين,قين,ن
56,61,ون,مون,ن
56,62,ون,رون,ن
56,63,ون,ثون,ن
56,64,ون,عون,ن
56,65,ون,هون,ن
56,66,ون,مون,ن
56,67,ون,مون,ن
56,68,ون,بون,ن
56,69,ون,لون,ن
56,70,ون,رون,ن
56,71,ون,رون,ن
56,72,ون,شون,ن
56,73,ين,وين,ن
56,74,يم,ظيم,م
56,75,وم,جوم,م
56,76,يم,ظيم,م
56,77,يم,ريم,م
56,78,ون,نون,ن
56,79,ون,رون,ن
56,80,ين,مين,ن
56,81,ون,نون,ن
56,82,ون,بون,ن
56,83,وم,قوم,م
56,84,ون,رون,ن
56,85,ون,رون,ن
56,86,ين,نين,ن
56,87,ين,قين,ن
56,88,ين,بين,ن
56,89,يم,عيم,م
56,90,ين,مين,ن
56,91,ين,مين,ن
56,92,ين,لين,ن
56,93,يم,ميم,م
56,94,يم,حيم,م
56,95,ين,قين,ن
56,96,يم,ظيم,م
57,1,يم,كيم,م
57,2,ير,دير,ر
57,3,يم,ليم,م
57,4,ير,صير,ر
57,5,ور,مور,ر
57,6,ور,دور,ر
57,7,ير,بير,ر
57,8,ين,نين,ن
57,9,يم,حيم,م
57,10,ير,بير,ر
57,11,يم,ريم,م
57,12,يم,ظيم,م
57,13,اب,ذاب,ب
57,14,ور,رور,ر
57,15,ير,صير,ر
57,16,ون,قون,ن
57,17,ون,لون,ن
57,18,يم,ريم,م
57,19,يم,حيم,م
57,20,ور,رور,ر
57,21,يم,ظيم,م
57,22,ير,سير,ر
57,23,ور,خور,ر
57,24,يد,ميد,د
57,25,يز,زيز,ز
57,26,ون,قون,ن
57,27,ون,قون,ن
57,28,يم,حيم,م
57,29,يم,ظيم,م
58,1,ير,صير,ر
58,2,ور,فور,ر
58,3,ير,بير,ر
58,4,يم,ليم,م
58,5,ين,هين,ن
58,6,يد,هيد,د
58,7,يم,ليم,م
58,8,ير,صير,ر
58,9,ون,رون,ن
58,10,ون,نون,ن
58,11,ير,بير,ر
58,12,يم,حيم,م
58,13,ون,لون,ن
58,14,ون,مون,ن
58,15,ون,لون,ن
58,16,ين,هين,ن
58,17,ون,دون,ن
58,18,ون,بون,ن
58,19,ون,رون,ن
58,20,ين,لين,ن
58,21,يز,زيز,ز
58,22,ون,حون,ن
59,1,يم,كيم,م
59,2,صر,بصر,ر
59,3,ار,نار,ر
59,4,اب,قاب,ب
59,5,ين,قين,ن
59,6,ير,دير,ر
59,7,اب,قاب,ب
59,8,ون,قون,ن
59,9,ون,حون,ن
59,10,يم,حيم,م
59,11,ون,بون,ن
59,12,ون,رون,ن
59,13,ون,هون,ن
59,14,ون,لون,ن
59,15,يم,ليم,م
59,16,ين,مين,ن
59,17,ين,مين,ن
59,18,ون,لون,ن
59,19,ون,قون,ن
59,20,ون,زون,ن
59,21,ون,رون,ن
59,22,يم,حيم,م
59,23,ون,كون,ن
59,24,يم,كيم,م
60,1,يل,بيل,ل
60,2,ون,رون,ن
60,3,ير,صير,ر
60,4,ير,صير,ر
60,5,يم,كيم,م
60,6,يد,ميد,د
60,7,يم,حيم,م
60,8,ين,طين,ن
60,9,ون,مون,ن
60,10,يم,كيم,م
60,11,ون,نون,ن
60,12,يم,حيم,م
60,13,ور,بور,ر
61,1,يم,كيم,م
61,2,ون,لون,ن
61,3,ون,لون,ن
61,4,وص,صوص,ص
61,5,ين,قين,ن
61,6,ين,بين,ن
61,7,ين,مين,ن
61,8,ون,رون,ن
61,9,ون,كون,ن
61,10,يم,ليم,م
61,11,ون,مون,ن
61,12,يم,ظيم,م
61,13,ين,نين,ن
61,14,ين,رين,ن
62,1,يم,كيم,م
62,2,ين,بين,ن
62,3,يم,كيم,م
62,4,يم,ظيم,م
62,5,ين,مين,ن
62,6,ين,قين,ن
62,7,ين,مين,ن
62,8,ون,لون,ن
62,9,ون,مون,ن
62,10,ون,حون,ن
62,11,ين,قين,ن
63,1,ون,بون,ن
63,2,ون,لون,ن
63,3,ون,هون,ن
63,4,ون,كون,ن
63,5,ون,رون,ن
63,6,ين,قين,ن
63,7,ون,هون,ن
63,8,ون,مون,ن
63,9,ون,رون,ن
63,10,ين,حين,ن
63,11,ون,لون,ن
64,1,ير,دير,ر
64,2,ير,صير,ر
64,3,ير,صير,ر
64,4,ور,دور,ر
64,5,يم,ليم,م
64,6,يد,ميد,د
64,7,ير,سير,ر
64,8,ير,بير,ر
64,9,يم,ظيم,م
64,10,ير,صير,ر
64,11,يم,ليم,م
64,12,ين,بين,ن
64,13,ون,نون,ن
64,14,يم,حيم,م
64,15,يم,ظيم,م
64,16,ون,حون,ن
64,17,يم,ليم,م
64,18,يم,كيم,م
65,1,را,مرا,ا
65,2,جا,رجا,ا
65,3,را,درا,ا
65,4,را,سرا,ا
65,5,را,جرا,ا
65,6,را,خرا,ا
65,7,را,سرا,ا
65,8,را,كرا,ا
65,9,را,سرا,ا
65,10,را,كرا,ا
65,11,قا,زقا,ا
65,12,ما,لما,ا
66,1,يم,حيم,م
66,2,يم,كيم,م
66,3,ير,بير,ر
66,4,ير,هير,ر
66,5,را,ارا,ا
66,6,ون,رون,ن
66,7,ون,لون,ن
66,8,ير,دير,ر
66,9,ير,صير,ر
66,10,ين,لين,ن
66,11,ين,مين,ن
66,12,ين,تين,ن
67,1,ير,دير,ر
67,2,ور,فور,ر
67,3,ور,طور,ر
67,4,ير,سير,ر
67,5,ير,عير,ر
67,6,ير,صير,ر
67,7,ور,فور,ر
67,8,ير,ذير,ر
67,9,ير,بير,ر
67,10,ير,عير,ر
67,11,ير,عير,ر
67,12,ير,بير,ر
67,13,ور,دور,ر
67,14,ير,بير,ر
67,15,ور,شور,ر
67,16,ور,مور,ر
67,17,ير,ذير,ر
67,18,ير,كير,ر
67,19,ير,صير,ر
67,20,ور,رور,ر
67,21,ور,فور,ر
67,22,يم,قيم,م
67,23,ون,رون,ن
67,24,ون,رون,ن
67,25,ين,قين,ن
67,26,ين,بين,ن
67,27,ون,عون,ن
67,28,يم,ليم,م
67,29,ين,بين,ن
67,30,ين,عين,ن
68,1,ون,رون,ن
68,2,ون,نون,ن
68,3,ون,نون,ن
68,4,يم,ظيم,م
68,5,ون,رون,ن
68,6,ون,تون,ن
68,7,ين,دين,ن
68,8,ين,بين,ن
68,9,ون,نون,ن
68,10,ين,هين,ن
68,11,يم,ميم,م
68,12,يم,ثيم,م
68,13,يم,نيم,م
68,14,ين,نين,ن
68,15,ين,لين,ن
68,16,وم,طوم,م
68,17,ين,حين,ن
68,18,ون,نون,ن
68,19,ون,مون,ن
68,20,يم,ريم,م
68,21,ين,حين,ن
68,22,ين,مين,ن
68,23,ون,تون,ن
68,24,ين,كين,ن
68,25,ين,رين,ن
68,26,ون,لون,ن
68,27,ون,مون,ن
68,28,ون,حون,ن
68,29,ين,مين,ن
68,30,ون,مون,ن
68,31,ين,غين,ن
68,32,ون,بون,ن
68,33,ون,مون,ن
68,34,يم,عيم,م
68,35,ين,مين,ن
68,36,ون,مون,ن
68,37,ون,سون,ن
68,38,ون,رون,ن
68,39,ون,مون,ن
68,40,يم,عيم,م
68,41,ين,قين,ن
68,42,ون,عون,ن
68,43,ون,مون,ن
68,44,ون,مون,ن
68,45,ين,تين,ن
68,46,ون,لون,ن
68,47,ون,بون,ن
68,48,وم,ظوم,م
68,49,وم,موم,م
68,50,ين,حين,ن
68,51,ون,نون,ن
68,52,ين,مين,ن
69,1,قه,اقه,ه
69,2,قه,اقه,ه
69,3,قه,اقه,ه
69,4,عه,رعه,ه
69,5,يه,غيه,ه
69,6,يه,تيه,ه
69,7,يه,ويه,ه
69,8,يه,قيه,ه
69,9,يه,طيه,ه
69,10,يه,بيه,ه
69,11,يه,ريه,ه
69,12,يه,عيه,ه
69,13,ده,حده,ه
69,14,ده,حده,ه
69,15,عه,قعه,ه
69,16,يه,هيه,ه
69,17,يه,نيه,ه
69,18,يه,فيه,ه
69,19,يه,بيه,ه
69,20,يه,بيه,ه
69,21,يه,ضيه,ه
69,22,يه,ليه,ه
69,23,يه,نيه,ه
69,24,يه,ليه,ه
69,25,يه,بيه,ه
69,26,يه,بيه,ه
69,27,يه,ضيه,ه
69,28,يه,ليه,ه
69,29,يه,نيه,ه
69,30,وه,لوه,ه
69,31,وه,لوه,ه
69,32,وه,كوه,ه
69,33,يم,ظيم,م
69,34,ين,كين,ن
69,35,يم,ميم,م
69,36,ين,لين,ن
69,37,ون,طون,ن
69,38,ون,رون,ن
69,39,ون,رون,ن
69,40,يم,ريم,م
69,41,ون,نون,ن
69,42,ون,رون,ن
69,43,ين,مين,ن
69,44,يل,ويل,ل
69,45,ين,مين,ن
69,46,ين,تين,ن
69,47,ين,زين,ن
69,48,ين,قين,ن
69,49,ين,بين,ن
69,50,ين,رين,ن
69,51,ين,قين,ن
69,52,يم,ظيم,م
70,1,قع,اقع,ع
70,2,فع,افع,ع
70,3,رج,ارج,ج
70,4,نه,سنه,ه
70,5,لا,يلا,ا
70,6,دا,يدا,ا
70,7,با,يبا,ا
70,8,هل,مهل,ل
70,9,هن,عهن,ن
70,10,ما,يما,ا
70,11,يه,نيه,ه
70,12,يه,خيه,ه
70,13,يه,ويه,ه
70,14,يه,جيه,ه
70,15,ظا,لظا,ا
70,16,وا,شوا,ا
70,17,لا,ولا,ا
70,18,عا,وعا,ا
70,19,عا,وعا,ا
70,20,عا,وعا,ا
70,21,عا,وعا,ا
70,22,ين,لين,ن
70,23,ون,مون,ن
70,24,وم,لوم,م
70,25,وم,روم,م
70,26,ين,دين,ن
70,27,ون,قون,ن
70,28,ون,مون,ن
70,29,ون,ظون,ن
70,30,ين,مين,ن
70,31,ون,دون,ن
70,32,ون,عون,ن
70,33,ون,مون,ن
70,34,ون,ظون,ن
70,35,ون,مون,ن
70,36,ين,عين,ن
70,37,ين,زين,ن
70,38,يم,عيم,م
70,39,ون,مون,ن
70,40,ون,رون,ن
70,41,ين,قين,ن
70,42,ون,دون,ن
70,43,ون,ضون,ن
70,44,ون,دون,ن
71,1,يم,ليم,م
71,2,ين,بين,ن
71,3,ون,عون,ن
71,4,ون,مون,ن
71,5,را,ارا,ا
71,6,را,ارا,ا
71,7,را,ارا,ا
71,8,را,ارا,ا
71,9,را,ارا,ا
71,10,را,ارا,ا
71,11,را,ارا,ا
71,12,را,هرا,ا
71,13,را,ارا,ا
71,14,را,ارا,ا
71,15,قا,اقا,ا
71,16,جا,اجا,ا
71,17,تا,اتا,ا
71,18,جا,اجا,ا
71,19,طا,اطا,ا
71,20,جا,اجا,ا
71,21,را,ارا,ا
71,22,را,ارا,ا
71,23,را,سرا,ا
71,24,لا,للا,ا
71,25,را,ارا,ا
71,26,را,ارا,ا
71,27,را,ارا,ا
71,28,را,ارا,ا
72,1,با,جبا,ا
72,2,دا,حدا,ا
72,3,دا,لدا,ا
72,4,طا,ططا,ا
72,5,با,ذبا,ا
72,6,قا,هقا,ا
72,7,دا,حدا,ا
72,8,با,هبا,ا
72,9,دا,صدا,ا
72,10,دا,شدا,ا
72,11,دا,ددا,ا
72,12,با,ربا,ا
72,13,قا,هقا,ا
72,14,دا,شدا,ا
72,15,با,طبا,ا
72,16,قا,دقا,ا
72,17,دا,عدا,ا
72,18,دا,حدا,ا
72,19,دا,بدا,ا
72,20,دا,حدا,ا
72,21,دا,شدا,ا
72,22,دا,حدا,ا
72,23,دا,بدا,ا
72,24,دا,ددا,ا
72,25,دا,مدا,ا
72,26,دا,حدا,ا
72,27,دا,صدا,ا
72,28,دا,ددا,ا
73,1,مل,زمل,ل
73,2,لا,يلا,ا
73,3,لا,يلا,ا
73,4,لا,يلا,ا
73,5,لا,يلا,ا
73,6,لا,يلا,ا
73,7,لا,يلا,ا
73,8,لا,يلا,ا
73,9,لا,يلا,ا
73,10,لا,يلا,ا
73,11,لا,يلا,ا
73,12,ما,يما,ا
73,13,ما,يما,ا
73,14,لا,يلا,ا
73,15,لا,ولا,ا
73,16,لا,يلا,ا
73,17,با,يبا,ا
73,18,لا,ولا,ا
73,19,لا,يلا,ا
73,20,يم,حيم,م
74,1,ثر,دثر,ر
74,2,ذر,نذر,ر
74,3,بر,كبر,ر
74,4,هر,طهر,ر
74,5,جر,هجر,ر
74,6,ثر,كثر,ر
74,7,بر,صبر,ر
74,8,ور,قور,ر
74,9,ير,سير,ر
74,10,ير,سير,ر
74,11,دا,يدا,ا
74,12,دا,ودا,ا
74,13,دا,ودا,ا
74,14,دا,يدا,ا
74,15,يد,زيد,د
74,16,دا,يدا,ا
74,17,دا,ودا,ا
74,18,در,قدر,ر
74,19,در,قدر,ر
74,20,در,قدر,ر
74,21,ظر,نظر,ر
74,22,سر,بسر,ر
74,23,بر,كبر,ر
74,24,ثر,وثر,ر
74,25,شر,بشر,ر
74,26,قر,سقر,ر
74,27,قر,سقر,ر
74,28,ذر,تذر,ر
74,29,شر,بشر,ر
74,30,شر,عشر,ر
74,31,شر,بشر,ر
74,32,مر,قمر,ر
74,33,بر,دبر,ر
74,34,فر,سفر,ر
74,35,بر,كبر,ر
74,36,شر,بشر,ر
74,37,خر,اخر,ر
74,38,نه,ينه,ه
74,39,ين,مين,ن
74,40,ون,لون,ن
74,41,ين,مين,ن
74,42,قر,سقر,ر
74,43,ين,لين,ن
74,44,ين,كين,ن
74,45,ين,ضين,ن
74,46,ين,دين,ن
74,47,ين,قين,ن
74,48,ين,عين,ن
74,49,ين,ضين,ن
74,50,ره,فره,ه
74,51,ره,وره,ه
74,52,ره,شره,ه
74,53,ره,خره,ه
74,54,ره,كره,ه
74,55,ره,كره,ه
74,56,ره,فره,ه
75,1,مه,يمه,ه
75,2,مه,امه,ه
75,3,مه,امه,ه
75,4,نه,انه,ه
75,5,مه,امه,ه
75,6,مه,يمه,ه
75,7,صر,بصر,ر
75,8,مر,قمر,ر
75,9,مر,قمر,ر
75,10,فر,مفر,ر
75,11,زر,وزر,ر
75,12,قر,تقر,ر
75,13,خر,اخر,ر
75,14,ره,يره,ه
75,15,ره,يره,ه
75,16,به,به,ه
75,17,نه,انه,ه
75,18,نه,انه,ه
75,19,نه,انه,ه
75,20,له,جله,ه
75,21,ره,خره,ه
75,22,ره,ضره,ه
75,23,ره,ظره,ه
75,24,ره,سره,ه
75,25,ره,قره,ه
75,26,قي,اقي,ي
75,27,اق,راق,ق
75,28,اق,راق,ق
75,29,اق,ساق,ق
75,30,اق,ساق,ق
75,31,لا,صلا,ا
75,32,لا,ولا,ا
75,33,طا,مطا,ا
75,34,لا,ولا,ا
75,35,لا,ولا,ا
75,36,دا,سدا,ا
75,37,نا,منا,ا
75,38,وا,سوا,ا
75,39,ثا,نثا,ا
75,40,تا,وتا,ا
76,1,را,ورا,ا
76,2,را,يرا,ا
76,3,را,ورا,ا
76,4,را,يرا,ا
76,5,را,ورا,ا
76,6,را,يرا,ا
76,7,را,يرا,ا
76,8,را,يرا,ا
76,9,را,ورا,ا
76,10,را,يرا,ا
76,11,را,ورا,ا
76,12,را,يرا,ا
76,13,را,يرا,ا
76,14,لا,يلا,ا
76,15,را,يرا,ا
76,16,را,يرا,ا
76,17,لا,يلا,ا
76,18,لا,يلا,ا
76,19,را,ورا,ا
76,20,را,يرا,ا
76,21,را,ورا,ا
76,22,را,ورا,ا
76,23,لا,يلا,ا
76,24,را,ورا,ا
76,25,لا,يلا,ا
76,26,لا,يلا,ا
76,27,لا,يلا,ا
76,28,لا,يلا,ا
76,29,لا,يلا,ا
76,30,ما,يما,ا
76,31,ما,يما,ا
77,1,فا,رفا,ا
77,2,فا,صفا,ا
77,3,را,شرا,ا
77,4,قا,رقا,ا
77,5,را,كرا,ا
77,6,را,ذرا,ا
77,7,قع,وقع,ع
77,8,ست,مست,ت
77,9,جت,رجت,ت
77,10,فت,سفت,ت
77,11,تت,قتت,ت
77,12,لت,جلت,ت
77,13,صل,فصل,ل
77,14,صل,فصل,ل
77,15,ين,بين,ن
77,16,ين,لين,ن
77,17,ين,رين,ن
77,18,ين,مين,ن
77,19,ين,بين,ن
77,20,ين,هين,ن
77,21,ين,كين,ن
77,22,وم,لوم,م
77,23,ون,رون,ن
77,24,ين,بين,ن
77,25,تا,اتا,ا
77,26,تا,وتا,ا
77,27,تا,اتا,ا
77,28,ين,بين,ن
77,29,ون,بون,ن
77,30,عب,شعب,ب
77,31,هب,لهب,ب
77,32,صر,قصر,ر
77,33,فر,صفر,ر
77,34,ين,بين,ن
77,35,ون,قون,ن
77,36,ون,رون,ن
77,37,ين,بين,ن
77,38,ين,لين,ن
77,39,ون,دون,ن
77,40,ين,بين,ن
77,41,ون,يون,ن
77,42,ون,هون,ن
77,43,ون,لون,ن
77,44,ين,نين,ن
77,45,ين,بين,ن
77,46,ون,مون,ن
77,47,ين,بين,ن
77,48,ون,عون,ن
77,49,ين,بين,ن
77,50,ون,نون,ن
78,1,ون,لون,ن
78,2,يم,ظيم,م
78,3,ون,فون,ن
78,4,ون,مون,ن
78,5,ون,مون,ن
78,6,دا,هدا,ا
78,7,دا,ادا,ا
78,8,جا,وجا,ا
78,9,تا,اتا,ا
78,10,سا,اسا,ا
78,11,شا,اشا,ا
78,12,دا,ادا,ا
78,13,جا,اجا,ا
78,14,جا,اجا,ا
78,15,تا,اتا,ا
78,16,فا,افا,ا
78,17,تا,قتا,ا
78,18,جا,اجا,ا
78,19,با,وبا,ا
78,20,با,ابا,ا
78,21,دا,ادا,ا
78,22,با,ابا,ا
78,23,با,ابا,ا
78,24,با,ابا,ا
78,25,قا,اقا,ا
78,26,قا,اقا,ا
78,27,با,ابا,ا
78,28,با,ابا,ا
78,29,با,تبا,ا
78,30,با,ابا,ا
78,31,زا,ازا,ا
78,32,با,نبا,ا
78,33,با,ابا,ا
78,34,قا,اقا,ا
78,35,با,ذبا,ا
78,36,با,ابا,ا
78,37,با,ابا,ا
78,38,با,ابا,ا
78,39,با,ابا,ا
78,40,با,ربا,ا
79,1,قا,رقا,ا
79,2,طا,شطا,ا
79,3,حا,بحا,ا
79,4,قا,بقا,ا
79,5,را,مرا,ا
79,6,فه,جفه,ه
79,7,فه,دفه,ه
79,8,فه,جفه,ه
79,9,عه,شعه,ه
79,10,ره,فره,ه
79,11,ره,خره,ه
79,12,ره,سره,ه
79,13,ده,حده,ه
79,14,ره,هره,ه
79,15,سا,وسا,ا
79,16,وا,طوا,ا
79,17,غا,طغا,ا
79,18,كا,زكا,ا
79,19,شا,خشا,ا
79,20,را,برا,ا
79,21,صا,عصا,ا
79,22,عا,سعا,ا
79,23,دا,ادا,ا
79,24,لا,علا,ا
79,25,لا,ولا,ا
79,26,شا,خشا,ا
79,27,ها,اها,ا
79,28,ها,اها,ا
79,29,ها,اها,ا
79,30,ها,اها,ا
79,31,ها,اها,ا
79,32,ها,اها,ا
79,33,كم,مكم,م
79,34,را,برا,ا
79,35,عا,سعا,ا
79,36,را,يرا,ا
79,37,غا,طغا,ا
79,38,يا,نيا,ا
79,39,وا,اوا,ا
79,40,وا,هوا,ا
79,41,وا,اوا,ا
79,42,ها,اها,ا
79,43,ها,اها,ا
79,44,ها,اها,ا
79,45,ها,اها,ا
79,46,ها,اها,ا
80,1,لا,ولا,ا
80,2,ما,عما,ا
80,3,كا,زكا,ا
80,4,را,كرا,ا
80,5,نا,غنا,ا
80,6,دا,صدا,ا
80,7,كا,زكا,ا
80,8,عا,سعا,ا
80,9,شا,خشا,ا
80,10,ها,لها,ا
80,11,ره,كره,ه
80,12,ره,كره,ه
80,13,مه,رمه,ه
80,14,ره,هره,ه
80,15,ره,فره,ه
80,16,ره,رره,ه
80,17,ره,فره,ه
80,18,قه,لقه,ه
80,19,ره,دره,ه
80,20,ره,سره,ه
80,21,ره,بره,ه
80,22,ره,شره,ه
80,23,ره,مره,ه
80,24,مه,امه,ه
80,25,با,صبا,ا
80,26,قا,شقا,ا
80,27,با,حبا,ا
80,28,با,ضبا,ا
80,29,لا,خلا,ا
80,30,با,لبا,ا
80,31,با,ابا,ا
80,32,كم,مكم,م
80,33,خه,اخه,ه
80,34,يه,خيه,ه
80,35,يه,بيه,ه
80,36,يه,نيه,ه
80,37,يه,نيه,ه
80,38,ره,فره,ه
80,39,ره,شره,ه
80,40,ره,بره,ه
80,41,ره,تره,ه
80,42,ره,جره,ه
81,1,رت,ورت,ت
81,2,رت,درت,ت
81,3,رت,يرت,ت
81,4,لت,طلت,ت
81,5,رت,شرت,ت
81,6,رت,جرت,ت
81,7,جت,وجت,ت
81,8,لت,يلت,ت
81,9,لت,تلت,ت
81,10,رت,شرت,ت
81,11,طت,شطت,ت
81,12,رت,عرت,ت
81,13,فت,لفت,ت
81,14,رت,ضرت,ت
81,15,نس,خنس,س
81,16,نس,كنس,س
81,17,عس,سعس,س
81,18,فس,نفس,س
81,19,يم,ريم,م
81,20,ين,كين,ن
81,21,ين,مين,ن
81,22,ون,نون,ن
81,23,ين,بين,ن
81,24,ين,نين,ن
81,25,يم,جيم,م
81,26,ون,بون,ن
81,27,ين,مين,ن
81,28,يم,قيم,م
81,29,ين,مين,ن
82,1,رت,طرت,ت
82,2,رت,ثرت,ت
82,3,رت,جرت,ت
82,4,رت,ثرت,ت
82,5,رت,خرت,ت
82,6,يم,ريم,م
82,7,لك,دلك,ك
82,8,بك,كبك,ك
82,9,ين,دين,ن
82,10,ين,ظين,ن
82,11,ين,بين,ن
82,12,ون,لون,ن
82,13,يم,عيم,م
82,14,يم,حيم,م
82,15,ين,دين,ن
82,16,ين,بين,ن
82,17,ين,دين,ن
82,18,ين,دين,ن
82,19,له,لله,ه
83,1,ين,فين,ن
83,2,ون,فون,ن
83,3,ون,رون,ن
83,4,ون,ثون,ن
83,5,يم,ظيم,م
83,6,ين,مين,ن
83,7,ين,جين,ن
83,8,ين,جين,ن
83,9,وم,قوم,م
83,10,ين,بين,ن
83,11,ين,دين,ن
83,12,يم,ثيم,م
83,13,ين,لين,ن
83,14,ون,بون,ن
83,15,ون,بون,ن
83,16,يم,حيم,م
83,17,ون,بون,ن
83,18,ين,يين,ن
83,19,ون,يون,ن
83,20,وم,قوم,م
83,21,ون,بون,ن
83,22,يم,عيم,م
83,23,ون,رون,ن
83,24,يم,عيم,م
83,25,وم,توم,م
83,26,ون,سون,ن
83,27,يم,نيم,م
83,28,ون,بون,ن
83,29,ون,كون,ن
83,30,ون,زون,ن
83,31,ين,هين,ن
83,32,ون,لون,ن
83,33,ين,ظين,ن
83,34,ون,كون,ن
83,35,ون,رون,ن
83,36,ون,لون,ن
84,1,قت,شقت,ت
84,2,قت,حقت,ت
84,3,دت,مدت,ت
84,4,لت,خلت,ت
84,5,قت,حقت,ت
84,6,يه,قيه,ه
84,7,نه,ينه,ه
84,8,را,يرا,ا
84,9,را,ورا,ا
84,10,ره,هره,ه
84,11,را,ورا,ا
84,12,را,يرا,ا
84,13,را,ورا,ا
84,14,ور,حور,ر
84,15,را,يرا,ا
84,16,فق,شفق,ق
84,17,سق,وسق,ق
84,18,سق,تسق,ق
84,19,بق,طبق,ق
84,20,ون,نون,ن
84,21,ون,دون,ن
84,22,ون,بون,ن
84,23,ون,عون,ن
84,24,يم,ليم,م
84,25,ون,نون,ن
85,1,وج,روج,ج
85,2,ود,عود,د
85,3,ود,هود,د
85,4,ود,دود,د
85,5,ود,قود,د
85,6,ود,عود,د
85,7,ود,هود,د
85,8,يد,ميد,د
85,9,يد,هيد,د
85,10,يق,ريق,ق
85,11,ير,بير,ر
85,12,يد,ديد,د
85,13,يد,عيد,د
85,14,ود,دود,د
85,15,يد,جيد,د
85,16,يد,ريد,د
85,17,ود,نود,د
85,18,ود,مود,د
85,19,يب,ذيب,ب
85,20,يط,حيط,ط
85,21,يد,جيد,د
85,22,وظ,فوظ,ظ
86,1,رق,ارق,ق
86,2,رق,ارق,ق
86,3,قب,اقب,ب
86,4,فظ,افظ,ظ
86,5,لق,خلق,ق
86,6,فق,افق,ق
86,7,يب,ايب,ب
86,8,در,ادر,ر
86,9,ير,اير,ر
86,10,صر,اصر,ر
86,11,جع,رجع,ع
86,12,دع,صدع,ع
86,13,صل,فصل,ل
86,14,زل,هزل,ل
86,15,دا,يدا,ا
86,16,دا,يدا,ا
86,17,دا,يدا,ا
87,1,لا,علا,ا
87,2,وا,سوا,ا
87,3,دا,هدا,ا
87,4,عا,رعا,ا
87,5,وا,حوا,ا
87,6,سا,نسا,ا
87,7,فا,خفا,ا
87,8,را,سرا,ا
87,9,را,كرا,ا
87,10,شا,خشا,ا
87,11,قا,شقا,ا
87,12,را,برا,ا
87,13,يا,حيا,ا
87,14,كا,زكا,ا
87,15,لا,صلا,ا
87,16,يا,نيا,ا
87,17,قا,بقا,ا
87,18,لا,ولا,ا
87,19,سا,وسا,ا
88,1,يه,شيه,ه
88,2,عه,شعه,ه
88,3,به,صبه,ه
88,4,يه,ميه,ه
88,5,يه,نيه,ه
88,6,يع,ريع,ع
88,7,وع,جوع,ع
88,8,مه,عمه,ه
88,9,يه,ضيه,ه
88,10,يه,ليه,ه
88,11,يه,غيه,ه
88,12,يه,ريه,ه
88,13,عه,وعه,ه
88,14,عه,وعه,ه
88,15,فه,وفه,ه
88,16,ثه,وثه,ه
88,17,قت,لقت,ت
88,18,عت,فعت,ت
88,19,بت,صبت,ت
88,20,حت,طحت,ت
88,21,كر,ذكر,ر
88,22,طر,يطر,ر
88,23,فر,كفر,ر
88,24,بر,كبر,ر
88,25,هم,بهم,م
88,26,هم,بهم,م
89,1,جر,فجر,ر
89,2,شر,عشر,ر
89,3,تر,وتر,ر
89,4,سر,يسر,ر
89,5,جر,حجر,ر
89,6,اد,عاد,د
89,7,اد,ماد,د
89,8,لد,بلد,د
89,9,اد,واد,د
89,10,اد,تاد,د
89,11,لد,بلد,د
89,12,اد,ساد,د
89,13,اب,ذاب,ب
89,14,اد,صاد,د
89,15,من,رمن,ن
89,16,نن,هنن,ن
89,17,يم,تيم,م
89,18,ين,كين,ن
89,19,ما,لما,ا
89,20,ما,جما,ا
89,21,كا,دكا,ا
89,22,فا,صفا,ا
89,23,را,كرا,ا
89,24,تي,اتي,ي
89,25,حد,احد,د
89,26,حد,احد,د
89,27,نه,ينه,ه
89,28,يه,ضيه,ه
89,29,دي,بدي,ي
89,30,تي,نتي,ي
90,1,لد,بلد,د
90,2,لد,بلد,د
90,3,لد,ولد,د
90,4,بد,كبد,د
90,5,حد,احد,د
90,6,دا,بدا,ا
90,7,حد,احد,د
90,8,ين,نين,ن
90,9,ين,تين,ن
90,10,ين,دين,ن
90,11,به,قبه,ه
90,12,به,قبه,ه
90,13,به,قبه,ه
90,14,به,غبه,ه
90,15,به,ربه,ه
90,16,به,ربه,ه
90,17,مه,حمه,ه
90,18,نه,منه,ه
90,19,مه,شمه,ه
90,20,ده,صده,ه
91,1,ها,اها,ا
91,2,ها,اها,ا
91,3,ها,اها,ا
91,4,ها,اها,ا
91,5,ها,اها,ا
91,6,ها,اها,ا
91,7,ها,اها,ا
91,8,ها,اها,ا
91,9,ها,اها,ا
91,10,ها,اها,ا
91,11,ها,اها,ا
91,12,ها,اها,ا
91,13,ها,يها,ا
91,14,ها,اها,ا
91,15,ها,بها,ا
92,1,شا,غشا,ا
92,2,لا,جلا,ا
92,3,ثا,نثا,ا
92,4,تا,شتا,ا
92,5,قا,تقا,ا
92,6,نا,سنا,ا
92,7,را,سرا,ا
92,8,نا,غنا,ا
92,9,نا,سنا,ا
92,10,را,سرا,ا
92,11,دا,ردا,ا
92,12,دا,هدا,ا
92,13,لا,ولا,ا
92,14,ظا,لظا,ا
92,15,قا,شقا,ا
92,16,لا,ولا,ا
92,17,قا,تقا,ا
92,18,كا,زكا,ا
92,19,زا,جزا,ا
92,20,لا,علا,ا
92,21,ضا,رضا,ا
93,1,حا,ضحا,ا
93,2,جا,سجا,ا
93,3,لا,قلا,ا
93,4,لا,ولا,ا
93,5,ضا,رضا,ا
93,6,وا,اوا,ا
93,7,دا,هدا,ا
93,8,نا,غنا,ا
93,9,هر,قهر,ر
93,10,هر,نهر,ر
93,11,دث,حدث,ث
94,1,رك,درك,ك
94,2,رك,زرك,ك
94,3,رك,هرك,ك
94,4,رك,كرك,ك
94,5,را,سرا,ا
94,6,را,سرا,ا
94,7,صب,نصب,ب
94,8,غب,رغب,ب
95,1,ون,تون,ن
95,2,ين,نين,ن
95,3,ين,مين,ن
95,4,يم,ويم,م
95,5,ين,لين,ن
95,6,ون,نون,ن
95,7,ين,دين,ن
95,8,ين,مين,ن
96,1,لق,خلق,ق
96,2,لق,علق,ق
96,3,رم,كرم,م
96,4,لم,قلم,م
96,5,لم,علم,م
96,6,غا,طغا,ا
96,7,نا,غنا,ا
96,8,عا,جعا,ا
96,9,ها,نها,ا
96,10,لا,صلا,ا
96,11,دا,هدا,ا
96,12,وا,قوا,ا
96,13,لا,ولا,ا
96,14,را,يرا,ا
96,15,يه,صيه,ه
96,16,يه,طيه,ه
96,17,يه,ديه,ه
96,18,يه,نيه,ه
96,19,رب,ترب,ب
97,1,در,قدر,ر
97,2,در,قدر,ر
97,3,هر,شهر,ر
97,4,مر,امر,ر
97,5,جر,فجر,ر
98,1,نه,ينه,ه
98,2,ره,هره,ه
98,3,مه,يمه,ه
98,4,نه,ينه,ه
98,5,مه,يمه,ه
98,6,يه,ريه,ه
98,7,يه,ريه,ه
98,8,به,ربه,ه
99,1,ها,لها,ا
99,2,ها,لها,ا
99,3,ها,لها,ا
99,4,ها,رها,ا
99,5,ها,لها,ا
99,6,هم,لهم,م
99,7,ره,يره,ه
99,8,ره,يره,ه
100,1,حا,بحا,ا
100,2,حا,دحا,ا
100,3,حا,بحا,ا
100,4,عا,قعا,ا
100,5,عا,معا,ا
100,6,ود,نود,د
100,7,يد,هيد,د
100,8,يد,ديد,د
100,9,ور,بور,ر
100,10,ور,دور,ر
100,11,ير,بير,ر
101,1,عه,رعه,ه
101,2,عه,رعه,ه
101,3,عه,رعه,ه
101,4,وث,ثوث,ث
101,5,وش,فوش,ش
101,6,نه,ينه,ه
101,7,يه,ضيه,ه
101,8,نه,ينه,ه
101,9,يه,ويه,ه
101,10,يه,هيه,ه
101,11,يه,ميه,ه
102,1,ثر,اثر,ر
102,2,بر,ابر,ر
102,3,ون,مون,ن
102,4,ون,مون,ن
102,5,ين,قين,ن
102,6,يم,حيم,م
102,7,ين,قين,ن
102,8,يم,عيم,م
103,1,صر,عصر,ر
103,2,سر,خسر,ر
103,3,بر,صبر,ر
104,1,زه,مزه,ه
104,2,ده,دده,ه
104,3,ده,لده,ه
104,4,مه,طمه,ه
104,5,مه,طمه,ه
104,6,ده,قده,ه
104,7,ده,فده,ه
104,8,ده,صده,ه
104,9,ده,دده,ه
105,1,يل,فيل,ل
105,2,يل,ليل,ل
105,3,يل,بيل,ل
105,4,يل,جيل,ل
105,5,ول,كول,ل
106,1,يش,ريش,ش
106,2,يف,صيف,ف
106,3,يت,بيت,ت
106,4,وف,خوف,ف
107,1,ين,دين,ن
107,2,يم,تيم,م
107,3,ين,كين,ن
107,4,ين,لين,ن
107,5,ون,هون,ن
107,6,ون,ءون,ن
107,7,ون,عون,ن
108,1,ثر,وثر,ر
108,2,حر,نحر,ر
108,3,تر,بتر,ر
109,1,ون,رون,ن
109,2,ون,دون,ن
109,3,بد,عبد,د
109,4,تم,دتم,م
109,5,بد,عبد,د
109,6,ين,دين,ن
110,1,تح,فتح,ح
110,2,جا,اجا,ا
110,3,با,ابا,ا
111,1,تب,وتب,ب
111,2,سب,كسب,ب
111,3,هب,لهب,ب
111,4,طب,حطب,ب
111,5,سد,مسد,د
112,1,حد,احد,د
112,2,مد,صمد,د
112,3,لد,ولد,د
112,4,حد,احد,د
113,1,لق,فلق,ق
113,2,لق,خلق,ق
113,3,قب,وقب,ب
113,4,قد,عقد,د
113,5,سد,حسد,د
114,1,اس,ناس,س
114,2,اس,ناس,س
114,3,اس,ناس,س
114,4,اس,ناس,س
114,5,اس,ناس,س
114,6,اس,ناس,س
