ratio,lemma_a_buck,count_a,lemma_b_buck,count_b,lemma_a_arabic,lemma_b_arabic
2:1,r~aHiym,116,Sabara,58,رَّحِيم,صَبَرَ
2:1,r~aHiym,116,na*iyr,58,رَّحِيم,نَذِير
2:1,diyn,92,$akara,46,دِين,شَكَرَ
2:1,diyn,92,nab~a>a,46,دِين,نَبَّأَ
2:1,diyn,92,>abN,46,دِين,أَبٌ
2:1,<iy~aA,24,yuwqinu,12,إِيَّا,يُوقِنُ
2:1,<iy~aA,24,>aSam~,12,إِيَّا,أَصَمّ
2:1,<iy~aA,24,quTiEa,12,إِيَّا,قُطِعَ
2:1,<iy~aA,24,taw~aAb,12,إِيَّا,تَوَّاب
2:1,<iy~aA,24,>adonaY`,12,إِيَّا,أَدْنَىٰ
2:1,<iy~aA,24,saqaY`,12,إِيَّا,سَقَىٰ
2:1,<iy~aA,24,HaA^j~a,12,إِيَّا,حَا^جَّ
2:1,<iy~aA,24,>aEolan,12,إِيَّا,أَعْلَن
2:1,<iy~aA,24,<iHosa`n,12,إِيَّا,إِحْسَٰن
2:1,<iy~aA,24,m~anaEa,12,إِيَّا,مَّنَعَ
2:1,<iy~aA,24,<imaAm,12,إِيَّا,إِمَام
2:1,<iy~aA,24,<isomaAEiyl,12,إِيَّا,إِسْمَاعِيل
2:1,<iy~aA,24,zak~aY`,12,إِيَّا,زَكَّىٰ
2:1,<iy~aA,24,{SoTafaY`,12,إِيَّا,ٱصْطَفَىٰ
2:1,<iy~aA,24,Haniyf,12,إِيَّا,حَنِيف
2:1,<iy~aA,24,yunZaru,12,إِيَّا,يُنظَرُ
2:1,<iy~aA,24,laHom,12,إِيَّا,لَحْم
2:1,<iy~aA,24,HabiTa,12,إِيَّا,حَبِطَ
2:1,<iy~aA,24,>aroHaAm,12,إِيَّا,أَرْحَام
2:1,<iy~aA,24,yaHo*aru,12,إِيَّا,يَحْذَرُ
2:1,<iy~aA,24,faqiyr,12,إِيَّا,فَقِير
2:1,<iy~aA,24,<injiyl,12,إِيَّا,إِنجِيل
2:1,<iy~aA,24,Sal~aY`,12,إِيَّا,صَلَّىٰ
2:1,<iy~aA,24,Tiyn,12,إِيَّا,طِين
2:1,<iy~aA,24,>afowa`h,12,إِيَّا,أَفْوَٰه
2:1,<iy~aA,24,Ea`mil,12,إِيَّا,عَٰمِل
2:1,<iy~aA,24,qaEada,12,إِيَّا,قَعَدَ
2:1,<iy~aA,24,>axozayo,12,إِيَّا,أَخْزَيْ
2:1,<iy~aA,24,tadoriY,12,إِيَّا,تَدْرِى
2:1,<iy~aA,24,Halafo,12,إِيَّا,حَلَفْ
2:1,<iy~aA,24,HafiyZ,12,إِيَّا,حَفِيظ
2:1,<iy~aA,24,waqaEa,12,إِيَّا,وَقَعَ
2:1,<iy~aA,24,bariY^',12,إِيَّا,بَرِى^ء
2:1,<iy~aA,24,fatoH,12,إِيَّا,فَتْح
2:1,<iy~aA,24,qaT~aEa,12,إِيَّا,قَطَّعَ
2:1,<iy~aA,24,wizor,12,إِيَّا,وِزْر
2:1,<iy~aA,24,jaHadu,12,إِيَّا,جَحَدُ
2:1,<iy~aA,24,xa`liq,12,إِيَّا,خَٰلِق
2:1,<iy~aA,24,muEojiz,12,إِيَّا,مُعْجِز
2:1,<iy~aA,24,bada>a,12,إِيَّا,بَدَأَ
2:1,<iy~aA,24,>aworava,12,إِيَّا,أَوْرَثَ
2:1,<iy~aA,24,siniyn,12,إِيَّا,سِنِين
2:1,<iy~aA,24,xar~a,12,إِيَّا,خَرَّ
2:1,<iy~aA,24,masokan,12,إِيَّا,مَسْكَن
2:1,<iy~aA,24,{sota_#o*ana,12,إِيَّا,ٱسْتَـ#ْذَنَ
3:1,{som,39,mufoliHuwn,13,ٱسْم,مُفْلِحُون
3:1,{som,39,m~araD,13,ٱسْم,مَّرَض
3:1,{som,39,mad~a,13,ٱسْم,مَدَّ
3:1,{som,39,saw~aY`,13,ٱسْم,سَوَّىٰ
3:1,{som,39,>abaY,13,ٱسْم,أَبَى
3:1,{som,39,$afa`Eap,13,ٱسْم,شَفَٰعَة
3:1,{som,39,Harov,13,ٱسْم,حَرْث
3:1,{som,39,Huson,13,ٱسْم,حُسْن
3:1,{som,39,vala`vap,13,ٱسْم,ثَلَٰثَة
3:1,{som,39,qitaAl,13,ٱسْم,قِتَال
3:1,{som,39,tarab~aSo,13,ٱسْم,تَرَبَّصْ
3:1,{som,39,riDowa`n,13,ٱسْم,رِضْوَٰن
3:1,{som,39,gula`m,13,ٱسْم,غُلَٰم
3:1,{som,39,vawaAb,13,ٱسْم,ثَوَاب
3:1,{som,39,mavowFY,13,ٱسْم,مَثْوًى
3:1,{som,39,ga$iya,13,ٱسْم,غَشِيَ
3:1,{som,39,jamoE,13,ٱسْم,جَمْع
3:1,{som,39,gaAlib,13,ٱسْم,غَالِب
3:1,{som,39,yaSolaY,13,ٱسْم,يَصْلَى
3:1,{som,39,wariva,13,ٱسْم,وَرِثَ
3:1,{som,39,zaEama,13,ٱسْم,زَعَمَ
3:1,{som,39,{vonayon,13,ٱسْم,ٱثْنَيْن
3:1,{som,39,>aToEama,13,ٱسْم,أَطْعَمَ
3:1,{som,39,mak~a,13,ٱسْم,مَكَّ
3:1,{som,39,bagotap,13,ٱسْم,بَغْتَة
3:1,{som,39,n~ajom,13,ٱسْم,نَّجْم
3:1,{som,39,yaSifu,13,ٱسْم,يَصِفُ
3:1,{som,39,>asomaEa,13,ٱسْم,أَسْمَعَ
3:1,{som,39,Ha`fiZ,13,ٱسْم,حَٰفِظ
3:1,{som,39,SayoHap,13,ٱسْم,صَيْحَة
3:1,r~aHoma`n,57,$ajarap,19,رَّحْمَٰن,شَجَرَة
3:1,r~aHoma`n,57,muSad~iq,19,رَّحْمَٰن,مُصَدِّق
3:1,r~aHoma`n,57,m~uEoriDuwn,19,رَّحْمَٰن,مُّعْرِضُون
3:1,r~aHoma`n,57,yaDur~a,19,رَّحْمَٰن,يَضُرَّ
3:1,r~aHoma`n,57,>ayon,19,رَّحْمَٰن,أَيْن
3:1,r~aHoma`n,57,>aqorab,19,رَّحْمَٰن,أَقْرَب
3:1,r~aHoma`n,57,mar~ap,19,رَّحْمَٰن,مَرَّة
3:1,r~aHoma`n,57,Tayor,19,رَّحْمَٰن,طَيْر
3:1,r~aHoma`n,57,nafaxa,19,رَّحْمَٰن,نَفَخَ
3:1,r~aHoma`n,57,fawoz,19,رَّحْمَٰن,فَوْز
3:1,r~aHoma`n,57,yafoqahu,19,رَّحْمَٰن,يَفْقَهُ
3:1,r~aHoma`n,57,Dur~,19,رَّحْمَٰن,ضُرّ
3:1,r~aHoma`n,57,{sotaEojala,19,رَّحْمَٰن,ٱسْتَعْجَلَ
3:1,r~aHoma`n,57,ziynap,19,رَّحْمَٰن,زِينَة
3:1,r~aHoma`n,57,makor,19,رَّحْمَٰن,مَكْر
3:1,hadaY,144,baSar,48,هَدَى,بَصَر
3:1,hadaY,144,daAr,48,هَدَى,دَار
3:1,hadaY,144,mulok,48,هَدَى,مُلْك
3:1,hadaY,144,saAEap,48,هَدَى,سَاعَة
3:1,Sira`T,45,>afosadu,15,صِرَٰط,أَفْسَدُ
7:1,gayor,147,mufosid,21,غَيْر,مُفْسِد
7:1,gayor,147,{sotuhozi}a,21,غَيْر,ٱسْتُهْزِئَ
7:1,gayor,147,{$otaraY`,21,غَيْر,ٱشْتَرَىٰ
7:1,gayor,147,>aEomaY`,21,غَيْر,أَعْمَىٰ
7:1,gayor,147,m~a$a,21,غَيْر,مَّشَ
7:1,gayor,147,>amaAta,21,غَيْر,أَمَاتَ
7:1,gayor,147,katama,21,غَيْر,كَتَمَ
7:1,gayor,147,Tay~iba`t,21,غَيْر,طَيِّبَٰت
7:1,gayor,147,ruwH,21,غَيْر,رُوح
7:1,gayor,147,$ahor,21,غَيْر,شَهْر
7:1,gayor,147,>aHosana,21,غَيْر,أَحْسَنَ
7:1,gayor,147,naSiyb,21,غَيْر,نَصِيب
7:1,gayor,147,kam,21,غَيْر,كَم
7:1,gayor,147,Hasan,21,غَيْر,حَسَن
7:1,gayor,147,m~usam~FY,21,غَيْر,مُّسَمًّى
7:1,gayor,147,waDaEa,21,غَيْر,وَضَعَ
7:1,gayor,147,$aAhid,21,غَيْر,شَاهِد
7:1,gayor,147,m~uka*~ibiyn,21,غَيْر,مُّكَذِّبِين
7:1,gayor,147,Zan~,21,غَيْر,ظَنّ
7:1,<ilaY`,742,lan,106,إِلَىٰ,لَن
7:1,<ilaY`,742,sa>ala,106,إِلَىٰ,سَأَلَ
7:1,<ilaY`,742,wajada,106,إِلَىٰ,وَجَدَ
7:1,Ea*aAb,322,$akara,46,عَذَاب,شَكَرَ
7:1,Ea*aAb,322,nab~a>a,46,عَذَاب,نَبَّأَ
7:1,Ea*aAb,322,>abN,46,عَذَاب,أَبٌ
7:1,>aw,280,taraka,40,أَو,تَرَكَ
7:1,>aw,280,{sotakobara,40,أَو,ٱسْتَكْبَرَ
7:1,>aw,280,{hotadaY`,40,أَو,ٱهْتَدَىٰ
7:1,>aw,280,>arayo,40,أَو,أَرَيْ
7:1,>aw,280,wayol,40,أَو,وَيْل
7:1,>aw,280,bi}osa,40,أَو,بِئْسَ
7:1,>aw,280,xa$iYa,40,أَو,خَشِىَ
7:1,>aw,280,balaga,40,أَو,بَلَغَ
7:1,>aw,280,{sotagofara,40,أَو,ٱسْتَغْفَرَ
7:1,>aw,280,kabiyr,40,أَو,كَبِير
7:1,>aw,280,tawak~alo,40,أَو,تَوَكَّلْ
7:1,>aw,280,$ariyk,40,أَو,شَرِيك
7:1,jan~ap,147,mufosid,21,جَنَّة,مُفْسِد
7:1,jan~ap,147,{sotuhozi}a,21,جَنَّة,ٱسْتُهْزِئَ
7:1,jan~ap,147,{$otaraY`,21,جَنَّة,ٱشْتَرَىٰ
7:1,jan~ap,147,>aEomaY`,21,جَنَّة,أَعْمَىٰ
7:1,jan~ap,147,m~a$a,21,جَنَّة,مَّشَ
7:1,jan~ap,147,>amaAta,21,جَنَّة,أَمَاتَ
7:1,jan~ap,147,katama,21,جَنَّة,كَتَمَ
7:1,jan~ap,147,Tay~iba`t,21,جَنَّة,طَيِّبَٰت
7:1,jan~ap,147,ruwH,21,جَنَّة,رُوح
7:1,jan~ap,147,$ahor,21,جَنَّة,شَهْر
7:1,jan~ap,147,>aHosana,21,جَنَّة,أَحْسَنَ
7:1,jan~ap,147,naSiyb,21,جَنَّة,نَصِيب
7:1,jan~ap,147,kam,21,جَنَّة,كَم
19:1,Haq~,247,mufoliHuwn,13,حَقّ,مُفْلِحُون
19:1,Haq~,247,m~araD,13,حَقّ,مَّرَض
19:1,Haq~,247,mad~a,13,حَقّ,مَدَّ
19:1,Haq~,247,saw~aY`,13,حَقّ,سَوَّىٰ
19:1,Haq~,247,>abaY,13,حَقّ,أَبَى
19:1,Haq~,247,$afa`Eap,13,حَقّ,شَفَٰعَة
19:1,Haq~,247,Harov,13,حَقّ,حَرْث
19:1,Haq~,247,Huson,13,حَقّ,حُسْن
19:1,Haq~,247,vala`vap,13,حَقّ,ثَلَٰثَة
19:1,Haq~,247,qitaAl,13,حَقّ,قِتَال
19:1,Haq~,247,tarab~aSo,13,حَقّ,تَرَبَّصْ
19:1,Haq~,247,riDowa`n,13,حَقّ,رِضْوَٰن
19:1,Haq~,247,gula`m,13,حَقّ,غُلَٰم
19:1,Haq~,247,vawaAb,13,حَقّ,ثَوَاب
19:1,Haq~,247,mavowFY,13,حَقّ,مَثْوًى
19:1,Haq~,247,ga$iya,13,حَقّ,غَشِيَ
19:1,Haq~,247,jamoE,13,حَقّ,جَمْع
19:1,Haq~,247,gaAlib,13,حَقّ,غَالِب
19:1,Haq~,247,yaSolaY,13,حَقّ,يَصْلَى
19:1,Haq~,247,wariva,13,حَقّ,وَرِثَ
19:1,Haq~,247,zaEama,13,حَقّ,زَعَمَ
19:1,Haq~,247,{vonayon,13,حَقّ,ٱثْنَيْن
19:1,Haq~,247,>aToEama,13,حَقّ,أَطْعَمَ
19:1,Haq~,247,mak~a,13,حَقّ,مَكَّ
19:1,Haq~,247,bagotap,13,حَقّ,بَغْتَة
19:1,Haq~,247,n~ajom,13,حَقّ,نَّجْم
19:1,Haq~,247,yaSifu,13,حَقّ,يَصِفُ
19:1,Haq~,247,>asomaEa,13,حَقّ,أَسْمَعَ
19:1,Haq~,247,Ha`fiZ,13,حَقّ,حَٰفِظ
19:1,Haq~,247,SayoHap,13,حَقّ,صَيْحَة
19:1,bayon,266,DaA^l~,14,بَيْن,ضَا^لّ
19:1,bayon,266,laqu,14,بَيْن,لَقُ
19:1,bayon,266,kalima`t,14,بَيْن,كَلِمَٰت
19:1,bayon,266,xaA$iE,14,بَيْن,خَاشِع
19:1,bayon,266,Eadol,14,بَيْن,عَدْل
19:1,bayon,266,gaDab,14,بَيْن,غَضَب
19:1,bayon,266,>axolafu,14,بَيْن,أَخْلَفُ
19:1,bayon,266,waAlid,14,بَيْن,وَالِد
19:1,bayon,266,laEonap,14,بَيْن,لَعْنَة
19:1,bayon,266,m~uhiyn,14,بَيْن,مُّهِين
19:1,bayon,266,>alof,14,بَيْن,أَلْف
19:1,bayon,266,maqaAm,14,بَيْن,مَقَام
19:1,bayon,266,balad,14,بَيْن,بَلَد
19:1,bayon,266,$aAkir,14,بَيْن,شَاكِر
19:1,bayon,266,Huduwd,14,بَيْن,حُدُود
19:1,bayon,266,{botigaA^',14,بَيْن,ٱبْتِغَا^ء
19:1,bayon,266,nakaHa,14,بَيْن,نَكَحَ
19:1,bayon,266,Halalo,14,بَيْن,حَلَلْ
19:1,bayon,266,kaf~ara,14,بَيْن,كَفَّرَ
19:1,bayon,266,Sarafa,14,بَيْن,صَرَفَ
3:2,{som,39,maA*aA,26,ٱسْم,مَاذَا
3:2,{som,39,xawof,26,ٱسْم,خَوْف
3:2,{som,39,ba`Til,26,ٱسْم,بَٰطِل
3:2,{som,39,'aAl,26,ٱسْم,ءَال
3:2,{som,39,jaHiym,26,ٱسْم,جَحِيم
3:2,{som,39,>ajomaEiyn,26,ٱسْم,أَجْمَعِين
3:2,{som,39,qariyb,26,ٱسْم,قَرِيب
3:2,{som,39,zay~ana,26,ٱسْم,زَيَّنَ
3:2,{som,39,{mora>at,26,ٱسْم,ٱمْرَأَت
3:2,{som,39,kayod,26,ٱسْم,كَيْد
3:2,{som,39,vamuwd,26,ٱسْم,ثَمُود
3:2,r~aHoma`n,57,bu$~ira,38,رَّحْمَٰن,بُشِّرَ
3:2,r~aHoma`n,57,m~ay~it,38,رَّحْمَٰن,مَّيِّت
3:2,r~aHoma`n,57,muHosin,38,رَّحْمَٰن,مُحْسِن
3:2,r~aHoma`n,57,r~aDiYa,38,رَّحْمَٰن,رَّضِىَ
3:2,r~aHoma`n,57,m~aEoruwf,38,رَّحْمَٰن,مَّعْرُوف
3:2,r~aHoma`n,57,Dala`l,38,رَّحْمَٰن,ضَلَٰل
3:2,<iy~aA,24,vamara`t,16,إِيَّا,ثَمَرَٰت
3:2,<iy~aA,24,>an[bata,16,إِيَّا,أَن[بَتَ
3:2,<iy~aA,24,fataHa,16,إِيَّا,فَتَحَ
3:2,<iy~aA,24,qurobaY`,16,إِيَّا,قُرْبَىٰ
3:2,<iy~aA,24,>aZolam,16,إِيَّا,أَظْلَم
3:2,<iy~aA,24,>atam~a,16,إِيَّا,أَتَمَّ
3:2,<iy~aA,24,yaEoquwb,16,إِيَّا,يَعْقُوب
3:2,<iy~aA,24,Tay~ib,16,إِيَّا,طَيِّب
3:2,<iy~aA,24,>aloba`b,16,إِيَّا,أَلْبَٰب
3:2,<iy~aA,24,{ntahaY`,16,إِيَّا,ٱنتَهَىٰ
3:2,<iy~aA,24,waqaY`,16,إِيَّا,وَقَىٰ
3:2,<iy~aA,24,haAjara,16,إِيَّا,هَاجَرَ
3:2,<iy~aA,24,basaTa,16,إِيَّا,بَسَطَ
3:2,<iy~aA,24,daAwud,16,إِيَّا,دَاوُد
3:2,<iy~aA,24,marojiE,16,إِيَّا,مَرْجِع
3:2,<iy~aA,24,fariHa,16,إِيَّا,فَرِحَ
3:2,<iy~aA,24,sun~ap,16,إِيَّا,سُنَّة
3:2,<iy~aA,24,saAra,16,إِيَّا,سَارَ
3:2,<iy~aA,24,man~a,16,إِيَّا,مَنَّ
3:2,<iy~aA,24,saEiyr,16,إِيَّا,سَعِير
3:2,<iy~aA,24,xasira,16,إِيَّا,خَسِرَ
3:2,<iy~aA,24,>ufika,16,إِيَّا,أُفِكَ
3:2,<iy~aA,24,{sotamaEa,16,إِيَّا,ٱسْتَمَعَ
3:2,<iy~aA,24,fu&aAd,16,إِيَّا,فُؤَاد
3:2,<iy~aA,24,miyzaAn,16,إِيَّا,مِيزَان
3:2,<iy~aA,24,qara>a,16,إِيَّا,قَرَأَ
3:2,<iy~aA,24,qad~ara,16,إِيَّا,قَدَّرَ
3:2,Sira`T,45,wa`Hid,30,صِرَٰط,وَٰحِد
3:2,Sira`T,45,quw~ap,30,صِرَٰط,قُوَّة
3:2,Sira`T,45,wal~aY`,30,صِرَٰط,وَلَّىٰ
3:2,Sira`T,45,EasaY,30,صِرَٰط,عَسَى
3:2,Sira`T,45,$ar~,30,صِرَٰط,شَرّ
3:2,Sira`T,45,mala>,30,صِرَٰط,مَلَأ
5:2,Sira`T,45,rayob,18,صِرَٰط,رَيْب
5:2,Sira`T,45,>u*unN,18,صِرَٰط,أُذُنٌ
5:2,Sira`T,45,>awofaY`,18,صِرَٰط,أَوْفَىٰ
5:2,Sira`T,45,>asar~a,18,صِرَٰط,أَسَرَّ
5:2,Sira`T,45,tabay~ana,18,صِرَٰط,تَبَيَّنَ
5:2,Sira`T,45,m~at~aEo,18,صِرَٰط,مَّتَّعْ
5:2,Sira`T,45,daA^b~ap,18,صِرَٰط,دَا^بَّة
5:2,Sira`T,45,ra>os,18,صِرَٰط,رَأْس
5:2,Sira`T,45,darajap,18,صِرَٰط,دَرَجَة
5:2,Sira`T,45,>amosaka,18,صِرَٰط,أَمْسَكَ
5:2,Sira`T,45,niEoma,18,صِرَٰط,نِعْمَ
5:2,Sira`T,45,>uxofiYa,18,صِرَٰط,أُخْفِىَ
5:2,Sira`T,45,waf~aY`^,18,صِرَٰط,وَفَّىٰ^
5:2,Sira`T,45,EaAda,18,صِرَٰط,عَادَ
5:2,Sira`T,45,*uk~ira,18,صِرَٰط,ذُكِّرَ
5:2,Sira`T,45,mawolaY`,18,صِرَٰط,مَوْلَىٰ
5:2,Sira`T,45,t~aworaY`p,18,صِرَٰط,تَّوْرَىٰة
5:2,Sira`T,45,l~adun,18,صِرَٰط,لَّدُن
5:2,Sira`T,45,*akar,18,صِرَٰط,ذَكَر
5:2,Sira`T,45,munkar,18,صِرَٰط,مُنكَر
5:2,Sira`T,45,dubur,18,صِرَٰط,دُبُر
5:2,Sira`T,45,Ea`lim,18,صِرَٰط,عَٰلِم
5:2,Sira`T,45,<ins,18,صِرَٰط,إِنس
5:2,Sira`T,45,>uEiydu,18,صِرَٰط,أُعِيدُ
5:2,hudFY,85,maroyam,34,هُدًى,مَرْيَم
5:2,hudFY,85,fitonap,34,هُدًى,فِتْنَة
5:2,hudFY,85,{botagaY`,34,هُدًى,ٱبْتَغَىٰ
5:2,hudFY,85,'aAlaA^',34,هُدًى,ءَالَا^ء
5:2,A^xir,155,naz~ala,62,ا^خِر,نَزَّلَ
5:2,A^xir,155,S~a`liHa`t,62,ا^خِر,صَّٰلِحَٰت
5:2,A^xir,155,kasaba,62,ا^خِر,كَسَبَ
5:2,EaZiym,120,baSar,48,عَظِيم,بَصَر
5:2,EaZiym,120,daAr,48,عَظِيم,دَار
5:2,EaZiym,120,mulok,48,عَظِيم,مُلْك
5:2,EaZiym,120,saAEap,48,عَظِيم,سَاعَة
5:2,ya$oEuru,25,suwrap,10,يَشْعُرُ,سُورَة
5:2,ya$oEuru,25,HijaArap,10,يَشْعُرُ,حِجَارَة
5:2,ya$oEuru,25,yaSilu,10,يَشْعُرُ,يَصِلُ
5:2,ya$oEuru,25,dam,10,يَشْعُرُ,دَم
5:2,ya$oEuru,25,musotaqar~,10,يَشْعُرُ,مُسْتَقَرّ
5:2,ya$oEuru,25,Eijol,10,يَشْعُرُ,عِجْل
5:2,ya$oEuru,25,fasaqa,10,يَشْعُرُ,فَسَقَ
5:2,ya$oEuru,25,EaSaA2,10,يَشْعُرُ,عَصَا²
5:2,ya$oEuru,25,Tuwr,10,يَشْعُرُ,طُور
5:2,ya$oEuru,25,Eu*o,10,يَشْعُرُ,عُذْ
5:2,ya$oEuru,25,jaAhil,10,يَشْعُرُ,جَاهِل
5:2,ya$oEuru,25,naba*a,10,يَشْعُرُ,نَبَذَ
5:2,ya$oEuru,25,magorib,10,يَشْعُرُ,مَغْرِب
5:2,ya$oEuru,25,taqab~ala,10,يَشْعُرُ,تَقَبَّلَ
5:2,ya$oEuru,25,>aDaAEu,10,يَشْعُرُ,أَضَاعُ
