name,ء,آ,أ,ؤ,إ,ئ,ا,ب,ة,ت,ث,ج,ح,خ,د,ذ,ر,ز,س,ش,ص,ض,ط,ظ,ع,غ,ف,ق,ك,ل,م,ن,ه,و,ى,ي,ک,ی
quran-no-tashkeel,0.00477,0.00457,0.02757,0.00204,0.01545,0.00357,0.13166,0.03475,0.00709,0.03181,0.00428,0.01003,0.01252,0.00755,0.01812,0.01491,0.0375,0.00484,0.01818,0.00642,0.00627,0.0051,0.00385,0.00258,0.02844,0.00369,0.02645,0.02127,0.03174,0.11548,0.08084,0.08246,0.0449,0.07503,0.00784,0.06644,0.0,0.0
bukhari-noquran,0.00318,0.0013,0.03209,0.0008,0.00879,0.00278,0.12844,0.05706,0.01395,0.0269,0.01458,0.01098,0.02407,0.00788,0.03201,0.0073,0.04362,0.00522,0.02371,0.00768,0.00744,0.00565,0.00444,0.00104,0.04766,0.00285,0.02746,0.02925,0.01683,0.11143,0.05489,0.0797,0.04213,0.04186,0.01141,0.0636,0.0,0.0
bukhari,0.0033,0.00143,0.03188,0.00087,0.00942,0.00279,0.12909,0.05561,0.01362,0.02716,0.01398,0.01083,0.02348,0.0078,0.03118,0.00759,0.04319,0.00514,0.02355,0.0077,0.00731,0.00561,0.0044,0.00108,0.04647,0.00289,0.02727,0.02869,0.01755,0.11303,0.05609,0.07956,0.04252,0.043,0.01132,0.0636,0.0,0.0
diwan-amr-ibn-kulthum,0.0,0.0,0.01375,0.0,0.01031,0.00687,0.14777,0.04811,0.01031,0.05842,0.01031,0.02062,0.02405,0.01031,0.05155,0.01375,0.0378,0.00344,0.02405,0.0,0.00687,0.00344,0.00344,0.0,0.04124,0.00687,0.01031,0.02405,0.02405,0.07904,0.0756,0.04811,0.04811,0.0756,0.0,0.06186,0.0,0.0
diwan-antara,0.00303,0.00067,0.02565,0.00083,0.00766,0.0029,0.14263,0.04456,0.00936,0.03801,0.00411,0.01614,0.02084,0.00805,0.03433,0.00877,0.04557,0.00541,0.02148,0.00924,0.00829,0.0068,0.00831,0.00286,0.03612,0.00656,0.03037,0.02553,0.02157,0.10462,0.06351,0.05785,0.03239,0.06001,0.01055,0.07541,0.0,0.0
diwan-harith,0.01655,0.0026,0.02927,0.00092,0.01073,0.00352,0.15078,0.04291,0.01088,0.03049,0.00536,0.0164,0.02115,0.00674,0.02436,0.00996,0.04474,0.00506,0.02053,0.01011,0.00843,0.00567,0.00705,0.0023,0.0354,0.00659,0.02865,0.0213,0.0236,0.10696,0.07125,0.06206,0.03662,0.05195,0.00812,0.06099,0.0,0.0
diwan-imru-al-qais,0.00563,0.00102,0.02694,0.00109,0.00796,0.00306,0.13726,0.04347,0.01415,0.03329,0.00706,0.01479,0.01875,0.00777,0.0251,0.01064,0.04937,0.00594,0.01828,0.00995,0.0124,0.00816,0.00897,0.00261,0.03581,0.00604,0.02791,0.02682,0.01989,0.11528,0.0613,0.05351,0.03887,0.06268,0.01158,0.06665,0.0,0.0
diwan-labid,0.00401,0.00128,0.02806,0.00097,0.00938,0.0037,0.14066,0.04617,0.01112,0.03472,0.0049,0.01589,0.02043,0.00867,0.03011,0.00989,0.04935,0.00629,0.01863,0.00889,0.01003,0.00684,0.00751,0.00242,0.03645,0.0058,0.03196,0.02514,0.02165,0.10267,0.06727,0.05676,0.03787,0.0613,0.00941,0.0638,0.0,0.0
diwan-tarafa,0.00499,0.00118,0.02695,0.00109,0.00945,0.0028,0.1246,0.04541,0.01269,0.03924,0.00578,0.01356,0.02013,0.00949,0.0329,0.00993,0.05412,0.00499,0.02026,0.01068,0.00963,0.00617,0.00814,0.00267,0.03369,0.00661,0.03181,0.0273,0.02402,0.10618,0.06528,0.05508,0.0399,0.05539,0.01159,0.06633,0.0,0.0
diwan-zuhayr,0.00753,0.00157,0.02712,0.00114,0.01045,0.00374,0.13795,0.03936,0.00893,0.03838,0.00623,0.01451,0.01992,0.00904,0.02739,0.00931,0.04494,0.00471,0.02057,0.00839,0.0079,0.00698,0.00812,0.00265,0.03183,0.00747,0.03075,0.02496,0.02176,0.10525,0.07401,0.05917,0.04255,0.06036,0.01164,0.0634,0.0,0.0
jahiz-hayawan,0.00451,0.00115,0.02803,0.00082,0.01032,0.00285,0.13938,0.04155,0.01352,0.02972,0.00598,0.01459,0.01756,0.00899,0.02367,0.01329,0.04417,0.00596,0.01899,0.00948,0.00911,0.00741,0.00882,0.00229,0.03376,0.00477,0.03031,0.02601,0.02539,0.11877,0.06038,0.06098,0.03907,0.0656,0.00949,0.06327,1e-05,2e-05
matched-bukhari-77k,0.00321,0.00145,0.03237,0.00096,0.0104,0.00261,0.12898,0.05659,0.01298,0.02503,0.01391,0.01024,0.02444,0.00768,0.03104,0.00797,0.04386,0.00484,0.02419,0.00768,0.00762,0.00541,0.00409,0.00123,0.04522,0.00263,0.02681,0.02922,0.01746,0.11252,0.05717,0.08042,0.04209,0.04257,0.01053,0.0646,0.0,0.0
muallaqa-amr-bin-kulthum,0.00256,0.00128,0.02921,0.00102,0.00999,0.00231,0.15988,0.04279,0.00846,0.03382,0.00666,0.01409,0.01896,0.01127,0.02793,0.01358,0.04099,0.00487,0.01384,0.01153,0.00999,0.00692,0.00897,0.00154,0.03177,0.00436,0.02075,0.02537,0.01998,0.08276,0.0597,0.10863,0.02434,0.06252,0.00615,0.07123,0.0,0.0
muallaqa-antara,0.00267,0.00067,0.02668,0.00033,0.00834,0.00233,0.11637,0.05135,0.01934,0.04802,0.005,0.01334,0.02201,0.00734,0.02701,0.01167,0.05335,0.009,0.01901,0.01567,0.00834,0.00734,0.007,0.00333,0.03801,0.00934,0.02701,0.02434,0.02834,0.1007,0.08903,0.05268,0.03301,0.04368,0.00767,0.06069,0.0,0.0
muallaqa-harith,0.03051,0.00328,0.03051,0.00098,0.01148,0.00131,0.15942,0.03854,0.01132,0.02903,0.0059,0.01443,0.01476,0.00951,0.02427,0.00918,0.03641,0.00623,0.01378,0.01,0.00836,0.00623,0.00722,0.00197,0.03526,0.00787,0.02837,0.02198,0.01788,0.10349,0.07069,0.07266,0.03772,0.05429,0.00722,0.0579,0.0,0.0
muallaqa-imru-al-qais,0.00736,0.00061,0.027,0.00153,0.00798,0.00215,0.11967,0.04756,0.01105,0.04511,0.00644,0.01626,0.02271,0.00767,0.02301,0.01013,0.0494,0.00706,0.02179,0.00828,0.01381,0.0089,0.00767,0.00276,0.03222,0.00736,0.03222,0.02209,0.0267,0.11292,0.07119,0.05339,0.03222,0.04664,0.01319,0.07395,0.0,0.0
muallaqa-labid,0.00308,0.00084,0.02692,0.00224,0.01065,0.00336,0.16038,0.03659,0.01808,0.04388,0.00224,0.02103,0.02383,0.00757,0.02411,0.0115,0.04682,0.00785,0.02159,0.00799,0.01051,0.00757,0.00981,0.00449,0.03154,0.00757,0.03196,0.02313,0.0178,0.07725,0.07697,0.0436,0.06197,0.06154,0.00785,0.04584,0.0,0.0
muallaqa-tarafa,0.00393,0.00118,0.03186,0.00138,0.0116,0.00275,0.11603,0.03953,0.01278,0.05251,0.00433,0.01436,0.0175,0.01023,0.04897,0.00865,0.04838,0.00413,0.01632,0.01062,0.00964,0.00747,0.0059,0.00275,0.03225,0.0059,0.03068,0.02498,0.02498,0.09676,0.06745,0.05605,0.03048,0.05782,0.01416,0.07571,0.0,0.0
muallaqa-zuhayr,0.00299,0.00075,0.02316,0.00187,0.00598,0.00299,0.1102,0.03698,0.00672,0.04109,0.00784,0.01382,0.02055,0.00635,0.02353,0.00635,0.04109,0.00523,0.02055,0.00859,0.00822,0.0071,0.00672,0.0056,0.04072,0.00448,0.03661,0.02055,0.02241,0.10273,0.11543,0.06575,0.03848,0.05603,0.01195,0.0706,0.0,0.0
mutanabbi-diwan,0.00452,0.00093,0.02935,0.00101,0.00912,0.00356,0.13919,0.04342,0.00712,0.042,0.0044,0.01375,0.02151,0.00755,0.02857,0.01004,0.04802,0.00567,0.02148,0.01062,0.00747,0.00698,0.00654,0.00237,0.02863,0.00582,0.03418,0.02339,0.0314,0.10322,0.06877,0.05601,0.03633,0.05644,0.01129,0.06935,0.0,0.0
sira-ibn-hisham,0.00273,0.0012,0.02679,0.00098,0.00993,0.00255,0.12189,0.05658,0.01291,0.02535,0.00745,0.01161,0.01832,0.00795,0.02553,0.00874,0.04168,0.00603,0.02503,0.00848,0.00996,0.00449,0.00473,0.00144,0.03783,0.00388,0.028,0.02798,0.01987,0.12034,0.06805,0.07111,0.05066,0.05557,0.01209,0.06226,0.0,0.0
