root,root_arabic,total_occurrences,n_surahs,n_verses,first_surah,last_surah,meccan_count,medinan_count
Alh,اله,2851,86,1879,1,114,1092,1759
qwl,قول,1722,84,1383,2,114,1248,474
kwn,كون,1390,86,1176,2,112,920,470
rbb,ربب,980,94,871,1,114,762,218
Amn,امن,879,77,723,2,106,379,500
Elm,علم,854,85,728,1,102,495,359
qwm,قوم,660,79,597,1,98,454,206
Aty,اتي,549,72,486,2,98,339,210
kfr,كفر,525,77,465,2,109,233,292
byn,بين,523,71,454,2,98,304,219
$yA,شيا,519,73,449,2,87,312,207
rsl,رسل,513,69,429,2,105,276,237
ArD,ارض,461,80,440,2,99,326,135
ywm,يوم,405,75,377,1,101,293,112
Ayy,ايي,382,59,353,2,90,289,93
smw,سمو,381,81,352,1,96,268,113
kll,كلل,377,74,355,2,104,242,135
E*b,عذب,373,68,336,2,89,232,141
Eml,عمل,360,68,313,2,103,220,140
jEl,جعل,346,66,311,2,105,268,78
rHm,رحم,339,62,313,1,90,226,113
rAy,راي,328,72,297,2,110,242,86
ktb,كتب,319,61,279,2,98,155,164
hdy,هدي,316,62,268,1,96,206,110
Zlm,ظلم,315,59,290,2,76,211,104
nfs,نفس,298,63,270,2,91,163,135
qbl,قبل,294,64,282,2,71,185,109
nzl,نزل,293,60,257,2,97,165,128
*kr,ذكر,292,71,264,2,94,216,76
Hqq,حقق,287,59,263,2,103,192,95
k*b,كذب,282,68,257,2,107,211,71
jyA,جيا,278,62,262,2,110,208,70
Ebd,عبد,275,57,251,1,109,227,48
Ax*,اخذ,273,55,244,2,79,171,102
xlq,خلق,261,75,218,2,113,215,46
wqy,وقي,258,63,237,2,96,116,142
Axr,اخر,250,64,242,2,93,153,97
Amr,امر,248,61,226,2,98,153,95
nws,نوس,241,53,225,2,114,119,122
bEd,بعد,235,57,223,2,98,130,105
gfr,غفر,234,56,202,2,110,99,135
wly,ولي,232,55,202,2,96,100,132
dEw,دعو,212,55,182,2,96,167,45
Hkm,حكم,210,57,189,2,95,93,117
mlk,ملك,206,63,191,1,114,122,84
jnn,جنن,201,70,196,2,114,137,64
End,عند,201,62,189,2,98,109,92
xyr,خير,196,55,178,2,100,103,93
nwr,نور,194,62,174,2,111,97,97
Hsn,حسن,194,50,177,2,95,121,73
Dll,ضلل,191,56,170,1,105,141,50
smE,سمع,185,57,163,2,88,115,70
bny,بني,184,53,150,2,91,101,83
Hyy,حيي,184,50,161,2,89,122,62
xrj,خرج,182,56,157,2,99,102,80
SlH,صلح,180,54,170,2,103,113,67
sbl,سبل,176,47,164,2,80,75,101
tbE,تبع,172,51,156,2,79,112,60
Awl,اول,170,54,158,2,93,118,52
qtl,قتل,170,33,122,2,85,37,133
mvl,مثل,169,50,148,2,89,103,66
qlb,قلب,168,48,155,2,84,58,110
$rk,شرك,168,44,143,2,98,117,51
kvr,كثر,167,51,162,2,108,103,64
swA,سوا,167,45,151,2,67,111,56
mwt,موت,165,53,143,2,87,99,66
kbr,كبر,161,57,153,2,88,123,38
$hd,شهد,160,48,123,2,100,72,88
nbA,نبا,160,47,151,2,78,71,89
bED,بعض,158,38,87,2,69,77,81
nSr,نصر,158,46,137,2,110,66,92
Sdq,صدق,155,49,144,2,92,79,76
gyr,غير,154,46,146,1,100,94,60
wEd,وعد,151,51,130,2,85,116,35
bSr,بصر,148,62,139,2,84,109,39
rwd,رود,148,47,120,2,86,78,70
lqy,لقي,146,53,135,2,84,110,36
dwn,دون,144,46,142,2,72,109,35
nEm,نعم,140,61,128,1,102,90,50
slm,سلم,140,48,127,2,97,83,57
dnw,دنو,133,46,128,2,87,72,61
qdr,قدر,132,58,121,2,97,86,46
n*r,نذر,130,50,115,2,92,113,17
jmE,جمع,129,45,123,2,104,84,45
nZr,نظر,129,48,115,2,88,99,30
sAl,سال,129,47,118,2,102,89,40
TwE,طوع,129,40,118,2,96,56,73
EZm,عظم,128,50,127,2,83,60,68
xlf,خلف,127,40,116,2,78,82,45
Ahl,اهل,127,40,120,2,98,74,53
dxl,دخل,126,45,111,2,110,61,65
xwf,خوف,124,42,112,2,106,77,47
rzq,رزق,123,44,109,2,89,80,43
b$r,بشر,123,47,119,2,84,86,37
ydy,يدي,120,47,110,2,111,59,61
Amm,امم,119,42,108,2,101,82,37
Ezz,عزز,119,47,116,2,85,71,48
jzy,جزي,118,47,109,2,98,89,29
Abw,ابو,117,37,104,2,111,93,24
nhr,نهر,113,51,102,2,98,65,48
nfq,نفق,111,31,86,2,66,13,98
Akl,اكل,109,40,101,2,105,66,43
Hsb,حسب,109,40,102,2,104,54,55
fEl,فعل,108,44,102,2,105,63,45
Ajr,اجر,108,39,99,2,95,60,48
wjd,وجد,107,32,99,2,93,59,48
Edw,عدو,106,34,92,2,100,47,59
rjE,رجع,104,42,103,2,96,76,28
fDl,فضل,104,32,92,2,73,42,62
Sbr,صبر,103,45,93,2,103,71,32
A*n,اذن,102,38,90,2,97,46,56
$dd,شدد,102,48,99,2,100,57,45
wld,ولد,102,39,80,2,112,55,47
dyn,دين,101,40,87,1,110,49,52
Slw,صلو,99,37,90,2,108,40,59
SHb,صحب,97,47,89,2,105,71,26
Ans,انس,97,52,93,2,103,80,17
qrb,قرب,96,41,91,2,96,50,46
bgy,بغي,96,41,90,2,92,55,41
Axw,اخو,96,31,80,2,80,58,38
Hbb,حبب,95,35,85,2,100,34,61
sbH,سبح,92,49,87,2,110,68,24
sjd,سجد,92,32,81,2,96,54,38
lyl,ليل,92,49,81,2,97,74,18
lys,ليس,89,33,85,2,95,48,41
$Tn,شطن,88,36,78,2,81,53,35
qrA,قرا,88,42,79,2,96,78,10
xld,خلد,87,40,86,2,104,43,44
twb,توب,87,25,69,2,110,23,64
mwl,مول,86,38,80,2,111,32,54
AHd,احد,85,33,82,2,112,47,38
njw,نجو,84,31,75,2,70,67,17
swy,سوي,83,48,80,2,91,57,26
kyf,كيف,83,37,83,2,105,61,22
Hrm,حرم,83,25,71,2,70,35,48
zwj,زوج,81,43,72,2,81,42,39
Eqb,عقب,80,32,74,2,91,46,34
ErD,عرض,79,35,72,2,74,53,26
wjh,وجه,78,38,71,2,92,44,34
wHy,وحي,78,33,70,3,99,69,9
Swb,صوب,77,27,56,2,78,25,52
blg,بلغ,77,36,73,2,75,49,28
qll,قلل,76,33,74,2,77,42,34
Alm,الم,75,42,73,2,84,36,39
klm,كلم,75,32,71,2,78,46,29
$kr,شكر,75,35,69,2,76,55,20
Drr,ضرر,74,31,70,2,72,43,31
bAs,باس,73,33,70,2,67,36,37
rDw,رضو,73,32,64,2,101,21,52
byt,بيت,73,29,54,2,106,28,45
rjl,رجل,73,32,66,2,72,44,29
gny,غني,73,44,72,2,111,46,27
frq,فرق,72,30,66,2,98,30,42
ymn,يمن,71,34,63,2,90,40,31
mtE,متع,70,38,65,2,80,43,27
Erf,عرف,70,26,62,2,83,20,50
Elw,علو,70,41,68,2,92,55,15
wkl,وكل,70,29,61,3,73,44,26
skn,سكن,69,40,66,2,107,39,30
Znn,ظنن,69,32,57,2,84,48,21
wHd,وحد,68,35,67,2,79,49,19
hlk,هلك,68,40,63,2,90,57,11
bEv,بعث,67,33,64,2,91,49,18
ksb,كسب,67,27,60,2,111,38,29
wfy,وفي,66,27,64,2,83,35,31
jrm,جرم,66,36,65,5,83,60,6
xsr,خسر,65,35,60,2,103,46,19
Eyn,عين,65,37,63,2,102,51,14
jry,جري,64,43,64,2,98,31,33
Hml,حمل,64,29,50,2,111,41,23
Hmd,حمد,63,40,61,1,110,50,13
mwh,موه,63,41,60,2,86,48,15
tlw,تلو,63,33,61,2,98,36,27
sHr,سحر,63,27,59,2,74,59,4
qDy,قضي,63,29,59,2,80,49,14
Ewd,عود,63,39,58,2,89,51,12
*wq,ذوق,63,32,61,3,78,48,15
zyd,زيد,61,32,59,2,78,40,21
mss,مسس,61,29,57,2,70,43,18
gyb,غيب,60,35,59,2,82,42,18
ftn,فتن,60,32,58,2,85,34,26
fry,فري,60,24,54,3,61,53,7
zkw,زكو,59,29,56,2,98,25,34
nsw,نسو,59,16,53,2,65,9,50
Zhr,ظهر,59,30,57,2,94,33,26
rdd,ردد,59,30,57,2,95,35,24
Drb,ضرب,58,28,54,2,73,30,28
Edd,عدد,57,26,50,2,104,21,36
qry,قري,57,26,54,2,65,47,10
rwH,روح,57,40,52,2,97,45,12
*hb,ذهب,56,30,56,2,81,36,20
nhy,نهي,56,26,54,2,96,28,28
Ajl,اجل,56,29,48,2,77,39,17
dwr,دور,55,27,53,2,71,28,27
fsq,فسق,54,23,54,2,63,20,34
ndw,ندو,53,26,50,2,96,45,8
xbr,خبر,52,31,52,2,100,24,28
DEf,ضعف,52,21,45,2,72,25,27
tHt,تحت,51,30,50,2,98,20,31
Hll,حلل,51,21,43,2,90,13,38
fsd,فسد,50,23,47,2,89,33,17
Tyb,طيب,50,23,46,2,61,21,29
nfE,نفع,50,31,49,2,87,32,18
Eql,عقل,49,30,49,2,67,30,19
swE,سوع,49,27,44,6,79,42,7
TEm,طعم,48,26,41,2,107,26,22
x$y,خشي,48,24,40,2,98,22,26
Avm,اثم,48,21,42,2,83,13,35
qdm,قدم,48,37,48,2,89,29,19
Ejl,عجل,47,25,44,2,76,37,10
krm,كرم,47,29,46,4,96,34,13
Ehd,عهد,46,17,36,2,70,16,30
zyn,زين,46,28,43,2,67,32,14
Sdr,صدر,46,31,43,3,114,31,15
SrT,صرط,45,25,45,1,67,33,12
nsy,نسي,45,20,37,2,87,33,12
w*r,وذر,45,29,43,2,76,36,9
SbH,صبح,45,25,43,3,100,34,11
bdl,بدل,44,25,40,2,76,23,21
srr,سرر,44,33,43,2,88,30,14
ysr,يسر,44,27,40,2,94,27,17
HfZ,حفظ,44,23,42,2,86,31,13
dbr,دبر,44,31,44,3,79,28,16
trk,ترك,43,20,37,2,75,24,19
fwq,فوق,43,27,41,2,78,27,16
jwb,جوب,43,23,41,2,89,33,10
H$r,حشر,43,28,43,2,81,34,9
fSl,فصل,43,24,42,2,86,37,6
mkr,مكر,43,14,23,3,71,33,10
Hzn,حزن,42,25,42,2,58,26,16
bHr,بحر,42,25,40,2,82,34,8
qwy,قوي,42,25,39,2,86,30,12
sxr,سخر,42,21,35,2,69,33,9
Sdd,صدد,42,23,41,2,63,19,23
lEn,لعن,41,18,36,2,48,11,30
Twf,طوف,41,22,35,2,76,14,27
krh,كره,41,21,35,2,61,14,27
jhd,جهد,41,19,36,2,66,11,30
jbl,جبل,41,33,39,2,101,35,6
flH,فلح,40,24,40,2,91,23,17
$Er,شعر,40,23,40,2,69,30,10
mlA,ملا,40,18,40,2,72,38,2
Tgy,طغي,39,27,39,2,96,29,10
$rb,شرب,39,22,34,2,83,28,11
*nb,ذنب,39,26,37,3,91,22,17
slT,سلط,39,27,39,3,69,31,8
qrr,قرر,38,22,37,2,77,29,9
blw,بلو,38,25,35,2,89,21,17
ftH,فتح,38,25,33,2,110,24,14
hwy,هوي,38,22,37,2,101,26,12
mrA,مرا,38,22,37,2,111,24,14
*rr,ذرر,38,21,36,2,99,25,13
sbq,سبق,37,24,35,2,79,30,7
Alw,الو,37,6,37,2,55,3,34
nkr,نكر,37,26,37,3,67,23,14
ryb,ريب,36,26,35,2,74,20,16
qTE,قطع,36,23,36,2,69,20,16
bTl,بطل,36,24,34,2,47,22,14
Hdv,حدث,36,28,36,2,99,27,9
Any,اني,36,25,36,2,89,20,16
Awy,اوي,36,23,36,3,93,19,17
qrn,قرن,36,20,34,4,50,34,2
Hyn,حين,35,23,33,2,76,29,6
Efw,عفو,35,11,31,2,64,6,29
gfl,غفل,35,21,35,2,50,27,8
mrr,مرر,35,22,32,2,83,24,11
wrv,ورث,35,20,34,2,89,27,8
kyd,كيد,35,16,29,3,105,31,4
hzA,هزا,34,21,32,2,46,24,10
wvq,وثق,34,13,29,2,89,7,27
jnH,جنح,34,14,32,2,60,7,27
xfy,خفي,34,21,31,2,87,19,15
Emy,عمي,33,22,30,2,80,22,11
Zll,ظلل,33,20,31,2,77,26,7
Hjj,حجج,33,10,26,2,45,10,23
kfy,كفي,33,15,32,2,48,14,19
$ms,شمس,33,28,32,2,91,28,5
Er$,عرش,33,25,32,2,85,28,5
jnb,جنب,33,21,31,3,92,20,13
qsm,قسم,33,24,31,4,90,26,7
mdd,مدد,32,24,29,2,104,25,7
brr,برر,32,18,30,2,83,18,14
ESy,عصي,32,23,32,2,79,18,14
wry,وري,32,25,31,2,100,20,12
wsE,وسع,32,15,29,2,65,13,19
wSy,وصي,32,13,21,2,103,16,16
vlv,ثلث,32,20,28,2,77,14,18
nSb,نصب,32,19,29,2,94,15,17
brk,برك,32,22,32,3,67,28,4
Thr,طهر,31,18,26,2,98,7,24
bdw,بدو,31,16,29,2,60,13,18
Hyv,حيث,31,14,29,2,68,15,16
$fE,شفع,31,19,26,2,89,23,8
brA,برا,31,20,28,2,98,11,20
xlS,خلص,31,17,30,2,98,26,5
qEd,قعد,31,15,26,2,85,12,19
$rr,شرر,31,22,30,2,114,19,12
hjr,هجر,31,17,27,2,74,9,22
glb,غلب,31,18,28,2,80,18,13
lbv,لبث,31,17,27,2,79,27,4
sEy,سعي,30,20,28,2,92,20,10
Srf,صرف,30,17,29,2,46,25,5
qSS,قصص,30,14,25,2,40,23,7
Anv,انث,30,17,26,2,92,19,11
Esy,عسي,30,16,28,2,68,15,15
Afk,افك,30,21,29,5,69,24,6
g$w,غشو,29,23,26,2,92,22,7
vny,ثني,29,18,24,2,68,18,11
rfE,رفع,29,21,29,2,94,17,12
wdd,ودد,29,18,28,2,85,10,19
Syr,صير,29,22,29,2,67,9,20
jdl,جدل,29,16,27,2,58,19,10
jnd,جند,29,18,27,2,85,20,9
Tyr,طير,29,19,24,2,105,21,8
fwz,فوز,29,21,27,3,85,10,19
dry,دري,29,21,28,4,104,26,3
yqn,يقن,28,19,28,2,102,23,5
xlw,خلو,28,18,28,2,84,12,16
HwT,حوط,28,18,27,2,85,18,10
sbE,سبع,28,16,24,2,78,22,6
Edl,عدل,28,11,24,2,82,13,15
$qq,شقق,28,21,25,2,84,14,14
Abd,ابد,28,15,28,2,98,5,23
vwb,ثوب,28,15,23,2,83,10,18
rjw,رجو,28,21,27,2,78,20,8
vql,ثقل,28,19,26,4,101,19,9
n$A,نشا,28,14,25,6,73,26,2
$jr,شجر,27,19,26,2,56,21,6
mnn,منن,27,20,25,2,95,18,9
bwb,بوب,27,17,24,2,78,21,6
E$r,عشر,27,19,26,2,89,15,12
Ejb,عجب,27,17,24,2,72,14,13
msk,مسك,27,17,24,2,83,17,10
grr,غرر,27,14,21,3,82,17,10
syr,سير,27,21,25,3,81,22,5
wzr,وزر,27,11,14,6,94,26,1
qmr,قمر,27,23,26,6,91,24,3
nbt,نبت,26,21,23,2,80,20,6
xzy,خزي,26,15,24,2,66,14,12
hwn,هون,26,19,26,2,89,14,12
jHm,جحم,26,18,26,2,102,20,6
wDE,وضع,26,18,24,3,94,9,17
Ejz,عجز,26,21,25,5,72,20,6
$ry,شري,25,8,23,2,31,4,21
Hwl,حول,25,19,25,2,46,17,8
sqy,سقي,25,19,24,2,91,18,7
wEZ,وعظ,25,14,24,2,65,11,14
HDr,حضر,25,16,25,2,81,16,9
flk,فلك,25,20,25,2,45,23,2
bTn,بطن,25,18,25,2,57,15,10
Hdd,حدد,25,12,20,2,65,4,21
bsT,بسط,25,15,23,2,71,16,9
qsT,قسط,25,15,22,2,72,9,16
whb,وهب,25,12,22,3,42,21,4
lsn,لسن,25,18,24,3,90,17,8
Sly,صلي,25,21,25,4,111,20,5
gDb,غضب,24,15,21,1,60,13,11
mrD,مرض,24,13,23,2,74,3,21
kwd,كود,24,19,24,2,72,16,8
vmr,ثمر,24,12,22,2,47,17,7
fjr,فجر,24,16,21,2,97,18,6
*ll,ذلل,24,17,23,2,76,14,10
jhl,جهل,24,17,24,2,49,15,9
Emr,عمر,24,14,19,2,52,15,9
fH$,فحش,24,15,23,2,65,13,11
rqb,رقب,24,14,20,2,90,11,13
A*y,اذي,24,10,22,2,61,4,20
wqE,وقع,24,16,22,4,77,21,3
m$y,مشي,23,14,20,2,68,18,5
lbs,لبس,23,13,20,2,78,18,5
grq,غرق,23,18,23,2,79,21,2
ytm,يتم,23,12,22,2,107,8,15
srE,سرع,23,14,23,2,70,11,12
nkH,نكح,23,6,19,2,60,1,22
Tlq,طلق,23,10,21,2,77,8,15
srf,سرف,23,17,21,3,51,20,3
wzn,وزن,23,14,21,6,101,18,5
rbE,ربع,22,11,21,2,58,5,17
xTA,خطا,22,13,20,2,96,15,7
Alf,الف,22,12,19,2,106,7,15
tmm,تمم,22,12,20,2,66,10,12
gwy,غوي,22,11,18,2,53,21,1
trb,ترب,22,18,22,2,90,18,4
frH,فرح,22,13,21,3,57,14,8
Erb,عرب,22,15,22,9,56,11,11
H*r,حذر,21,12,19,2,64,4,17
Hjr,حجر,21,14,18,2,105,13,8
ktm,كتم,21,7,20,2,40,2,19
hwd,هود,21,10,21,2,62,10,11
mny,مني,21,10,18,2,75,6,15
$hr,شهر,21,9,17,2,97,4,17
Hlm,حلم,21,16,20,2,64,9,12
bqy,بقي,21,16,21,2,87,18,3
snn,سنن,21,11,15,3,48,11,10
fty,فتي,21,7,19,4,37,15,6
Avr,اثر,21,16,21,5,87,17,4
Hmm,حمم,21,15,20,6,78,18,3
n$r,نشر,21,18,20,17,81,19,2
snw,سنو,20,17,20,2,70,16,4
mry,مري,20,16,19,2,54,17,3
drj,درج,20,16,20,2,68,11,9
rbw,ربو,20,12,15,2,69,9,11
nxl,نخل,20,16,20,2,80,16,4
nzE,نزع,20,16,20,3,79,14,6
nfx,نفخ,20,17,18,3,78,17,3
fqh,فقه,20,12,20,4,63,10,10
SnE,صنع,20,14,19,5,35,16,4
Hzb,حزب,20,13,17,5,58,11,9
lEb,لعب,20,13,20,5,70,15,5
fTr,فطر,20,17,19,6,82,20,0
k$f,كشف,20,14,20,6,68,20,0
vmn,ثمن,19,13,19,2,69,8,11
grb,غرب,19,13,17,2,73,11,8
bld,بلد,19,15,19,2,95,17,2
r$d,رشد,19,9,19,2,72,15,4
Swr,صور,19,17,17,2,82,14,5
TlE,طلع,19,13,18,3,104,17,2
sEr,سعر,19,15,19,4,84,13,6
fkh,فكه,19,12,19,23,83,16,3
frD,فرض,18,7,14,2,66,1,17
mll,ملل,18,11,16,2,38,9,9
dbb,دبب,18,14,18,2,45,13,5
rAs,راس,18,15,17,2,63,11,7
xSm,خصم,18,12,17,2,50,13,5
fkr,فكر,18,13,18,2,74,13,5
vbt,ثبت,18,11,17,2,47,8,10
ldn,لدن,18,10,17,3,28,12,6
HSn,حصن,18,7,12,4,66,3,15
nfr,نفر,18,10,16,4,74,10,8
mkn,مكن,18,12,16,6,81,15,3
nwb,نوب,18,11,18,11,60,16,2
swr,سور,17,13,16,2,76,6,11
x$E,خشع,17,16,16,2,88,11,6
bwA,بوا,17,12,16,2,59,8,9
Ew*,عوذ,17,14,17,2,114,15,2
xff,خفف,17,13,17,2,101,10,7
mnE,منع,17,16,17,2,107,13,4
$rq,شرق,17,13,17,2,73,11,6
Sfw,صفو,17,12,16,2,47,8,9
rbS,ربص,17,7,12,2,57,6,11
nqm,نقم,17,12,16,3,85,12,5
Awb,اوب,17,8,17,3,88,14,3
zEm,زعم,17,10,16,4,68,14,3
swq,سوق,17,13,16,7,75,15,2
mdn,مدن,17,11,17,7,63,13,4
jhr,جهر,16,13,15,2,87,10,6
Eln,علن,16,12,16,2,71,11,5
lbb,لبب,16,10,16,2,65,8,8
xwn,خون,16,8,11,2,66,3,13
mhd,مهد,16,13,15,2,78,10,6
HbT,حبط,16,12,16,2,49,5,11
xbv,خبث,16,9,10,2,24,5,11
gdw,غدو,16,13,16,3,68,12,4
gll,غلل,16,12,13,3,76,8,8
Etd,عتد,16,10,16,4,76,9,7
sTr,سطر,16,14,16,6,88,14,2
lhw,لهو,16,13,15,6,102,10,6
fAd,فاد,16,13,15,6,104,16,0
kyl,كيل,16,7,13,6,83,16,0
Smm,صمم,15,13,14,2,47,9,6
swm,سوم,15,10,15,2,55,8,7
Hrr,حرر,15,10,11,2,76,3,12
kff,كفف,15,9,14,2,48,3,12
rkb,ركب,15,13,15,2,84,12,3
byE,بيع,15,8,11,2,62,1,14
Hrj,حرج,15,9,11,4,48,2,13
mTr,مطر,15,9,9,4,46,13,2
$kk,شكك,15,11,15,4,44,14,1
bdA,بدا,15,11,14,7,85,14,1
Hrv,حرث,14,7,11,2,68,8,6
Swm,صوم,14,6,11,2,58,1,13
fqr,فقر,14,11,14,2,75,3,11
wlj,ولج,14,8,9,3,57,6,8
rjm,رجم,14,12,14,3,81,13,1
E$w,عشو,14,11,14,3,79,12,2
vwy,ثوي,14,10,14,3,47,11,3
lwm,لوم,14,10,12,5,75,12,2
wSf,وصف,14,7,14,6,43,14,0
zrE,زرع,14,12,12,6,56,11,3
rsw,رسو,14,13,14,7,79,13,1
ETw,عطو,14,11,12,9,108,11,3
Sff,صفف,14,11,12,18,89,11,3
Aby,ابي,13,8,12,2,33,7,6
rkE,ركع,13,8,10,2,77,3,10
fdy,فدي,13,10,13,2,70,4,9
qnt,قنت,13,8,12,2,66,3,10
rAf,راف,13,8,13,2,59,2,11
wqt,وقت,13,10,13,2,78,11,2
qrD,قرض,13,6,7,2,73,3,10
xll,خلل,13,11,13,2,43,9,4
Tmn,طمن,13,11,12,2,89,5,8
Sgr,صغر,13,11,13,2,54,10,3
$hw,شهو,13,13,13,3,77,11,2
glm,غلم,13,8,13,3,52,12,1
Hwr,حور,13,10,12,3,84,6,7
ESm,عصم,13,10,12,3,60,5,8
fwh,فوه,13,10,13,3,61,3,10
glZ,غلظ,13,10,13,3,66,4,9
jwr,جور,13,10,10,4,72,6,7
jld,جلد,13,6,9,4,41,6,7
Hlf,حلف,13,5,12,4,68,1,12
yAs,ياس,13,9,11,5,65,8,5
bgt,بغت,13,10,13,6,47,11,2
xzn,خزن,13,11,13,6,67,12,1
njm,نجم,13,12,13,6,86,11,2
Dyq,ضيق,13,10,12,6,65,9,4
nSH,نصح,13,6,11,7,66,11,2
SyH,صيح,13,9,13,11,63,12,1
$bh,شبه,12,6,9,2,39,5,7
wSl,وصل,12,7,10,2,28,6,6
rhb,رهب,12,10,12,2,59,5,7
ESw,عصو,12,6,12,2,28,11,1
bkr,بكر,12,11,12,2,76,6,6
TmE,طمع,12,10,12,2,74,8,4
nb*,نبذ,12,10,12,2,104,8,4
nyl,نيل,12,7,10,2,33,3,9
Hnf,حنف,12,9,12,2,98,6,6
Hsr,حسر,12,12,12,2,69,9,3
lHm,لحم,12,10,12,2,56,7,5
sfr,سفر,12,9,12,2,80,5,7
Esr,عسر,12,9,12,2,94,7,5
byD,بيض,12,10,12,2,37,9,3
xTb,خطب,12,11,12,2,78,11,1
knn,كنن,12,11,12,2,56,11,1
Tyn,طين,12,11,12,3,51,10,2
jby,جبي,12,12,12,3,68,10,2
bxl,بخل,12,6,7,3,92,1,11
drk,درك,12,9,11,4,68,9,3
wdy,ودي,12,11,11,4,89,8,4
xwD,خوض,12,7,9,4,74,8,4
jHd,جحد,12,10,12,6,46,12,0
$yE,شيع,12,9,11,6,54,11,1
$ml,شمل,12,9,11,6,70,12,0
xrr,خرر,12,10,12,7,38,11,1
E*r,عذر,12,8,11,7,77,7,5
$qw,شقو,12,7,12,11,92,12,0
sjn,سجن,12,3,12,12,83,12,0
slk,سلك,12,11,12,15,74,12,0
nTf,نطف,12,11,12,16,80,10,2
nTq,نطق,12,9,11,21,77,12,0
Ewn,عون,11,8,10,1,25,6,5
sfh,سفه,11,5,10,2,72,5,6
wqd,وقد,11,10,11,2,104,4,7
SEq,صعق,11,8,10,2,52,7,4
gmm,غمم,11,8,10,2,25,5,6
Twr,طور,11,9,11,2,95,8,3
Ayd,ايد,11,9,11,2,61,2,9
sHb,سحب,11,10,11,2,54,7,4
sbb,سبب,11,6,10,2,40,9,2
lgw,لغو,11,11,11,2,88,9,2
rDE,رضع,11,5,6,2,65,2,9
fAy,فاي,11,6,9,2,28,2,9
Enb,عنب,11,10,11,2,80,9,2
ymm,يمم,11,7,10,2,51,8,3
Hrb,حرب,11,9,11,2,47,3,8
gyZ,غيظ,11,8,10,3,67,3,8
Trf,طرف,11,11,11,3,55,8,3
zbr,زبر,11,10,11,3,54,9,2
qSr,قصر,11,9,11,4,77,6,5
TbE,طبع,11,9,11,4,63,6,5
Trq,طرق,11,6,11,4,86,9,2
jml,جمل,11,9,11,7,77,9,2
wrd,ورد,11,7,9,11,55,10,1
wkA,وكا,11,10,11,12,76,8,3
HSy,حصي,11,10,11,14,78,9,2
frr,فرر,11,9,10,18,80,7,4
$fq,شفق,11,9,11,18,84,9,2
dmw,دمو,10,7,10,2,22,5,5
qds,قدس,10,7,10,2,79,3,7
rjz,رجز,10,7,9,2,74,8,2
rEy,رعي,10,9,9,2,87,6,4
DyE,ضيع,10,8,10,2,19,6,4
nqS,نقص,10,9,10,2,73,7,3
swd,سود,10,8,9,2,43,5,5
zyl,زيل,10,10,10,2,48,4,6
Ezl,عزل,10,8,10,2,44,6,4
dfE,دفع,10,8,9,2,70,4,6
mAy,ماي,10,5,7,2,37,2,8
kfl,كفل,10,8,10,3,57,6,4
mlw,ملو,10,8,9,3,68,4,6
Twl,طول,10,10,10,4,76,6,4
sfl,سفل,10,9,9,4,95,6,4
jbr,جبر,10,9,10,5,59,8,2
rjs,رجس,10,7,9,5,33,4,6
Hyq,حيق,10,9,10,6,46,10,0
qhr,قهر,10,9,10,6,93,9,1
Etw,عتو,10,7,9,7,69,9,1
dmr,دمر,10,8,8,7,47,9,1
bT$,بطش,10,8,8,7,85,10,0
ASl,اصل,10,10,10,7,76,4,6
DHk,ضحك,10,8,10,9,83,9,1
rhq,رهق,10,7,10,10,80,10,0
zlf,زلف,10,8,10,11,81,10,0
jdd,جدد,10,8,10,13,72,9,1
tjr,تجر,9,7,8,2,62,1,8
nqD,نقض,9,7,9,2,94,3,6
*bH,ذبح,9,6,9,2,37,5,4
sbt,سبت,9,6,7,2,78,6,3
bqr,بقر,9,3,9,2,12,4,5
lwn,لون,9,5,7,2,39,7,2
Ekf,عكف,9,7,9,2,48,5,4
bvv,بثث,9,9,9,2,101,7,2
fyD,فيض,9,7,8,2,46,3,6
Ezm,عزم,9,7,9,2,47,4,5
qbD,قبض,9,6,7,2,67,6,3
brz,برز,9,8,9,2,79,6,3
nwm,نوم,9,9,9,2,78,7,2
Ewm,عوم,9,5,7,2,31,3,6
Hrq,حرق,9,8,9,2,85,4,5
zyg,زيغ,9,7,8,3,61,3,6
Ebr,عبر,9,8,9,3,79,5,4
fDD,فضض,9,6,9,3,76,1,8
xyl,خيل,9,9,9,3,59,4,5
dwm,دوم,9,6,9,3,70,4,5
Ewj,عوج,9,7,9,3,39,8,1
hmm,همم,9,6,8,3,40,3,6
whn,وهن,9,7,8,3,47,4,5
SEd,صعد,9,8,9,3,74,6,3
gnm,غنم,9,6,9,4,48,3,6
rmy,رمي,9,5,7,4,105,2,7
srq,سرق,9,4,7,5,60,6,3
wqr,وقر,9,8,9,6,71,8,1
Hly,حلي,9,8,9,7,76,6,3
Enq,عنق,9,8,9,8,40,7,2
knz,كنز,9,6,7,9,28,6,3
Erj,عرج,9,8,9,15,70,6,3
zny,زني,9,4,5,17,60,2,7
q*f,قذف,9,6,8,20,59,7,2
SHf,صحف,9,8,9,20,98,8,1
frj,فرج,9,8,9,21,77,5,4
xtm,ختم,8,7,8,2,83,6,2
hbT,هبط,8,4,8,2,20,4,4
SfH,صفح,8,6,7,2,64,4,4
brhn,برهن,8,7,8,2,28,6,2
rgb,رغب,8,7,8,2,94,4,4
klf,كلف,8,7,8,2,65,4,4
bht,بهت,8,6,8,2,60,1,7
wbl,وبل,8,6,7,2,73,1,7
slf,سلف,8,7,8,2,69,3,5
Eqr,عقر,8,7,8,3,91,7,1
xms,خمس,8,7,8,3,70,3,5
xwl,خول,8,5,6,4,39,3,5
Slb,صلب,8,7,8,4,86,5,3
frT,فرط,8,6,8,6,39,8,0
DrE,ضرع,8,4,8,6,88,8,0
sqT,سقط,8,8,8,6,52,7,1
xDr,خضر,8,7,8,6,76,5,3
lTf,لطف,8,8,8,6,67,6,2
Ey$,عيش,8,8,8,7,101,8,0
dll,دلل,8,6,8,7,61,7,1
Hjb,حجب,8,8,8,7,83,7,1
stt,ستت,8,8,8,7,58,6,2
rjf,رجف,8,5,7,7,79,7,1
gbr,غبر,8,7,8,7,80,8,0
qbr,قبر,8,8,8,9,102,5,3
sry,سري,8,8,8,11,89,8,0
trf,ترف,8,7,8,11,56,8,0
xsf,خسف,8,7,8,16,75,8,0
Swt,صوت,8,4,5,17,49,5,3
Emh,عمه,7,7,7,2,27,6,1
xTf,خطف,7,6,6,2,37,4,3
qsw,قسو,7,6,6,2,57,2,5
nsk,نسك,7,3,6,2,22,1,6
xmr,خمر,7,5,7,2,47,2,5
fyA,فيا,7,5,6,2,59,1,6
bEl,بعل,7,5,5,2,37,2,5
srH,سرح,7,3,5,2,33,1,6
Eqd,عقد,7,5,7,2,113,2,5
nSf,نصف,7,3,7,2,73,2,5
grf,غرف,7,5,5,2,39,5,2
bxs,بخس,7,6,7,2,72,6,1
Hbl,حبل,7,5,6,3,111,4,3
HZZ,حظظ,7,5,7,3,41,2,5
skr,سكر,7,5,6,4,50,4,3
brj,برج,7,6,6,4,85,3,4
Emd,عمد,7,7,7,4,104,3,4
Elq,علق,7,6,6,4,96,5,2
Asw,اسو,7,5,7,5,60,1,6
ndm,ندم,7,6,7,5,49,4,3
zyt,زيت,7,5,6,6,95,5,2
nwq,نوق,7,6,7,7,91,7,0
DHw,ضحو,7,5,7,7,93,7,0
nkv,نكث,7,5,6,7,48,3,4
dkk,دكك,7,4,4,7,89,7,0
bky,بكي,7,6,7,9,53,6,1
ESf,عصف,7,6,6,10,105,6,1
mwj,موج,7,5,6,10,31,5,2
bDE,بضع,7,2,6,12,30,7,0
wEy,وعي,7,4,4,12,84,7,0
mkv,مكث,7,7,7,13,43,6,1
tsE,تسع,7,5,6,17,74,7,0
DwA,ضوا,6,5,6,2,28,3,3
bkm,بكم,6,5,6,2,17,3,3
brq,برق,6,5,6,2,75,2,4
fr$,فرش,6,6,6,2,101,4,2
ndd,ندد,6,5,6,2,41,4,2
Hrf,حرف,6,5,6,2,22,0,6
Asr,اسر,6,4,6,2,76,0,6
krr,كرر,6,6,6,2,79,5,1
Ady,ادي,6,4,5,2,44,1,5
vqf,ثقف,6,6,6,2,60,0,6
HSr,حصر,6,5,6,2,17,1,5
zlzl,زلزل,6,4,4,2,99,0,6
xlT,خلط,6,6,6,2,38,4,2
frg,فرغ,6,6,6,2,94,4,2
Hmr,حمر,6,6,6,2,74,4,2
dAb,داب,6,5,6,3,40,3,3
Hss,حسس,6,4,6,3,21,4,2
drs,درس,6,5,6,3,68,5,1
Srr,صرر,6,5,6,3,71,4,2
kZm,كظم,6,6,6,3,68,5,1
lHq,لحق,6,6,6,3,62,4,2
sdd,سدد,6,4,5,4,36,4,2
mqt,مقت,6,4,5,4,61,4,2
myl,ميل,6,1,3,4,4,0,6
fxr,فخر,6,5,6,4,57,2,4
Syd,صيد,6,1,5,5,5,0,6
rdy,ردي,6,6,6,5,92,5,1
klb,كلب,6,3,4,5,18,5,1
Hbr,حبر,6,4,6,5,43,2,4
qSd,قصد,6,5,6,5,35,4,2
Hmy,حمي,6,5,5,5,101,2,4
*rA,ذرا,6,6,6,6,67,6,0
HSd,حصد,6,6,6,6,50,6,0
tbr,تبر,6,4,4,7,71,6,0
lwH,لوح,6,4,6,7,85,6,0
lHd,لحد,6,6,6,7,72,5,1
nzg,نزغ,6,4,4,7,41,6,0
rSd,رصد,6,4,6,9,89,4,2
$fy,شفي,6,6,6,9,41,5,1
wTA,وطا,6,4,5,9,73,1,5
grm,غرم,6,5,6,9,68,4,2
Dyf,ضيف,6,5,6,11,54,6,0
qmS,قمص,6,1,6,12,12,6,0
qnT,قنط,6,5,6,15,42,6,0
khf,كهف,6,1,6,18,18,6,0
zwr,زور,6,5,6,18,102,4,2
mhl,مهل,6,5,5,18,86,6,0
fzE,فزع,6,4,6,21,38,6,0
lAlA,لالا,6,6,6,22,76,3,3
mrj,مرج,6,3,6,25,55,2,4
HTm,حطم,6,5,6,27,104,5,1
zjr,زجر,6,3,5,37,79,6,0
kAs,كاس,6,5,6,37,78,4,2
xdE,خدع,5,3,3,2,8,0,5
Evw,عثو,5,5,5,2,29,4,1
mSr,مصر,5,4,5,2,43,4,1
nkl,نكل,5,5,5,2,79,2,3
Sfr,صفر,5,5,5,2,77,3,2
vwr,ثور,5,4,5,2,100,4,1
drA,درا,5,5,5,2,28,1,4
qfw,قفو,5,4,4,2,57,1,4
HrS,حرص,5,5,5,2,16,2,3
Hsd,حسد,5,4,4,2,113,2,3
sbT,سبط,5,4,5,2,7,1,4
wsT,وسط,5,4,5,2,100,2,3
$Tr,شطر,5,1,3,2,2,0,5
jwE,جوع,5,5,5,2,106,4,1
xTw,خطو,5,3,4,2,24,1,4
xnzr,خنزر,5,4,5,2,16,2,3
hll,هلل,5,4,5,2,16,2,3
kml,كمل,5,3,5,2,16,1,4
Ent,عنت,5,5,5,2,49,0,5
ksw,كسو,5,4,5,2,23,1,4
qtr,قتر,5,5,5,2,80,4,1
jwz,جوز,5,5,5,2,46,4,1
xwy,خوي,5,5,5,2,69,3,2
n$z,نشز,5,3,4,2,58,0,5
snbl,سنبل,5,2,4,2,12,3,2
ESr,عصر,5,4,5,2,103,4,1
lwy,لوي,5,3,5,3,63,0,5
nq*,نقذ,5,4,5,3,39,3,2
bgD,بغض,5,3,5,3,60,0,5
xyb,خيب,5,4,5,3,91,4,1
rEb,رعب,5,5,5,3,59,1,4
fwt,فوت,5,5,5,3,67,2,3
lyn,لين,5,5,5,3,59,3,2
rbT,ربط,5,4,5,3,28,2,3
sds,سدس,5,3,4,4,58,1,4
Emm,عمم,5,3,3,4,33,0,5
lms,لمس,5,5,5,4,72,2,3
Tms,طمس,5,5,5,4,77,4,1
rfq,رفق,5,3,5,4,18,3,2
mrd,مرد,5,5,5,4,37,2,3
HyS,حيص,5,5,5,4,50,4,1
$HH,شحح,5,4,4,4,64,0,5
$rE,شرع,5,4,5,5,45,4,1
myd,ميد,5,4,5,5,31,3,2
bls,بلس,5,4,5,6,43,5,0
Sdf,صدف,5,2,3,6,18,5,0
Trd,طرد,5,3,4,6,26,5,0
Snm,صنم,5,5,5,6,26,5,0
kwkb,كوكب,5,5,5,6,82,4,1
frd,فرد,5,4,5,6,34,5,0
qrf,قرف,5,3,4,6,42,4,1
xrS,خرص,5,4,5,6,51,5,0
$rH,شرح,5,5,5,6,94,5,0
wsws,وسوس,5,4,5,7,114,5,0
jvm,جثم,5,3,5,7,29,5,0
jlw,جلو,5,4,5,7,92,4,1
Asf,اسف,5,5,5,7,43,5,0
Hwt,حوت,5,4,5,7,68,5,0
wjl,وجل,5,4,5,8,23,3,2
gwv,غوث,5,4,4,8,46,4,1
mDy,مضي,5,5,5,8,43,4,1
qSw,قصو,5,5,5,8,36,4,1
*mm,ذمم,5,3,5,9,68,3,2
zhq,زهق,5,3,4,9,21,3,2
lzm,لزم,5,5,5,11,48,4,1
*rE,ذرع,5,4,4,11,69,5,0
ESb,عصب,5,4,5,11,28,4,1
qdd,قدد,5,2,5,12,72,5,0
qrE,قرع,5,3,5,13,101,4,1
Srx,صرخ,5,4,4,14,36,5,0
bwr,بور,5,4,5,14,48,4,1
qTr,قطر,5,5,5,14,55,3,2
$hb,شهب,5,4,5,15,72,5,0
SdE,صدع,5,5,5,15,86,4,1
Etb,عتب,5,4,4,16,45,5,0
nfd,نفد,5,4,4,16,38,5,0
HSb,حصب,5,5,5,17,67,5,0
ksf,كسف,5,5,5,17,52,5,0
vbr,ثبر,5,3,4,17,84,5,0
Ark,ارك,5,4,5,18,83,4,1
hzz,هزز,5,5,5,19,41,4,1
Twy,طوي,5,4,4,20,79,5,0
$tt,شتت,5,5,5,20,99,2,3
nsf,نسف,5,2,3,20,77,5,0
brd,برد,5,5,5,21,78,4,1
Sbb,صبب,5,4,4,22,89,4,1
dhn,دهن,5,4,4,23,68,4,1
wzE,وزع,5,3,5,27,46,5,0
fwj,فوج,5,5,5,27,110,4,1
zll,زلل,4,3,4,2,16,1,3
xsA,خسا,4,4,4,2,67,3,1
xSS,خصص,4,4,4,2,59,0,4
nsx,نسخ,4,4,4,2,45,2,2
hAt,هات,4,4,4,2,28,3,1
bdE,بدع,4,4,4,2,57,2,2
Twq,طوق,4,2,4,2,3,0,4
dlw,دلو,4,3,3,2,53,3,1
nsl,نسل,4,4,4,2,36,3,1
HyD,حيض,4,2,2,2,65,0,4
$wr,شور,4,4,4,2,42,2,2
Eff,عفف,4,3,4,2,24,0,4
qnTr,قنطر,4,2,3,3,4,0,4
Amd,امد,4,4,4,3,72,2,2
qlm,قلم,4,4,4,3,96,3,1
hyA,هيا,4,3,4,3,18,2,2
nml,نمل,4,2,2,3,27,3,1
f$l,فشل,4,2,4,3,8,0,4
fwr,فور,4,4,4,3,67,3,1
sxT,سخط,4,4,4,3,47,0,4
myz,ميز,4,4,4,3,67,2,2
hnA,هنا,4,4,4,4,77,3,1
sfH,سفح,4,3,4,4,6,1,3
wfq,وفق,4,3,4,4,78,2,2
gsl,غسل,4,4,4,4,69,2,2
msH,مسح,4,3,3,4,38,1,3
nqr,نقر,4,2,3,4,74,2,2
slH,سلح,4,1,1,4,4,0,4
qld,قلد,4,3,4,5,42,2,2
jrH,جرح,4,3,4,5,45,2,2
kEb,كعب,4,2,4,5,78,1,3
sHt,سحت,4,2,4,5,20,1,3
drr,درر,4,4,4,6,71,3,1
wqf,وقف,4,3,4,6,37,4,0
wrq,ورق,4,4,4,6,20,4,0
ybs,يبس,4,3,4,6,20,4,0
krb,كرب,4,3,4,6,37,4,0
Afl,افل,4,1,3,6,6,4,0
gmr,غمر,4,3,4,6,51,4,0
flq,فلق,4,3,4,6,113,4,0
wdE,ودع,4,4,4,6,93,3,1
xrq,خرق,4,3,3,6,18,4,0
zxrf,زخرف,4,4,4,6,43,4,0
lmm,لمم,4,4,4,6,89,3,1
dHr,دحر,4,3,4,7,37,4,0
smm,سمم,4,4,4,7,56,4,0
Tlb,طلب,4,3,3,7,22,2,2
nHt,نحت,4,4,4,7,37,4,0
jsd,جسد,4,4,4,7,38,4,0
nfl,نفل,4,3,3,8,21,2,2
rHb,رحب,4,2,4,9,38,2,2
gwr,غور,4,3,4,9,67,2,2
lmz,لمز,4,3,4,9,104,1,3
jdr,جدر,4,3,4,9,59,2,2
$An,شان,4,4,4,10,80,2,2
r*l,رذل,4,4,4,11,26,3,1
nSy,نصي,4,3,4,11,96,3,1
$yx,شيخ,4,4,4,11,40,4,0
mjd,مجد,4,3,4,11,85,4,0
rkn,ركن,4,3,4,11,51,4,0
sjl,سجل,4,4,4,11,105,4,0
tbb,تبب,4,3,3,11,111,4,0
swl,سول,4,3,4,12,47,3,1
smn,سمن,4,3,4,12,88,4,0
gyv,غيث,4,4,4,12,57,3,1
bwl,بول,4,3,4,12,47,2,2
jhz,جهز,4,1,2,12,12,4,0
rHl,رحل,4,2,4,12,106,4,0
srb,سرب,4,4,4,13,78,2,2
syl,سيل,4,2,3,13,34,2,2
zwl,زول,4,2,3,14,35,4,0
SlSl,صلصل,4,2,4,15,55,3,1
HmA,حما,4,2,4,15,18,4,0
xfD,خفض,4,4,4,15,56,4,0
sqf,سقف,4,4,4,16,52,4,0
dxr,دخر,4,4,4,16,40,4,0
Ejm,عجم,4,3,3,16,41,4,0
gsq,غسق,4,4,4,17,113,4,0
rqy,رقي,4,3,3,17,75,4,0
dHD,دحض,4,4,4,18,42,4,0
sfn,سفن,4,2,3,18,29,4,0
smr,سمر,4,2,4,20,23,4,0
Tfl,طفل,4,3,4,22,40,1,3
Eqm,عقم,4,3,4,22,51,3,1
ljj,لجج,4,4,4,23,67,3,1
gDD,غضض,4,3,4,24,49,1,3
Ewr,عور,4,2,3,24,33,0,4
rtl,رتل,4,2,2,25,73,4,0
srj,سرج,4,4,4,25,78,3,1
SrH,صرح,4,3,3,27,40,4,0
mhn,مهن,4,4,4,32,77,4,0
mzq,مزق,4,1,2,34,34,4,0
sdr,سدر,4,3,4,34,56,4,0
nEj,نعج,4,1,2,38,38,4,0
kwb,كوب,4,4,4,43,88,3,1
Tbq,طبق,4,3,3,67,84,4,0
rgd,رغد,3,2,3,2,16,1,2
slw,سلو,3,3,3,2,20,2,1
SbA,صبا,3,3,3,2,22,0,3
qrd,قرد,3,3,3,2,7,1,2
Sbg,صبغ,3,2,2,2,23,1,2
lfw,لفو,3,3,3,2,37,2,1
xyT,خيط,3,2,2,2,7,1,2
Hlq,حلق,3,3,3,2,56,1,2
hzm,هزم,3,3,3,2,54,2,1
Erw,عرو,3,3,3,2,31,2,1
jzA,جزا,3,3,3,2,43,2,1
sAm,سام,3,2,3,2,41,2,1
rhn,رهن,3,3,3,2,74,2,1
ASr,اصر,3,3,3,2,7,1,2
kbt,كبت,3,2,2,3,58,0,3
qrH,قرح,3,1,2,3,3,0,3
DjE,ضجع,3,3,3,3,32,1,2
x*l,خذل,3,3,3,3,25,2,1
ftl,فتل,3,2,3,4,17,1,2
HrD,حرض,3,3,3,4,12,1,2
nkf,نكف,3,1,2,4,4,0,3
bhm,بهم,3,2,3,5,22,0,3
$nA,شنا,3,2,3,5,108,1,2
nqb,نقب,3,3,3,5,50,2,1
Ezr,عزر,3,3,3,5,48,1,2
ftr,فتر,3,3,3,5,43,2,1
Anf,انف,3,2,2,5,47,0,3
TfA,طفا,3,3,3,5,61,0,3
nAy,ناي,3,3,3,6,41,3,0
rmn,رمن,3,2,3,6,55,2,1
Abl,ابل,3,3,3,6,105,3,0
Tfq,طفق,3,3,3,7,38,3,0
lqf,لقف,3,3,3,7,26,3,0
slx,سلخ,3,3,3,7,36,2,1
mtn,متن,3,3,3,7,68,3,0
Hfw,حفو,3,3,3,7,47,2,1
rdf,ردف,3,3,3,8,79,2,1
rkm,ركم,3,3,3,8,52,1,2
syH,سيح,3,2,3,9,66,0,3
ljA,لجا,3,2,3,9,42,1,2
Ass,اسس,3,1,2,9,9,0,3
ZmA,ظما,3,3,3,9,24,1,2
lft,لفت,3,3,3,10,15,3,0
xbt,خبت,3,2,3,11,22,1,2
wjs,وجس,3,3,3,11,51,3,0
nDd,نضد,3,3,3,11,56,3,0
rhT,رهط,3,2,3,11,27,3,0
zfr,زفر,3,3,3,11,25,3,0
*Ab,ذاب,3,1,3,12,12,3,0
Sbw,صبو,3,2,3,12,19,3,0
Dgv,ضغث,3,3,3,12,38,3,0
Hwj,حوج,3,3,3,12,59,2,1
Eyr,عير,3,1,3,12,12,3,0
fqd,فقد,3,2,3,12,27,3,0
brH,برح,3,3,3,12,20,3,0
$kw,شكو,3,3,3,12,58,1,2
zjw,زجو,3,3,3,12,24,2,1
zbd,زبد,3,1,1,13,13,0,3
mHw,محو,3,3,3,13,42,2,1
swg,سوغ,3,3,3,14,35,3,0
hTE,هطع,3,3,3,14,70,3,0
srbl,سربل,3,2,2,14,16,3,0
jAr,جار,3,2,3,16,23,3,0
Aff,افف,3,3,3,17,46,3,0
b*r,بذر,3,1,2,17,17,3,0
mrH,مرح,3,3,3,17,40,3,0
str,ستر,3,3,3,17,41,3,0
fzz,فزز,3,1,3,17,17,3,0
lff,لفف,3,3,3,17,78,3,0
*qn,ذقن,3,2,3,17,36,3,0
xft,خفت,3,3,3,17,68,3,0
rqm,رقم,3,2,3,18,83,3,0
$TT,شطط,3,3,3,18,72,3,0
wSd,وصد,3,3,3,18,104,3,0
*rw,ذرو,3,2,2,18,51,3,0
Sxr,صخر,3,3,3,18,89,3,0
$yb,شيب,3,3,3,19,73,3,0
j*E,جذع,3,2,3,19,20,3,0
jvw,جثو,3,2,3,19,45,3,0
qbs,قبس,3,3,3,20,57,2,1
Ery,عري,3,3,3,20,68,3,0
rkD,ركض,3,2,3,21,38,3,0
fjj,فجج,3,3,3,21,71,2,1
nks,نكس,3,3,3,21,36,3,0
mDg,مضغ,3,2,2,22,23,2,1
bhj,بهج,3,3,3,22,50,2,1
wvn,وثن,3,2,3,22,29,2,1
sll,سلل,3,3,3,23,32,2,1
wtr,وتر,3,3,3,23,89,2,1
hmz,همز,3,3,3,23,104,3,0
nsb,نسب,3,3,3,23,37,3,0
jyb,جيب,3,3,3,24,28,2,1
nvr,نثر,3,3,3,25,82,2,1
frt,فرت,3,3,3,25,77,3,0
Ajj,اجج,3,3,3,25,56,3,0
$Hn,شحن,3,3,3,26,37,3,0
Hdq,حدق,3,3,3,27,80,3,0
jdv,جدث,3,3,3,36,70,3,0
l**,لذذ,3,3,3,37,47,2,1
zqm,زقم,3,3,3,37,56,3,0
rwg,روغ,3,2,3,37,51,3,0
wtd,وتد,3,3,3,38,89,3,0
kwr,كور,3,2,2,39,81,3,0
Azf,ازف,3,2,2,40,53,3,0
slsl,سلسل,3,3,3,40,76,2,1
sjr,سجر,3,3,3,40,81,3,0
SrSr,صرصر,3,3,3,41,69,3,0
nHs,نحس,3,3,3,41,55,2,1
Afq,افق,3,3,3,41,81,3,0
mwr,مور,3,2,2,52,67,3,0
dEE,دعع,3,2,2,52,107,3,0
nf*,نفذ,3,1,1,55,55,0,3
$Am,شام,3,2,2,56,90,3,0
vll,ثلل,3,1,3,56,56,3,0
fsH,فسح,3,1,1,58,58,0,3
Srm,صرم,3,1,3,68,68,3,0
HDD,حضض,3,3,3,69,107,3,0
Ebs,عبس,3,3,3,74,80,2,1
nDr,نضر,3,3,3,75,83,2,1
mzj,مزج,3,2,3,76,83,1,2
lhb,لهب,3,2,3,77,111,3,0
rEd,رعد,2,2,2,2,13,0,2
SbE,صبع,2,2,2,2,71,1,1
sfk,سفك,2,1,2,2,2,0,2
HTT,حطط,2,2,2,2,7,1,1
glf,غلف,2,2,2,2,4,0,2
zHzH,زحزح,2,2,2,2,3,0,2
xrb,خرب,2,2,2,2,59,0,2
jnf,جنف,2,2,2,2,5,0,2
rfv,رفث,2,1,2,2,2,0,2
zwd,زود,2,1,1,2,2,0,2
ldd,لدد,2,2,2,2,19,1,1
Amw,امو,2,2,2,2,24,0,2
EDl,عضل,2,2,2,2,4,0,2
jsm,جسم,2,2,2,2,63,0,2
krs,كرس,2,2,2,2,38,1,1
mHq,محق,2,2,2,2,3,0,2
rsx,رسخ,2,2,2,3,4,0,2
khl,كهل,2,2,2,3,5,0,2
kmh,كمه,2,2,2,3,5,0,2
brS,برص,2,2,2,3,5,0,2
$fw,شفو,2,2,2,3,9,0,2
Hfr,حفر,2,2,2,3,79,1,1
xbl,خبل,2,2,2,3,9,0,2
EDD,عضض,2,2,2,3,25,1,1
dwl,دول,2,2,2,3,59,0,2
mHS,محص,2,1,2,3,3,0,2
kyn,كين,2,2,2,3,23,1,1
nEs,نعس,2,2,2,3,8,0,2
nHl,نحل,2,2,2,4,16,1,1
xdn,خدن,2,2,2,4,5,0,2
gwT,غوط,2,2,2,4,5,0,2
TEn,طعن,2,2,2,4,9,0,2
$yd,شيد,2,2,2,4,22,0,2
qwt,قوت,2,2,2,4,41,1,1
rks,ركس,2,1,2,4,4,0,2
Hw*,حوذ,2,2,2,4,58,0,2
ksl,كسل,2,2,2,4,9,0,2
glw,غلو,2,2,2,4,5,0,2
zlm,زلم,2,1,2,5,5,0,2
xmS,خمص,2,2,2,5,9,0,2
grw,غرو,2,2,2,5,33,0,2
wsl,وسل,2,2,2,5,17,1,1
hmn,همن,2,2,2,5,59,0,2
dmE,دمع,2,2,2,5,9,0,2
Hbs,حبس,2,2,2,5,11,1,1
Evr,عثر,2,2,2,5,18,1,1
qrTs,قرطس,2,1,2,6,6,2,0
rTb,رطب,2,2,2,6,19,2,0
bsl,بسل,2,1,1,6,6,2,0
bzg,بزغ,2,1,2,6,6,2,0
qdw,قدو,2,2,2,6,43,2,0
Sgw,صغو,2,2,2,6,66,1,1
Zfr,ظفر,2,2,2,6,48,1,1
Hwy,حوي,2,2,2,6,87,2,0
mlq,ملق,2,2,2,6,17,2,0
qyl,قيل,2,2,2,7,25,2,0
xSf,خصف,2,2,2,7,20,2,0
vEb,ثعب,2,2,2,7,26,2,0
jrd,جرد,2,2,2,7,54,2,0
xwr,خور,2,2,2,7,20,2,0
lhv,لهث,2,1,1,7,7,2,0
nSt,نصت,2,2,2,7,46,2,0
bnn,بنن,2,2,2,8,75,1,1
Sdy,صدي,2,2,2,8,80,1,1
bTr,بطر,2,2,2,8,28,1,1
nkS,نكص,2,2,2,8,23,1,1
vxn,ثخن,2,2,2,8,47,0,2
All,الل,2,1,2,9,9,0,2
Eyl,عيل,2,2,2,9,93,1,1
nsA,نسا,2,2,2,9,34,1,1
hwr,هور,2,1,1,9,9,0,2
Awh,اوه,2,2,2,9,11,1,1
Ezb,عزب,2,2,2,10,34,2,0
bdn,بدن,2,2,2,10,22,1,1
gyD,غيض,2,2,2,11,13,1,1
hrE,هرع,2,2,2,11,37,2,0
rfd,رفد,2,1,1,11,11,2,0
sEd,سعد,2,1,2,11,11,2,0
$hq,شهق,2,2,2,11,67,2,0
j**,جذذ,2,2,2,11,21,2,0
jbb,جبب,2,1,2,12,12,2,0
lqT,لقط,2,2,2,12,28,2,0
Hw$,حوش,2,1,2,12,12,2,0
Ejf,عجف,2,1,2,12,12,2,0
bEr,بعر,2,1,2,12,12,2,0
Snw,صنو,2,1,1,13,13,0,2
jzE,جزع,2,2,2,14,70,2,0
$xS,شخص,2,2,2,14,21,2,0
qnE,قنع,2,2,2,14,22,1,1
Sfd,صفد,2,2,2,14,38,2,0
Aml,امل,2,2,2,15,18,2,0
wsm,وسم,2,2,2,15,68,2,0
Trw,طرو,2,2,2,16,35,2,0
mxr,مخر,2,2,2,16,35,2,0
wSb,وصب,2,2,2,16,37,2,0
lbn,لبن,2,2,2,16,47,1,1
lmH,لمح,2,2,2,16,54,2,0
Avv,اثث,2,2,2,16,19,2,0
HZr,حظر,2,2,2,17,54,2,0
klw,كلو,2,2,2,17,18,2,0
qsTs,قسطس,2,2,2,17,26,2,0
rft,رفت,2,1,2,17,17,2,0
jlb,جلب,2,2,2,17,33,1,1
twr,تور,2,2,2,17,20,2,0
$kl,شكل,2,2,2,17,38,2,0
nbE,نبع,2,2,2,17,39,2,0
bxE,بخع,2,2,2,18,26,2,0
jrz,جرز,2,2,2,18,32,2,0
rqd,رقد,2,2,2,18,36,2,0
$wy,شوي,2,2,2,18,70,2,0
Hff,حفف,2,2,2,18,39,2,0
zlq,زلق,2,2,2,18,68,2,0
h$m,هشم,2,2,2,18,54,2,0
gdr,غدر,2,1,2,18,18,2,0
EDd,عضد,2,2,2,18,28,2,0
wbq,وبق,2,2,2,18,42,2,0
Hqb,حقب,2,2,2,18,78,2,0
gTw,غطو,2,2,2,18,50,2,0
jny,جني,2,2,2,19,55,1,1
Azz,ازز,2,1,1,19,19,2,0
Arb,ارب,2,2,2,20,24,1,1
Dmm,ضمم,2,2,2,20,28,2,0
Azr,ازر,2,2,2,20,48,1,1
qwE,قوع,2,2,2,20,24,1,1
hDm,هضم,2,2,2,20,26,2,0
xmd,خمد,2,2,2,21,36,2,0
xrdl,خردل,2,2,2,21,31,2,0
nf$,نفش,2,2,2,21,101,2,0
gwS,غوص,2,2,2,21,38,2,0
Shr,صهر,2,2,2,22,25,1,1
Etq,عتق,2,1,2,22,22,0,2
sHq,سحق,2,2,2,22,67,1,1
Err,عرر,2,2,2,22,48,0,2
ETl,عطل,2,2,2,22,81,1,1
*bb,ذبب,2,1,1,22,22,0,2
gvw,غثو,2,2,2,23,87,2,0
nkb,نكب,2,2,2,23,67,2,0
Ebv,عبث,2,2,2,23,26,2,0
zjj,زجج,2,1,1,24,24,0,2
wdq,ودق,2,2,2,24,30,1,1
hbw,هبو,2,2,2,25,56,2,0
rss,رسس,2,2,2,25,50,2,0
mlH,ملح,2,2,2,25,35,2,0
xDE,خضع,2,2,2,26,33,1,1
qly,قلي,2,2,2,26,93,2,0
hym,هيم,2,2,2,26,56,2,0
Hjz,حجز,2,2,2,27,69,2,0
kbb,كبب,2,2,2,27,67,2,0
$TA,شطا,2,2,2,28,48,1,1
srmd,سرمد,2,1,2,28,28,2,0
Enkb,عنكب,2,1,1,29,29,2,0
rwD,روض,2,2,2,30,42,2,0
xdd,خدد,2,2,2,31,85,2,0
sbg,سبغ,2,2,2,31,34,2,0
Hnjr,حنجر,2,2,2,33,40,1,1
wTr,وطر,2,1,1,33,33,0,2
lgb,لغب,2,2,2,35,50,2,0
$gl,شغل,2,2,2,36,48,1,1
rmm,رمم,2,2,2,36,51,2,0
vqb,ثقب,2,2,2,37,86,2,0
nzf,نزف,2,2,2,37,56,2,0
sqm,سقم,2,1,2,37,37,2,0
Hnv,حنث,2,2,2,38,56,2,0
qHm,قحم,2,2,2,38,90,2,0
hyj,هيج,2,2,2,39,57,1,1
zmr,زمر,2,1,2,39,39,2,0
dxn,دخن,2,2,2,41,44,2,0
qyD,قيض,2,2,2,41,43,2,0
kmm,كمم,2,2,2,41,55,1,1
brm,برم,2,1,1,43,43,2,0
gly,غلي,2,1,2,44,44,2,0
Etl,عتل,2,2,2,44,68,2,0
dhr,دهر,2,2,2,45,76,1,1
Eyy,عيي,2,2,2,46,50,2,0
Dgn,ضغن,2,1,2,47,47,0,2
mHn,محن,2,2,2,49,60,0,2
$Eb,شعب,2,2,2,49,77,1,1
shw,سهو,2,2,2,51,107,2,0
khn,كهن,2,2,2,52,69,2,0
A$r,اشر,2,1,2,54,54,2,0
jll,جلل,2,1,2,55,55,0,2
Tmv,طمث,2,1,2,55,55,0,2
rjj,رجج,2,1,1,56,56,2,0
bss,بسس,2,1,1,56,56,2,0
wjf,وجف,2,2,2,59,79,1,1
qTf,قطف,2,2,2,69,76,1,1
Ehn,عهن,2,2,2,70,101,2,0
HTb,حطب,2,2,2,72,111,2,0
lbd,لبد,2,2,2,72,90,2,0
btl,بتل,2,1,1,73,73,2,0
bsr,بسر,2,2,2,74,75,2,0
n$T,نشط,2,1,1,79,79,2,0
xns,خنس,2,2,2,81,114,2,0
bEvr,بعثر,2,2,2,82,100,2,0
kdH,كدح,2,1,1,84,84,2,0
wsq,وسق,2,1,2,84,84,2,0
fkk,فكك,2,2,2,90,98,1,1
rbH,ربح,1,1,1,2,2,0,1
bql,بقل,1,1,1,2,2,0,1
qvA,قثا,1,1,1,2,2,0,1
fwm,فوم,1,1,1,2,2,0,1
Eds,عدس,1,1,1,2,2,0,1
bSl,بصل,1,1,1,2,2,0,1
fqE,فقع,1,1,1,2,2,0,1
w$y,وشي,1,1,1,2,2,0,1
nEq,نعق,1,1,1,2,2,0,1
wsn,وسن,1,1,1,2,2,0,1
Awd,اود,1,1,1,2,2,0,1
fSm,فصم,1,1,1,2,2,0,1
snh,سنه,1,1,1,2,2,0,1
Sld,صلد,1,1,1,2,2,0,1
Tll,طلل,1,1,1,2,2,0,1
gmD,غمض,1,1,1,2,2,0,1
lHf,لحف,1,1,1,2,2,0,1
xbT,خبط,1,1,1,2,2,0,1
rmz,رمز,1,1,1,3,3,0,1
*xr,ذخر,1,1,1,3,3,0,1
bhl,بهل,1,1,1,3,3,0,1
dnr,دنر,1,1,1,3,3,0,1
gzw,غزو,1,1,1,3,3,0,1
fZZ,فظظ,1,1,1,3,3,0,1
Hwb,حوب,1,1,1,4,4,0,1
Ewl,عول,1,1,1,4,4,0,1
bdr,بدر,1,1,1,4,4,0,1
fDw,فضو,1,1,1,4,4,0,1
jbt,جبت,1,1,1,4,4,0,1
nDj,نضج,1,1,1,4,4,0,1
vby,ثبي,1,1,1,4,4,0,1
bTA,بطا,1,1,1,4,4,0,1
*yE,ذيع,1,1,1,4,4,0,1
nbT,نبط,1,1,1,4,4,0,1
rgm,رغم,1,1,1,4,4,0,1
btk,بتك,1,1,1,4,4,0,1
*b*b,ذبذب,1,1,1,4,4,0,1
xnq,خنق,1,1,1,5,5,0,1
wq*,وقذ,1,1,1,5,5,0,1
nTH,نطح,1,1,1,5,5,0,1
*kw,ذكو,1,1,1,5,5,0,1
tyh,تيه,1,1,1,5,5,0,1
bHv,بحث,1,1,1,5,5,0,1
nfy,نفي,1,1,1,5,5,0,1
nhj,نهج,1,1,1,5,5,0,1
qss,قسس,1,1,1,5,5,0,1
rmH,رمح,1,1,1,5,5,0,1
syb,سيب,1,1,1,5,5,0,1
Hyr,حير,1,1,1,6,6,1,0
nwy,نوي,1,1,1,6,6,1,0
qnw,قنو,1,1,1,6,6,1,0
ynE,ينع,1,1,1,6,6,1,0
DAn,ضان,1,1,1,6,6,1,0
mEz,معز,1,1,1,6,6,1,0
$Hm,شحم,1,1,1,6,6,1,0
*Am,ذام,1,1,1,7,7,1,0
ry$,ريش,1,1,1,7,7,1,0
Hvv,حثث,1,1,1,7,7,1,0
nkd,نكد,1,1,1,7,7,1,0
shl,سهل,1,1,1,7,7,1,0
qml,قمل,1,1,1,7,7,1,0
DfdE,ضفدع,1,1,1,7,7,1,0
jrr,جرر,1,1,1,7,7,1,0
$mt,شمت,1,1,1,7,7,1,0
skt,سكت,1,1,1,7,7,1,0
bjs,بجس,1,1,1,7,7,1,0
ntq,نتق,1,1,1,7,7,1,0
Smt,صمت,1,1,1,7,7,1,0
$wk,شوك,1,1,1,8,8,0,1
zHf,زحف,1,1,1,8,8,0,1
Hwz,حوز,1,1,1,8,8,0,1
mkw,مكو,1,1,1,8,8,0,1
$rd,شرد,1,1,1,8,8,0,1
ksd,كسد,1,1,1,9,9,0,1
wTn,وطن,1,1,1,9,9,0,1
njs,نجس,1,1,1,9,9,0,1
DhA,ضها,1,1,1,9,9,0,1
kwy,كوي,1,1,1,9,9,0,1
jbh,جبه,1,1,1,9,9,0,1
vbT,ثبط,1,1,1,9,9,0,1
jmH,جمح,1,1,1,9,9,0,1
jrf,جرف,1,1,1,9,9,0,1
zry,زري,1,1,1,11,11,1,0
blE,بلع,1,1,1,11,11,1,0
qlE,قلع,1,1,1,11,11,1,0
Hn*,حنذ,1,1,1,11,11,1,0
rwE,روع,1,1,1,11,11,1,0
TrH,طرح,1,1,1,12,12,1,0
rtE,رتع,1,1,1,12,12,1,0
drhm,درهم,1,1,1,12,12,1,0
zhd,زهد,1,1,1,12,12,1,0
glq,غلق,1,1,1,12,12,1,0
hyt,هيت,1,1,1,12,12,1,0
$gf,شغف,1,1,1,12,12,1,0
xbz,خبز,1,1,1,12,12,1,0
HSHS,حصحص,1,1,1,12,12,1,0
myr,مير,1,1,1,12,12,1,0
SwE,صوع,1,1,1,12,12,1,0
ftA,فتا,1,1,1,12,12,1,0
vrb,ثرب,1,1,1,12,12,1,0
fnd,فند,1,1,1,12,12,1,0
mHl,محل,1,1,1,13,13,0,1
jfA,جفا,1,1,1,13,13,0,1
jrE,جرع,1,1,1,14,14,1,0
rmd,رمد,1,1,1,14,14,1,0
frE,فرع,1,1,1,14,14,1,0
jvv,جثث,1,1,1,14,14,1,0
lqH,لقح,1,1,1,15,15,1,0
fDH,فضح,1,1,1,15,15,1,0
EDw,عضو,1,1,1,15,15,1,0
dfA,دفا,1,1,1,16,16,1,0
bgl,بغل,1,1,1,16,16,1,0
dss,دسس,1,1,1,16,16,1,0
frv,فرث,1,1,1,16,16,1,0
Hfd,حفد,1,1,1,16,16,1,0
jww,جوو,1,1,1,16,16,1,0
ZEn,ظعن,1,1,1,16,16,1,0
Swf,صوف,1,1,1,16,16,1,0
wbr,وبر,1,1,1,16,16,1,0
wkd,وكد,1,1,1,16,16,1,0
gzl,غزل,1,1,1,16,16,1,0
jws,جوس,1,1,1,17,17,1,0
ngD,نغض,1,1,1,17,17,1,0
Hnk,حنك,1,1,1,17,17,1,0
wfr,وفر,1,1,1,17,17,1,0
qSf,قصف,1,1,1,17,17,1,0
dlk,دلك,1,1,1,17,17,1,0
hjd,هجد,1,1,1,17,17,1,0
xbw,خبو,1,1,1,17,17,1,0
fjw,فجو,1,1,1,18,18,1,0
yqZ,يقظ,1,1,1,18,18,1,0
srdq,سردق,1,1,1,18,18,1,0
byd,بيد,1,1,1,18,18,1,0
wAl,وال,1,1,1,18,18,1,0
qDD,قضض,1,1,1,18,18,1,0
Eyb,عيب,1,1,1,18,18,1,0
gSb,غصب,1,1,1,18,18,1,0
rdm,ردم,1,1,1,18,18,1,0
$El,شعل,1,1,1,19,19,1,0
Hnn,حنن,1,1,1,19,19,1,0
mxD,مخض,1,1,1,19,19,1,0
Htm,حتم,1,1,1,19,19,1,0
Ddd,ضدد,1,1,1,19,19,1,0
wfd,وفد,1,1,1,19,19,1,0
Add,ادد,1,1,1,19,19,1,0
hdd,هدد,1,1,1,19,19,1,0
rkz,ركز,1,1,1,19,19,1,0
vry,ثري,1,1,1,20,20,1,0
xlE,خلع,1,1,1,20,20,1,0
nEl,نعل,1,1,1,20,20,1,0
h$$,هشش,1,1,1,20,20,1,0
sHl,سحل,1,1,1,20,20,1,0
wny,وني,1,1,1,20,20,1,0
lHy,لحي,1,1,1,20,20,1,0
zrq,زرق,1,1,1,20,20,1,0
SfSf,صفصف,1,1,1,20,20,1,0
Amt,امت,1,1,1,20,20,1,0
hms,همس,1,1,1,20,20,1,0
Enw,عنو,1,1,1,20,20,1,0
Dnk,ضنك,1,1,1,20,20,1,0
zhr,زهر,1,1,1,20,20,1,0
qSm,قصم,1,1,1,21,21,1,0
dmg,دمغ,1,1,1,21,21,1,0
rtq,رتق,1,1,1,21,21,1,0
ftq,فتق,1,1,1,21,21,1,0
klA,كلا,1,1,1,21,21,1,0
nfH,نفح,1,1,1,21,21,1,0
fhm,فهم,1,1,1,21,21,1,0
nwn,نون,1,1,1,21,21,1,0
Hdb,حدب,1,1,1,21,21,1,0
*hl,ذهل,1,1,1,22,22,0,1
hmd,همد,1,1,1,22,22,0,1
ETf,عطف,1,1,1,22,22,0,1
mjs,مجس,1,1,1,22,22,0,1
qmE,قمع,1,1,1,22,22,0,1
Dmr,ضمر,1,1,1,22,22,0,1
Emq,عمق,1,1,1,22,22,0,1
tfv,تفث,1,1,1,22,22,0,1
wjb,وجب,1,1,1,22,22,0,1
hdm,هدم,1,1,1,22,22,0,1
SmE,صمع,1,1,1,22,22,0,1
bAr,بار,1,1,1,22,22,0,1
sTw,سطو,1,1,1,22,22,0,1
slb,سلب,1,1,1,22,22,0,1
lfH,لفح,1,1,1,23,23,1,0
klH,كلح,1,1,1,23,23,1,0
Aym,ايم,1,1,1,24,24,0,1
*En,ذعن,1,1,1,24,24,0,1
Hyf,حيف,1,1,1,24,24,0,1
lw*,لوذ,1,1,1,24,24,0,1
fln,فلن,1,1,1,25,25,1,0
fsr,فسر,1,1,1,25,25,1,0
EbA,عبا,1,1,1,25,25,1,0
Dyr,ضير,1,1,1,26,26,1,0
$r*m,شرذم,1,1,1,26,26,1,0
Twd,طود,1,1,1,26,26,1,0
kbkb,كبكب,1,1,1,26,26,1,0
ryE,ريع,1,1,1,26,26,1,0
frh,فره,1,1,1,26,26,1,0
bsm,بسم,1,1,1,27,27,1,0
hdhd,هدهد,1,1,1,27,27,1,0
xbA,خبا,1,1,1,27,27,1,0
Efr,عفر,1,1,1,27,27,1,0
jmd,جمد,1,1,1,27,27,1,0
tqn,تقن,1,1,1,27,27,1,0
wkz,وكز,1,1,1,28,28,1,0
*wd,ذود,1,1,1,28,28,1,0
j*w,جذو,1,1,1,28,28,1,0
bqE,بقع,1,1,1,28,28,1,0
fSH,فصح,1,1,1,28,28,1,0
rdA,ردا,1,1,1,28,28,1,0
qbH,قبح,1,1,1,28,28,1,0
nwA,نوا,1,1,1,28,28,1,0
xTT,خطط,1,1,1,29,29,1,0
msw,مسو,1,1,1,30,30,1,0
SEr,صعر,1,1,1,31,31,1,0
xtr,ختر,1,1,1,31,31,1,0
jfw,جفو,1,1,1,32,32,1,0
jwf,جوف,1,1,1,33,33,0,1
Ewq,عوق,1,1,1,33,33,0,1
slq,سلق,1,1,1,33,33,0,1
nHb,نحب,1,1,1,33,33,0,1
SyS,صيص,1,1,1,33,33,0,1
srd,سرد,1,1,1,34,34,1,0
jfn,جفن,1,1,1,34,34,1,0
Erm,عرم,1,1,1,34,34,1,0
xmT,خمط,1,1,1,34,34,1,0
Avl,اثل,1,1,1,34,34,1,0
nw$,نوش,1,1,1,34,34,1,0
qTmr,قطمر,1,1,1,35,35,1,0
qmH,قمح,1,1,1,36,36,1,0
Erjn,عرجن,1,1,1,36,36,1,0
msx,مسخ,1,1,1,36,36,1,0
lzb,لزب,1,1,1,37,37,1,0
gwl,غول,1,1,1,37,37,1,0
$wb,شوب,1,1,1,37,37,1,0
zff,زفف,1,1,1,37,37,1,0
tll,تلل,1,1,1,37,37,1,0
jbn,جبن,1,1,1,37,37,1,0
Abq,ابق,1,1,1,37,37,1,0
shm,سهم,1,1,1,37,37,1,0
lqm,لقم,1,1,1,37,37,1,0
swH,سوح,1,1,1,37,37,1,0
lwt,لوت,1,1,1,38,38,1,0
nwS,نوص,1,1,1,38,38,1,0
qTT,قطط,1,1,1,38,38,1,0
Sfn,صفن,1,1,1,38,38,1,0
jwd,جود,1,1,1,38,38,1,0
rxw,رخو,1,1,1,38,38,1,0
q$Er,قشعر,1,1,1,39,39,1,0
$ks,شكس,1,1,1,39,39,1,0
$mz,شمز,1,1,1,39,39,1,0
fwD,فوض,1,1,1,40,40,1,0
rkd,ركد,1,1,1,42,42,1,0
rhw,رهو,1,1,1,44,44,1,0
Hqf,حقف,1,1,1,46,46,1,0
tEs,تعس,1,1,1,47,47,0,1
Asn,اسن,1,1,1,47,47,0,1
Esl,عسل,1,1,1,47,47,0,1
mEy,معي,1,1,1,47,47,0,1
$rT,شرط,1,1,1,47,47,0,1
qfl,قفل,1,1,1,47,47,0,1
lHn,لحن,1,1,1,47,47,0,1
nbz,نبز,1,1,1,49,49,0,1
lqb,لقب,1,1,1,49,49,0,1
jss,جسس,1,1,1,49,49,0,1
lyt,ليت,1,1,1,49,49,0,1
bsq,بسق,1,1,1,50,50,1,0
lfZ,لفظ,1,1,1,50,50,1,0
Hyd,حيد,1,1,1,50,50,1,0
Hbk,حبك,1,1,1,51,51,1,0
hjE,هجع,1,1,1,51,51,1,0
Skk,صكك,1,1,1,51,51,1,0
rqq,رقق,1,1,1,52,52,1,0
Alt,الت,1,1,1,52,52,1,0
qwb,قوب,1,1,1,53,53,1,0
qws,قوس,1,1,1,53,53,1,0
Dyz,ضيز,1,1,1,53,53,1,0
kdy,كدي,1,1,1,53,53,1,0
qny,قني,1,1,1,53,53,1,0
smd,سمد,1,1,1,53,53,1,0
hmr,همر,1,1,1,54,54,1,0
dsr,دسر,1,1,1,54,54,1,0
qEr,قعر,1,1,1,54,54,1,0
dhy,دهي,1,1,1,54,54,1,0
Anm,انم,1,1,1,55,55,0,1
fny,فني,1,1,1,55,55,0,1
$wZ,شوظ,1,1,1,55,55,0,1
fnn,فنن,1,1,1,55,55,0,1
dhm,دهم,1,1,1,55,55,0,1
nDx,نضخ,1,1,1,55,55,0,1
xym,خيم,1,1,1,55,55,0,1
rfrf,رفرف,1,1,1,55,55,0,1
Ebqr,عبقر,1,1,1,55,55,0,1
wDn,وضن,1,1,1,56,56,1,0
xDd,خضد,1,1,1,56,56,1,0
TlH,طلح,1,1,1,56,56,1,0
skb,سكب,1,1,1,56,56,1,0
mzn,مزن,1,1,1,56,56,1,0
jls,جلس,1,1,1,58,58,0,1
rSS,رصص,1,1,1,61,61,0,1
x$b,خشب,1,1,1,63,63,0,1
snd,سند,1,1,1,63,63,0,1
gbn,غبن,1,1,1,64,64,0,1
vyb,ثيب,1,1,1,66,66,0,1
nmm,نمم,1,1,1,68,68,1,0
znm,زنم,1,1,1,68,68,1,0
xrTm,خرطم,1,1,1,68,68,1,0
Hrd,حرد,1,1,1,68,68,1,0
Hsm,حسم,1,1,1,69,69,1,0
SrE,صرع,1,1,1,69,69,1,0
why,وهي,1,1,1,69,69,1,0
wtn,وتن,1,1,1,69,69,1,0
hlE,هلع,1,1,1,70,70,1,0
Ezw,عزو,1,1,1,70,70,1,0
wfD,وفض,1,1,1,70,70,1,0
nsr,نسر,1,1,1,71,71,1,0
Hrs,حرس,1,1,1,72,72,1,0
hrb,هرب,1,1,1,72,72,1,0
Hry,حري,1,1,1,72,72,1,0
gdq,غدق,1,1,1,72,72,1,0
zml,زمل,1,1,1,73,73,1,0
gSS,غصص,1,1,1,73,73,1,0
kvb,كثب,1,1,1,73,73,1,0
hyl,هيل,1,1,1,73,73,1,0
dvr,دثر,1,1,1,74,74,1,0
qsr,قسر,1,1,1,74,74,1,0
Hrk,حرك,1,1,1,75,75,1,0
trq,ترق,1,1,1,75,75,1,0
mTw,مطو,1,1,1,75,75,1,0
sdy,سدي,1,1,1,75,75,1,0
m$j,مشج,1,1,1,76,76,0,1
qmTr,قمطر,1,1,1,76,76,0,1
zmhr,زمهر,1,1,1,76,76,0,1
kft,كفت,1,1,1,77,77,1,0
$mx,شمخ,1,1,1,77,77,1,0
whj,وهج,1,1,1,78,78,1,0
vjj,ثجج,1,1,1,78,78,1,0
dhq,دهق,1,1,1,78,78,1,0
nxr,نخر,1,1,1,79,79,1,0
shr,سهر,1,1,1,79,79,1,0
smk,سمك,1,1,1,79,79,1,0
gT$,غطش,1,1,1,79,79,1,0
dHw,دحو,1,1,1,79,79,1,0
Tmm,طمم,1,1,1,79,79,1,0
qDb,قضب,1,1,1,80,80,1,0
Abb,ابب,1,1,1,80,80,1,0
Sxx,صخخ,1,1,1,80,80,1,0
kdr,كدر,1,1,1,81,81,1,0
wH$,وحش,1,1,1,81,81,1,0
wAd,واد,1,1,1,81,81,1,0
k$T,كشط,1,1,1,81,81,1,0
kns,كنس,1,1,1,81,81,1,0
EsEs,عسعس,1,1,1,81,81,1,0
Dnn,ضنن,1,1,1,81,81,1,0
Tff,طفف,1,1,1,83,83,1,0
ryn,رين,1,1,1,83,83,1,0
rHq,رحق,1,1,1,83,83,1,0
snm,سنم,1,1,1,83,83,1,0
gmz,غمز,1,1,1,83,83,1,0
dfq,دفق,1,1,1,86,86,1,0
hzl,هزل,1,1,1,86,86,1,0
sTH,سطح,1,1,1,88,88,1,0
swT,سوط,1,1,1,89,89,1,0
jmm,جمم,1,1,1,89,89,1,0
kbd,كبد,1,1,1,90,90,1,0
$fh,شفه,1,1,1,90,90,1,0
njd,نجد,1,1,1,90,90,1,0
sgb,سغب,1,1,1,90,90,1,0
THw,طحو,1,1,1,91,91,1,0
lhm,لهم,1,1,1,91,91,1,0
dsw,دسو,1,1,1,91,91,1,0
dmdm,دمدم,1,1,1,91,91,1,0
lZy,لظي,1,1,1,92,92,1,0
sjw,سجو,1,1,1,93,93,1,0
tyn,تين,1,1,1,95,95,1,0
sfE,سفع,1,1,1,96,96,1,0
zbn,زبن,1,1,1,96,96,1,0
DbH,ضبح,1,1,1,100,100,1,0
qdH,قدح,1,1,1,100,100,1,0
nqE,نقع,1,1,1,100,100,1,0
knd,كند,1,1,1,100,100,1,0
HSl,حصل,1,1,1,100,100,1,0
fyl,فيل,1,1,1,105,105,1,0
$tw,شتو,1,1,1,106,106,1,0
Syf,صيف,1,1,1,106,106,1,0
mEn,معن,1,1,1,107,107,1,0
nHr,نحر,1,1,1,108,108,1,0
btr,بتر,1,1,1,108,108,1,0
jyd,جيد,1,1,1,111,111,1,0
msd,مسد,1,1,1,111,111,1,0
Smd,صمد,1,1,1,112,112,1,0
kfA,كفا,1,1,1,112,112,1,0
wqb,وقب,1,1,1,113,113,1,0
nfv,نفث,1,1,1,113,113,1,0
