surah,verse,reference,surah_name,verse_text,n_words,length_decile,decile_word_range,struct_z_composite,struct_rank,S_within_decile,n_hadith,reception_rank,R_within_decile,M,n_books,n_hadith_all17,driver_span,frac_hapax_root_tokens,mean_root_surprisal_bits,frac_root_tokens_freq_le5,rime_class_size,text_repeats,is_later_occurrence
109,1,Q 109:1,الكافرون,قُلۡ يَـٰٓأَيُّهَا ٱلۡكَٰفِرُونَ,3,1,3-5,-0.831734,5362,0.005528,55,3,0.969512,-0.963984,7,67,قل يا ايها الكافرون,0.0,5.715695334045408,0.0,1751,False,False
6,158,Q 6:158,الانعام,هَلۡ يَنظُرُونَ إِلَّآ أَن تَأۡتِيَهُمُ ٱلۡمَلَـٰٓئِكَةُ أَوۡ يَأۡتِيَ رَبُّكَ أَوۡ يَأۡتِيَ بَعۡضُ ءَايَٰتِ رَبِّكَۗ يَوۡمَ يَأۡتِي بَعۡضُ ءَايَٰتِ رَبِّكَ لَا يَنفَعُ نَفۡسًا إِيمَٰنُهَا لَمۡ تَكُنۡ ءَامَنَتۡ مِن قَبۡلُ أَوۡ كَسَبَتۡ فِيٓ إِيمَٰنِهَا خَيۡرٗاۗ قُلِ ٱنتَظِرُوٓاْ إِنَّا مُنتَظِرُونَ,37,10,26-128,-0.586315,5075,0.021536,12,43.5,0.939306,-0.917771,5,13,ينفع نفسا ايمانها لم تكن,0.0,7.084473182221983,0.0,1751,False,False
33,21,Q 33:21,الاحزاب,لَّقَدۡ كَانَ لَكُمۡ فِي رَسُولِ ٱللَّهِ أُسۡوَةٌ حَسَنَةٞ لِّمَن كَانَ يَرۡجُواْ ٱللَّهَ وَٱلۡيَوۡمَ ٱلۡأٓخِرَ وَذَكَرَ ٱللَّهَ كَثِيرٗا,17,8,17-19,-0.53921,4872,0.075726,33,7,0.978571,-0.902845,6,35,في رسول الله اسوه حسنه,0.0,7.0139457584257165,0.0,1192,False,False
6,82,Q 6:82,الانعام,ٱلَّذِينَ ءَامَنُواْ وَلَمۡ يَلۡبِسُوٓاْ إِيمَٰنَهُم بِظُلۡمٍ أُوْلَـٰٓئِكَ لَهُمُ ٱلۡأَمۡنُ وَهُم مُّهۡتَدُونَ,11,5,11-12,-0.566002,4995,0.072526,9,85.5,0.932203,-0.859678,3,9,الذين امنوا ولم يلبسوا ايمانهم,0.0,7.197765389345306,0.0,1751,False,False
9,80,Q 9:80,التوبه,ٱسۡتَغۡفِرۡ لَهُمۡ أَوۡ لَا تَسۡتَغۡفِرۡ لَهُمۡ إِن تَسۡتَغۡفِرۡ لَهُمۡ سَبۡعِينَ مَرَّةٗ فَلَن يَغۡفِرَ ٱللَّهُ لَهُمۡۚ ذَٰلِكَ بِأَنَّهُمۡ كَفَرُواْ بِٱللَّهِ وَرَسُولِهِۦۗ وَٱللَّهُ لَا يَهۡدِي ٱلۡقَوۡمَ ٱلۡفَٰسِقِينَ,25,9,20-25,-0.51326,4754,0.083333,11,51.5,0.933594,-0.85026,6,11,استغفر لهم او لا تستغفر,0.0,7.229157362456504,0.0,1293,False,False
18,72,Q 18:72,الكهف,قَالَ أَلَمۡ أَقُلۡ إِنَّكَ لَن تَسۡتَطِيعَ مَعِيَ صَبۡرٗا,8,3,7-8,-0.575894,5036.5,0.08075,8,106.5,0.922222,-0.841472,3,8,قال الم اقل انك لن,0.0,6.809350194670532,0.0,1192,False,False
33,70,Q 33:70,الاحزاب,يَـٰٓأَيُّهَا ٱلَّذِينَ ءَامَنُواْ ٱتَّقُواْ ٱللَّهَ وَقُولُواْ قَوۡلٗا سَدِيدٗا,8,3,7-8,-0.59253,5103,0.069331,5,188,0.9,-0.830669,5,6,اتقوا الله وقولوا قولا سديدا,0.0,6.716566805683997,0.0,1192,False,False
5,105,Q 5:105,المايده,يَـٰٓأَيُّهَا ٱلَّذِينَ ءَامَنُواْ عَلَيۡكُمۡ أَنفُسَكُمۡۖ لَا يَضُرُّكُم مَّن ضَلَّ إِذَا ٱهۡتَدَيۡتُمۡۚ إِلَى ٱللَّهِ مَرۡجِعُكُمۡ جَمِيعٗا فَيُنَبِّئُكُم بِمَا كُنتُمۡ تَعۡمَلُونَ,19,8,17-19,-0.549908,4923,0.067427,11,51.5,0.892857,-0.82543,4,12,يا ايها الذين امنوا عليكم,0.0,7.287524083677158,0.0,1751,False,False
6,162,Q 6:162,الانعام,قُلۡ إِنَّ صَلَاتِي وَنُسُكِي وَمَحۡيَايَ وَمَمَاتِي لِلَّهِ رَبِّ ٱلۡعَٰلَمِينَ,9,4,9-10,-0.49515,4640,0.14661,14,30.5,0.971154,-0.824544,7,18,ان صلاتي ونسكي ومحياي ومماتي,0.0,7.3301608962208356,0.0,1293,False,False
65,2,Q 65:2,الطلاق,فَإِذَا بَلَغۡنَ أَجَلَهُنَّ فَأَمۡسِكُوهُنَّ بِمَعۡرُوفٍ أَوۡ فَارِقُوهُنَّ بِمَعۡرُوفٖ وَأَشۡهِدُواْ ذَوَيۡ عَدۡلٖ مِّنكُمۡ وَأَقِيمُواْ ٱلشَّهَٰدَةَ لِلَّهِۚ ذَٰلِكُمۡ يُوعَظُ بِهِۦ مَن كَانَ يُؤۡمِنُ بِٱللَّهِ وَٱلۡيَوۡمِ ٱلۡأٓخِرِۚ وَمَن يَتَّقِ ٱللَّهَ يَجۡعَل لَّهُۥ مَخۡرَجٗا,30,10,26-128,-0.398011,3907,0.176966,36,5,0.99711,-0.820144,9,54,كان يومن بالله واليوم الاخر,0.0,7.8014564960985755,0.0,1192,False,False
4,136,Q 4:136,النساء,يَـٰٓأَيُّهَا ٱلَّذِينَ ءَامَنُوٓاْ ءَامِنُواْ بِٱللَّهِ وَرَسُولِهِۦ وَٱلۡكِتَٰبِ ٱلَّذِي نَزَّلَ عَلَىٰ رَسُولِهِۦ وَٱلۡكِتَٰبِ ٱلَّذِيٓ أَنزَلَ مِن قَبۡلُۚ وَمَن يَكۡفُرۡ بِٱللَّهِ وَمَلَـٰٓئِكَتِهِۦ وَكُتُبِهِۦ وَرُسُلِهِۦ وَٱلۡيَوۡمِ ٱلۡأٓخِرِ فَقَدۡ ضَلَّ ضَلَٰلَۢا بَعِيدًا,28,10,26-128,-0.571036,5016,0.027154,8,106.5,0.846821,-0.819667,5,11,بالله وملايكته وكتبه ورسله واليوم,0.0,6.836445682782243,0.0,1192,False,False
3,102,Q 3:102,ال عمران,يَـٰٓأَيُّهَا ٱلَّذِينَ ءَامَنُواْ ٱتَّقُواْ ٱللَّهَ حَقَّ تُقَاتِهِۦ وَلَا تَمُوتُنَّ إِلَّا وَأَنتُم مُّسۡلِمُونَ,12,5,11-12,-0.593237,5106,0.058874,7,128,0.864407,-0.805533,5,8,اتقوا الله حق تقاته ولا,0.0,7.045868518621383,0.0,1751,False,False
28,56,Q 28:56,القصص,إِنَّكَ لَا تَهۡدِي مَنۡ أَحۡبَبۡتَ وَلَٰكِنَّ ٱللَّهَ يَهۡدِي مَن يَشَآءُۚ وَهُوَ أَعۡلَمُ بِٱلۡمُهۡتَدِينَ,13,6,13-14,-0.591619,5097,0.029472,7,128,0.833333,-0.803862,4,7,انك لا تهدي من احببت,0.0,6.792126401909348,0.0,1293,False,False
18,75,Q 18:75,الكهف,۞قَالَ أَلَمۡ أَقُل لَّكَ إِنَّكَ لَن تَسۡتَطِيعَ مَعِيَ صَبۡرٗا,9,4,9-10,-0.575894,5036.5,0.05678,6,155.5,0.855769,-0.79899,3,6,قال الم اقل لك انك,0.0,6.809350194670532,0.0,1192,False,False
19,77,Q 19:77,مريم,أَفَرَءَيۡتَ ٱلَّذِي كَفَرَ بِـَٔايَٰتِنَا وَقَالَ لَأُوتَيَنَّ مَالٗا وَوَلَدًا,8,3,7-8,-0.507371,4728,0.146003,9,85.5,0.944444,-0.798441,3,9,الذي كفر باياتنا وقال لاوتين,0.0,7.19152023855158,0.0,1192,False,False
3,97,Q 3:97,ال عمران,فِيهِ ءَايَٰتُۢ بَيِّنَٰتٞ مَّقَامُ إِبۡرَٰهِيمَۖ وَمَن دَخَلَهُۥ كَانَ ءَامِنٗاۗ وَلِلَّهِ عَلَى ٱلنَّاسِ حِجُّ ٱلۡبَيۡتِ مَنِ ٱسۡتَطَاعَ إِلَيۡهِ سَبِيلٗاۚ وَمَن كَفَرَ فَإِنَّ ٱللَّهَ غَنِيٌّ عَنِ ٱلۡعَٰلَمِينَ,25,9,20-25,-0.53159,4839,0.073529,9,85.5,0.871094,-0.797564,6,10,البيت من استطاع اليه سبيلا,0.0,7.126926317005474,0.0,1293,False,False
2,156,Q 2:156,البقره,ٱلَّذِينَ إِذَآ أَصَٰبَتۡهُم مُّصِيبَةٞ قَالُوٓاْ إِنَّا لِلَّهِ وَإِنَّآ إِلَيۡهِ رَٰجِعُونَ,10,4,9-10,-0.544715,4896,0.087288,7,128,0.884615,-0.797327,6,8,انا لله وانا اليه راجعون,0.0,7.316489943847435,0.0,1751,False,False
3,128,Q 3:128,ال عمران,لَيۡسَ لَكَ مِنَ ٱلۡأَمۡرِ شَيۡءٌ أَوۡ يَتُوبَ عَلَيۡهِمۡ أَوۡ يُعَذِّبَهُمۡ فَإِنَّهُمۡ ظَٰلِمُونَ,12,5,11-12,-0.454508,4370,0.202218,14,30.5,0.991525,-0.789307,6,15,ليس لك من الامر شيء,0.0,7.819599553320174,0.0,1751,False,False
87,1,Q 87:1,الاعلي,سَبِّحِ ٱسۡمَ رَبِّكَ ٱلۡأَعۡلَى,4,1,3-5,-0.395057,3887,0.199631,63,2,0.981707,-0.782076,8,72,سبح اسم ربك الاعلي,0.0,7.817934329146105,0.0,1192,False,False
83,6,Q 83:6,المطففين,يَوۡمَ يَقُومُ ٱلنَّاسُ لِرَبِّ ٱلۡعَٰلَمِينَ,5,1,3-5,-0.646584,5257,0.033784,8,106.5,0.810976,-0.777192,5,8,يوم يقوم الناس لرب العالمين,0.0,6.485572884646407,0.0,1293,False,False
43,14,Q 43:14,الزخرف,وَإِنَّآ إِلَىٰ رَبِّنَا لَمُنقَلِبُونَ,4,1,3-5,-0.611459,5171.5,0.061425,9,85.5,0.835366,-0.773941,5,14,وانا الي ربنا لمنقلبون,0.0,6.944239173129908,0.0,1751,False,False
39,46,Q 39:46,الزمر,قُلِ ٱللَّهُمَّ فَاطِرَ ٱلسَّمَٰوَٰتِ وَٱلۡأَرۡضِ عَٰلِمَ ٱلۡغَيۡبِ وَٱلشَّهَٰدَةِ أَنتَ تَحۡكُمُ بَيۡنَ عِبَادِكَ فِي مَا كَانُواْ فِيهِ يَخۡتَلِفُونَ,17,8,17-19,-0.564259,4983,0.04668,7,128,0.814286,-0.767605,6,10,والارض عالم الغيب والشهاده انت,0.0,7.207487220099856,0.0,1751,False,False
8,24,Q 8:24,الانفال,يَـٰٓأَيُّهَا ٱلَّذِينَ ءَامَنُواْ ٱسۡتَجِيبُواْ لِلَّهِ وَلِلرَّسُولِ إِذَا دَعَاكُمۡ لِمَا يُحۡيِيكُمۡۖ وَٱعۡلَمُوٓاْ أَنَّ ٱللَّهَ يَحُولُ بَيۡنَ ٱلۡمَرۡءِ وَقَلۡبِهِۦ وَأَنَّهُۥٓ إِلَيۡهِ تُحۡشَرُونَ,20,9,20-25,-0.490856,4604,0.112745,9,85.5,0.871094,-0.758349,5,10,استجيبوا لله وللرسول اذا دعاكم,0.0,7.616877510904014,0.0,1751,False,False
25,68,Q 25:68,الفرقان,وَٱلَّذِينَ لَا يَدۡعُونَ مَعَ ٱللَّهِ إِلَٰهًا ءَاخَرَ وَلَا يَقۡتُلُونَ ٱلنَّفۡسَ ٱلَّتِي حَرَّمَ ٱللَّهُ إِلَّا بِٱلۡحَقِّ وَلَا يَزۡنُونَۚ وَمَن يَفۡعَلۡ ذَٰلِكَ يَلۡقَ أَثَامٗا,22,9,20-25,-0.418688,4108,0.242157,32,8,0.996094,-0.753937,5,35,لا يدعون مع الله الها,0.0,7.686134770261452,0.0,1192,False,False
63,8,Q 63:8,المنافقون,يَقُولُونَ لَئِن رَّجَعۡنَآ إِلَى ٱلۡمَدِينَةِ لَيُخۡرِجَنَّ ٱلۡأَعَزُّ مِنۡهَا ٱلۡأَذَلَّۚ وَلِلَّهِ ٱلۡعِزَّةُ وَلِرَسُولِهِۦ وَلِلۡمُؤۡمِنِينَ وَلَٰكِنَّ ٱلۡمُنَٰفِقِينَ لَا يَعۡلَمُونَ,17,8,17-19,-0.46561,4442,0.162863,12,43.5,0.914286,-0.751423,3,13,الي المدينه ليخرجن الاعز منها,0.0,7.757678564438655,0.0,1751,False,False
3,64,Q 3:64,ال عمران,قُلۡ يَـٰٓأَهۡلَ ٱلۡكِتَٰبِ تَعَالَوۡاْ إِلَىٰ كَلِمَةٖ سَوَآءِۭ بَيۡنَنَا وَبَيۡنَكُمۡ أَلَّا نَعۡبُدَ إِلَّا ٱللَّهَ وَلَا نُشۡرِكَ بِهِۦ شَيۡـٔٗا وَلَا يَتَّخِذَ بَعۡضُنَا بَعۡضًا أَرۡبَابٗا مِّن دُونِ ٱللَّهِۚ فَإِن تَوَلَّوۡاْ فَقُولُواْ ٱشۡهَدُواْ بِأَنَّا مُسۡلِمُونَ,31,10,26-128,-0.550885,4927,0.032772,6,155.5,0.754335,-0.721564,2,10,تعالوا الي كلمه سواء بيننا,0.0,7.28207658771531,0.0,1751,False,False
8,33,Q 8:33,الانفال,وَمَا كَانَ ٱللَّهُ لِيُعَذِّبَهُمۡ وَأَنتَ فِيهِمۡۚ وَمَا كَانَ ٱللَّهُ مُعَذِّبَهُمۡ وَهُمۡ يَسۡتَغۡفِرُونَ,12,5,11-12,-0.819991,5358,0.000853,4,236.5,0.711864,-0.711011,3,4,وما كان الله ليعذبهم وانت,0.0,5.781192376421784,0.0,1751,False,False
2,163,Q 2:163,البقره,وَإِلَٰهُكُمۡ إِلَٰهٞ وَٰحِدٞۖ لَّآ إِلَٰهَ إِلَّا هُوَ ٱلرَّحۡمَٰنُ ٱلرَّحِيمُ,9,4,9-10,-0.591467,5095,0.04661,4,236.5,0.75,-0.70339,3,5,لا اله الا هو الرحمن,0.0,6.053799730797759,0.0,551,False,False
3,169,Q 3:169,ال عمران,وَلَا تَحۡسَبَنَّ ٱلَّذِينَ قُتِلُواْ فِي سَبِيلِ ٱللَّهِ أَمۡوَٰتَۢاۚ بَلۡ أَحۡيَآءٌ عِندَ رَبِّهِمۡ يُرۡزَقُونَ,13,6,13-14,-0.502964,4697,0.13313,7,128,0.833333,-0.700203,4,10,ولا تحسبن الذين قتلوا في,0.0,7.549344908541302,0.0,1751,False,False
17,85,Q 17:85,الاسراء,وَيَسۡـَٔلُونَكَ عَنِ ٱلرُّوحِۖ قُلِ ٱلرُّوحُ مِنۡ أَمۡرِ رَبِّي وَمَآ أُوتِيتُم مِّنَ ٱلۡعِلۡمِ إِلَّا قَلِيلٗا,14,6,13-14,-0.440625,4277,0.248984,10,64.5,0.941667,-0.692683,3,10,وما اوتيتم من العلم الا,0.0,7.563784290397428,0.0,1192,False,False
