surah,verse,word,form_bw,form_ar,pos,root,lemma,marker,stem_dual,pron_suffix_dual,is_verb,is_impf,mood
2,35,7,wakulaA,وَكُلَا,V,Akl,>akala,2D,1,1,1,0,
2,35,11,$i}otumaA,شِئْتُمَا,V,$yA,$aA^'a,2D,1,1,1,0,
2,35,13,taqorabaA,تَقْرَبَا,V,qrb,yaqorabu,2D,1,1,1,1,JUS
2,35,16,fatakuwnaA,فَتَكُونَا,V,kwn,kaAna,2D,1,1,1,1,SUBJ
2,36,1,fa>azal~ahumaA,فَأَزَلَّهُمَا,REM,,,,0,1,0,0,
2,36,4,fa>axorajahumaA,فَأَخْرَجَهُمَا,CONJ,,,,0,1,0,0,
2,36,6,kaAnaA,كَانَا,V,kwn,kaAna,3MD,1,1,1,0,
2,60,11,{vonataA,ٱثْنَتَا,N,vny,{vonatayon,FD,1,0,0,0,
2,66,5,yadayohaA,يَدَيْهَا,N,ydy,yad,FD,1,0,0,0,
2,83,10,wabi{lowa`lidayoni,وَبِٱلْوَٰلِدَيْنِ,N,wld,waAlid,MD,1,0,0,0,
2,97,15,yadayohi,يَدَيْهِ,N,ydy,yad,FD,1,0,0,0,
2,102,20,{lomalakayoni,ٱلْمَلَكَيْنِ,N,mlk,malak,MD,1,0,0,0,
2,102,25,yuEal~imaAni,يُعَلِّمَانِ,V,Elm,Eal~ama,3MD,1,1,1,1,
2,102,29,yaquwlaA^,يَقُولَآ,V,qwl,qaAla,3MD,1,1,1,1,SUBJ
2,102,36,minohumaA,مِنْهُمَا,P,,min,,0,1,0,0,
2,125,17,Tah~iraA,طَهِّرَا,V,Thr,Tah~ara,2MD,1,1,1,0,
2,128,3,musolimayoni,مُسْلِمَيْنِ,N,slm,musolim,MD,1,0,0,0,
2,143,27,Eaqibayohi,عَقِبَيْهِ,N,Eqb,Eaqib,MD,1,0,0,0,
2,158,17,bihimaA,بِهِمَا,PRON,,,3D,1,0,0,0,
2,177,23,*awiY,ذَوِى,N,,*uw,MD,1,0,0,0,
2,180,11,lilowa`lidayoni,لِلْوَٰلِدَيْنِ,N,wld,waAlid,MD,1,0,0,0,
2,186,11,daEaAni,دَعَانِ,V,dEw,daEaA,2MD,1,1,1,0,
2,203,9,yawomayoni,يَوْمَيْنِ,N,ywm,yawom,MD,1,0,0,0,
2,215,9,falilowa`lidayoni,فَلِلْوَٰلِدَيْنِ,N,wld,waAlid,MD,1,0,0,0,
2,219,6,fiyhimaA^,فِيهِمَآ,P,,fiY,,0,1,0,0,
2,219,11,wa<ivomuhumaA^,وَإِثْمُهُمَآ,CONJ,,,,0,1,0,0,
2,219,14,n~afoEihimaA,نَّفْعِهِمَا,N,nfE,nafoE,,0,1,0,0,
2,229,2,mar~ataAni,مَرَّتَانِ,N,mrr,mar~ap,MD,1,0,0,0,
2,229,18,yaxaAfaA^,يَخَافَآ,V,xwf,xaAfa,3MD,1,1,1,1,SUBJ
2,229,20,yuqiymaA,يُقِيمَا,V,qwm,>aqaAma,3MD,1,1,1,1,SUBJ
2,229,26,yuqiymaA,يُقِيمَا,V,qwm,>aqaAma,3MD,1,1,1,1,SUBJ
2,229,31,EalayohimaA,عَلَيْهِمَا,P,,EalaY`,,0,1,0,0,
2,230,16,EalayohimaA^,عَلَيْهِمَآ,P,,EalaY`,,0,1,0,0,
2,230,18,yataraAjaEaA^,يَتَرَاجَعَآ,V,rjE,yataraAjaEa,3MD,1,1,1,1,SUBJ
2,230,20,Zan~aA^,ظَنَّآ,V,Znn,Zan~a,3MD,1,1,1,0,
2,230,22,yuqiymaA,يُقِيمَا,V,qwm,>aqaAma,3MD,1,1,1,1,SUBJ
2,233,4,Hawolayoni,حَوْلَيْنِ,T,Hwl,Hawol,MD,1,0,0,0,
2,233,5,kaAmilayoni,كَامِلَيْنِ,ADJ,kml,kaAmilayon,MD,1,0,0,0,
2,233,35,>araAdaA,أَرَادَا,V,rwd,>araAda,3MD,1,1,1,0,
2,233,39,m~inohumaA,مِّنْهُمَا,P,,min,,0,1,0,0,
2,233,43,EalayohimaA,عَلَيْهِمَا,P,,EalaY`,,0,1,0,0,
2,255,47,HifoZuhumaA,حِفْظُهُمَا,N,HfZ,HifoZ,,0,1,0,0,
2,265,18,DiEofayoni,ضِعْفَيْنِ,N,DEf,DiEof,MD,1,0,0,0,
2,282,53,$ahiydayoni,شَهِيدَيْنِ,N,$hd,$ahiyd,MD,1,0,0,0,
2,282,58,yakuwnaA,يَكُونَا,V,kwn,kaAna,3MD,1,1,1,1,JUS
2,282,59,rajulayoni,رَجُلَيْنِ,N,rjl,rajul,MD,1,0,0,0,
2,282,61,wa{mora>ataAni,وَٱمْرَأَتَانِ,N,mrA,{mora>at,FD,1,0,0,0,
2,282,68,<iHodaY`humaA,إِحْدَىٰهُمَا,N,AHd,<iHodaY,,0,1,0,0,
2,282,70,<iHodaY`humaA,إِحْدَىٰهُمَا,N,AHd,<iHodaY,,0,1,0,0,
3,3,8,yadayohi,يَدَيْهِ,N,ydy,yad,FD,1,0,0,0,
3,13,6,fi}atayoni,فِئَتَيْنِ,N,fAy,fi}ap,FD,1,0,0,0,
3,13,7,{lotaqataA,ٱلْتَقَتَا,V,lqy,{lotaqaY,3FD,1,1,1,0,
3,13,16,m~ivolayohimo,مِّثْلَيْهِمْ,N,mvl,mivol,MD,1,0,0,0,
3,50,4,yadaY~a,يَدَىَّ,N,ydy,yad,FD,1,0,0,0,
3,122,3,T~aA^}ifataAni,طَّآئِفَتَانِ,N,Twf,TaA^}ifap,FD,1,0,0,0,
3,122,6,tafo$alaA,تَفْشَلَا,V,f$l,fa$ilo,2D,1,1,1,1,SUBJ
3,122,8,waliy~uhumaA,وَلِيُّهُمَا,N,wly,waliY~,,0,1,0,0,
3,144,20,Eaqibayohi,عَقِبَيْهِ,N,Eqb,Eaqib,MD,1,0,0,0,
3,155,7,{lojamoEaAni,ٱلْجَمْعَانِ,N,jmE,jamoE,MD,1,0,0,0,
3,165,6,m~ivolayohaA,مِّثْلَيْهَا,N,mvl,mivol,MD,1,0,0,0,
3,166,5,{lojamoEaAni,ٱلْجَمْعَانِ,N,jmE,jamoE,MD,1,0,0,0,
4,1,14,minohumaA,مِنْهُمَا,P,,min,,0,1,0,0,
4,7,5,{lowa`lidaAni,ٱلْوَٰلِدَانِ,N,wld,waAlid,MD,1,0,0,0,
4,7,11,{lowa`lidaAni,ٱلْوَٰلِدَانِ,N,wld,waAlid,MD,1,0,0,0,
4,11,8,{lo>unvayayoni,ٱلْأُنثَيَيْنِ,N,Anv,>unvayayon,FD,1,0,0,0,
4,11,13,{vonatayoni,ٱثْنَتَيْنِ,N,vny,{vonatayon,FD,1,0,0,0,
4,11,15,vuluvaA,ثُلُثَا,N,vlv,v~uluv,MD,1,0,0,0,
4,11,23,wali>abawayohi,وَلِأَبَوَيْهِ,N,Abw,>abawaAn,MD,1,0,0,0,
4,11,26,m~inohumaA,مِّنْهُمَا,P,,min,,0,1,0,0,
4,11,40,>abawaAhu,أَبَوَاهُ,N,Abw,>abawaAn,MD,1,0,0,0,
4,12,63,m~inohumaA,مِّنْهُمَا,P,,min,,0,1,0,0,
4,16,1,wa{l~a*aAni,وَٱلَّذَانِ,REL,,{l~a*iY,MD,1,0,0,0,
4,16,2,ya>otiya`nihaA,يَأْتِيَٰنِهَا,V,Aty,>ataY,3MD,1,1,1,1,
4,16,4,fa_#aA*uwhumaA,فَـ#َاذُوهُمَا,REM,,,,0,1,0,0,
4,16,6,taAbaA,تَابَا,V,twb,taAba,3MD,1,1,1,0,
4,16,7,wa>aSolaHaA,وَأَصْلَحَا,V,SlH,>aSolaHa,3MD,1,1,1,0,
4,16,9,EanohumaA^,عَنْهُمَآ,P,,Ean,,0,1,0,0,
4,23,45,{lo>uxotayoni,ٱلْأُخْتَيْنِ,N,Axw,>uxot,FD,1,0,0,0,
4,33,6,{lowa`lidaAni,ٱلْوَٰلِدَانِ,N,wld,waAlid,MD,1,0,0,0,
4,35,4,bayonihimaA,بَيْنِهِمَا,N,byn,bayon,,0,1,0,0,
4,35,13,yuriydaA^,يُرِيدَآ,V,rwd,>araAda,3MD,1,1,1,1,JUS
4,35,17,bayonahumaA^,بَيْنَهُمَآ,LOC,byn,bayon,,0,1,0,0,
4,36,7,wabi{lowa`lidayoni,وَبِٱلْوَٰلِدَيْنِ,N,wld,waAlid,MD,1,0,0,0,
4,88,5,fi}atayoni,فِئَتَيْنِ,N,fAy,fi}ap,FD,1,0,0,0,
4,92,52,$ahorayoni,شَهْرَيْنِ,N,$hr,$ahor,MD,1,0,0,0,
4,92,53,mutataAbiEayoni,مُتَتَابِعَيْنِ,ADJ,tbE,mutataAbiEayon,MD,1,0,0,0,
4,128,11,EalayohimaA^,عَلَيْهِمَآ,P,,EalaY`,,0,1,0,0,
4,128,13,yuSoliHaA,يُصْلِحَا,V,SlH,>aSolaHa,3MD,1,1,1,1,SUBJ
4,128,14,bayonahumaA,بَيْنَهُمَا,LOC,byn,bayon,,0,1,0,0,
4,130,2,yatafar~aqaA,يَتَفَرَّقَا,V,frq,tafar~aqa,3MD,1,1,1,1,JUS
4,135,13,{lowa`lidayoni,ٱلْوَٰلِدَيْنِ,N,wld,waAlid,MD,1,0,0,0,
4,135,22,bihimaA,بِهِمَا,PRON,,,3D,1,0,0,0,
4,171,4,tagoluwA@,تَغْلُوا@,V,glw,tagoluw,2D,1,1,1,1,JUS
4,176,27,kaAnataA,كَانَتَا,V,kwn,kaAna,3FD,1,1,1,0,
4,176,28,{vonatayoni,ٱثْنَتَيْنِ,N,vny,{vonatayon,FD,1,0,0,0,
4,176,29,falahumaA,فَلَهُمَا,PRON,,,3D,1,0,0,0,
4,176,30,{lv~uluvaAni,ٱلثُّلُثَانِ,N,vlv,v~uluv,MD,1,0,0,0,
4,176,41,{lo>unvayayoni,ٱلْأُنثَيَيْنِ,N,Anv,>unvayayon,FD,1,0,0,0,
5,6,17,{lokaEobayoni,ٱلْكَعْبَيْنِ,N,kEb,kaEobayon,MD,1,0,0,0,
5,12,9,{vonaYo,ٱثْنَىْ,N,vny,{vonayon,MD,1,0,0,0,
5,17,34,bayonahumaA,بَيْنَهُمَا,LOC,byn,bayon,,0,1,0,0,
5,18,28,bayonahumaA,بَيْنَهُمَا,LOC,byn,bayon,,0,1,0,0,
5,23,2,rajulaAni,رَجُلَانِ,N,rjl,rajul,MD,1,0,0,0,
5,23,8,EalayohimaA,عَلَيْهِمَا,P,,EalaY`,,0,1,0,0,
5,24,13,faqa`tilaA^,فَقَٰتِلَآ,V,qtl,qa`tala,2MD,1,1,1,0,
5,27,4,{bonaYo,ٱبْنَىْ,N,bny,{bon,MD,1,0,0,0,
5,27,8,qar~abaA,قَرَّبَا,V,qrb,qar~aba,3MD,1,1,1,0,
5,27,12,>aHadihimaA,أَحَدِهِمَا,N,AHd,>aHad,,0,1,0,0,
5,38,4,>ayodiyahumaA,أَيْدِيَهُمَا,N,ydy,yad,,0,1,0,0,
5,38,7,kasabaA,كَسَبَا,V,ksb,kasaba,3MD,1,1,1,0,
5,46,10,yadayohi,يَدَيْهِ,N,ydy,yad,FD,1,0,0,0,
5,46,21,yadayohi,يَدَيْهِ,N,ydy,yad,FD,1,0,0,0,
5,48,8,yadayohi,يَدَيْهِ,N,ydy,yad,FD,1,0,0,0,
5,64,12,yadaAhu,يَدَاهُ,N,ydy,yad,FD,1,0,0,0,
5,64,13,mabosuwTataAni,مَبْسُوطَتَانِ,N,bsT,mabosuwTataAn,FD,1,0,0,0,
5,75,14,kaAnaA,كَانَا,V,kwn,kaAna,3MD,1,1,1,0,
5,75,15,ya>okulaAni,يَأْكُلَانِ,V,Akl,>akala,3MD,1,1,1,1,
5,77,5,tagoluwA@,تَغْلُوا@,V,glw,tagoluw,2D,1,1,1,1,JUS
5,95,21,*awaA,ذَوَا,N,,*aA,MD,1,0,0,0,
5,106,12,{vonaAni,ٱثْنَانِ,N,vny,{vonayon,MD,1,0,0,0,
5,106,13,*awaA,ذَوَا,N,,*aA,MD,1,0,0,0,
5,106,17,'aAxaraAni,ءَاخَرَانِ,N,Axr,A^xar,MD,1,0,0,0,
5,106,28,taHobisuwnahumaA,تَحْبِسُونَهُمَا,V,Hbs,yaHobisu,,0,1,1,1,
5,106,32,fayuqosimaAni,فَيُقْسِمَانِ,V,qsm,>aqosamu,3MD,1,1,1,1,
5,107,4,>an~ahumaA,أَنَّهُمَا,ACC,,>an~,,0,1,0,0,
5,107,5,{sotaHaq~aA^,ٱسْتَحَقَّآ,V,Hqq,{sotaHaq~a,3MD,1,1,1,0,
5,107,7,fa_#aAxaraAni,فَـ#َاخَرَانِ,N,Axr,A^xar,MD,1,0,0,0,
5,107,8,yaquwmaAni,يَقُومَانِ,V,qwm,qaAma,3MD,1,1,1,1,
5,107,9,maqaAmahumaA,مَقَامَهُمَا,N,qwm,maqaAm,,0,1,0,0,
5,107,14,{lo>awolaya`ni,ٱلْأَوْلَيَٰنِ,N,wly,>awolaya`n,MD,1,0,0,0,
5,107,15,fayuqosimaAni,فَيُقْسِمَانِ,V,qsm,>aqosamu,3MD,1,1,1,1,
5,107,20,$aha`datihimaA,شَهَٰدَتِهِمَا,N,$hd,$aha`dap,,0,1,0,0,
5,116,12,<ila`hayoni,إِلَٰهَيْنِ,N,Alh,<ila`h,MD,1,0,0,0,
6,38,9,bijanaAHayohi,بِجَنَاحَيْهِ,N,jnH,janaAH,MD,1,0,0,0,
6,81,17,{lofariyqayoni,ٱلْفَرِيقَيْنِ,N,frq,fariyq,MD,1,0,0,0,
6,92,8,yadayohi,يَدَيْهِ,N,ydy,yad,FD,1,0,0,0,
6,143,5,{vonayoni,ٱثْنَيْنِ,N,vny,{vonayon,MD,1,0,0,0,
6,143,8,{vonayoni,ٱثْنَيْنِ,N,vny,{vonayon,MD,1,0,0,0,
6,143,10,'aA^l*~akarayoni,ءَآلذَّكَرَيْنِ,N,*kr,*akar,MD,1,0,0,0,
6,143,13,{lo>unvayayoni,ٱلْأُنثَيَيْنِ,N,Anv,>unvayayon,FD,1,0,0,0,
6,143,18,{lo>unvayayoni,ٱلْأُنثَيَيْنِ,N,Anv,>unvayayon,FD,1,0,0,0,
6,144,3,{vonayoni,ٱثْنَيْنِ,N,vny,{vonayon,MD,1,0,0,0,
6,144,6,{vonayoni,ٱثْنَيْنِ,N,vny,{vonayon,MD,1,0,0,0,
6,144,8,'aA^l*~akarayoni,ءَآلذَّكَرَيْنِ,N,*kr,*akar,MD,1,0,0,0,
6,144,11,{lo>unvayayoni,ٱلْأُنثَيَيْنِ,N,Anv,>unvayayon,FD,1,0,0,0,
6,144,16,{lo>unvayayoni,ٱلْأُنثَيَيْنِ,N,Anv,>unvayayon,FD,1,0,0,0,
6,146,13,$uHuwmahumaA^,شُحُومَهُمَآ,N,$Hm,$uHuwm,,0,1,0,0,
6,146,17,ZuhuwruhumaA^,ظُهُورُهُمَآ,N,Zhr,Zahor,,0,1,0,0,
6,151,12,wabi{lowa`lidayoni,وَبِٱلْوَٰلِدَيْنِ,N,wld,waAlid,MD,1,0,0,0,
6,156,7,TaA^}ifatayoni,طَآئِفَتَيْنِ,N,Twf,TaA^}ifap,FD,1,0,0,0,
7,19,6,fakulaA,فَكُلَا,V,Akl,>akala,2MD,1,1,1,0,
7,19,9,$i}otumaA,شِئْتُمَا,V,$yA,$aA^'a,2D,1,1,1,0,
7,19,11,taqorabaA,تَقْرَبَا,V,qrb,yaqorabu,2D,1,1,1,1,JUS
7,19,14,fatakuwnaA,فَتَكُونَا,V,kwn,kaAna,2D,1,1,1,1,SUBJ
7,20,2,lahumaA,لَهُمَا,PRON,,,3D,1,0,0,0,
7,20,5,lahumaA,لَهُمَا,PRON,,,3D,1,0,0,0,
7,20,8,EanohumaA,عَنْهُمَا,P,,Ean,,0,1,0,0,
7,20,10,sawo'a`tihimaA,سَوْءَٰتِهِمَا,N,swA,sawo'a`t,,0,1,0,0,
7,20,13,nahaY`kumaA,نَهَىٰكُمَا,V,nhy,nahaY`,,0,1,1,0,
7,20,14,rab~ukumaA,رَبُّكُمَا,N,rbb,rab~,,0,1,0,0,
7,20,20,takuwnaA,تَكُونَا,V,kwn,kaAna,2D,1,1,1,1,SUBJ
7,20,21,malakayoni,مَلَكَيْنِ,N,mlk,malak,MD,1,0,0,0,
7,20,23,takuwnaA,تَكُونَا,V,kwn,kaAna,2D,1,1,1,1,SUBJ
7,21,1,waqaAsamahumaA^,وَقَاسَمَهُمَآ,CONJ,,,,0,1,0,0,
7,21,3,lakumaA,لَكُمَا,PRON,,,2D,1,0,0,0,
7,22,1,fadal~aY`humaA,فَدَلَّىٰهُمَا,CONJ,,,,0,1,0,0,
7,22,4,*aAqaA,ذَاقَا,V,*wq,*aAqu,3MD,1,1,1,0,
7,22,7,lahumaA,لَهُمَا,PRON,,,3D,1,0,0,0,
7,22,8,sawo'a`tuhumaA,سَوْءَٰتُهُمَا,N,swA,sawo'a`t,,0,1,0,0,
7,22,9,waTafiqaA,وَطَفِقَا,V,Tfq,Tafiqa,3MD,1,1,1,0,
7,22,10,yaxoSifaAni,يَخْصِفَانِ,V,xSf,yaxoSifa,3MD,1,1,1,1,
7,22,11,EalayohimaA,عَلَيْهِمَا,P,,EalaY`,,0,1,0,0,
7,22,15,wanaAdaY`humaA,وَنَادَىٰهُمَا,REM,,,,0,1,0,0,
7,22,16,rab~uhumaA^,رَبُّهُمَآ,N,rbb,rab~,,0,1,0,0,
7,22,18,>anohakumaA,أَنْهَكُمَا,V,nhy,nahaY`,,0,1,1,1,
7,22,23,l~akumaA^,لَّكُمَآ,PRON,,,2D,1,0,0,0,
7,22,26,lakumaA,لَكُمَا,PRON,,,2D,1,0,0,0,
7,23,1,qaAlaA,قَالَا,V,qwl,qaAla,3MD,1,1,1,0,
7,27,8,>abawayokum,أَبَوَيْكُم,N,Abw,>abawaAn,MD,1,0,0,0,
7,27,12,EanohumaA,عَنْهُمَا,P,,Ean,,0,1,0,0,
7,27,13,libaAsahumaA,لِبَاسَهُمَا,N,lbs,libaAs,,0,1,0,0,
7,27,14,liyuriyahumaA,لِيُرِيَهُمَا,PRP,,,,0,1,0,0,
7,27,15,sawo'a`tihimaA^,سَوْءَٰتِهِمَآ,N,swA,sawo'a`t,,0,1,0,0,
7,46,1,wabayonahumaA,وَبَيْنَهُمَا,REM,,,,0,1,0,0,
7,50,18,Har~amahumaA,حَرَّمَهُمَا,V,Hrm,Har~ama,,0,1,1,0,
7,57,7,yadaYo,يَدَىْ,N,ydy,yad,FD,1,0,0,0,
7,160,2,{vonataYo,ٱثْنَتَىْ,N,vny,{vonatayon,FD,1,0,0,0,
7,160,18,{vonataA,ٱثْنَتَا,N,vny,{vonatayon,FD,1,0,0,0,
7,189,21,d~aEawaA,دَّعَوَا,V,dEw,daEaA,3MD,1,1,1,0,
7,189,23,rab~ahumaA,رَبَّهُمَا,N,rbb,rab~,,0,1,0,0,
7,190,2,'aAtaY`humaA,ءَاتَىٰهُمَا,V,Aty,A^taY,,0,1,1,1,
7,190,8,'aAtaY`humaA,ءَاتَىٰهُمَا,V,Aty,A^taY,,0,1,1,1,
8,7,5,{lT~aA^}ifatayoni,ٱلطَّآئِفَتَيْنِ,N,Twf,TaA^}ifap,FD,1,0,0,0,
8,41,28,{lojamoEaAni,ٱلْجَمْعَانِ,N,jmE,jamoE,MD,1,0,0,0,
8,48,18,{lofi}ataAni,ٱلْفِئَتَانِ,N,fAy,fi}ap,FD,1,0,0,0,
8,48,21,Eaqibayohi,عَقِبَيْهِ,N,Eqb,Eaqib,MD,1,0,0,0,
8,65,13,miA@}atayoni,مِا@ئَتَيْنِ,N,mAy,miA}ap,FD,1,0,0,0,
8,66,15,miA@}atayoni,مِا@ئَتَيْنِ,N,mAy,miA}ap,FD,1,0,0,0,
8,66,21,>alofayoni,أَلْفَيْنِ,N,Alf,>alof,MD,1,0,0,0,
9,36,6,{vonaA,ٱثْنَا,N,vny,{vonayon,MD,1,0,0,0,
9,40,11,{vonayoni,ٱثْنَيْنِ,N,vny,{vonayon,MD,1,0,0,0,
9,40,13,humaA,هُمَا,PRON,,,3D,1,0,0,0,
9,52,7,{loHusonayayoni,ٱلْحُسْنَيَيْنِ,ADJ,Hsn,Husonayayon,FD,1,0,0,0,
9,101,17,m~ar~atayoni,مَّرَّتَيْنِ,N,mrr,mar~ap,MD,1,0,0,0,
9,126,10,mar~atayoni,مَرَّتَيْنِ,N,mrr,mar~ap,MD,1,0,0,0,
10,37,14,yadayohi,يَدَيْهِ,N,ydy,yad,FD,1,0,0,0,
10,78,9,lakumaA,لَكُمَا,PRON,,,2D,1,0,0,0,
10,78,15,lakumaA,لَكُمَا,PRON,,,2D,1,0,0,0,
10,87,6,tabaw~a'aA,تَبَوَّءَا,V,bwA,yatabaw~a>u,2MD,1,1,1,0,
10,87,7,liqawomikumaA,لِقَوْمِكُمَا,P,,,,0,1,0,0,
10,89,4,d~aEowatukumaA,دَّعْوَتُكُمَا,N,dEw,daEowap,,0,1,0,0,
10,89,5,fa{sotaqiymaA,فَٱسْتَقِيمَا,V,qwm,{sotaqa`mu,2MD,1,1,1,0,
10,89,7,tat~abiEaA^n~i,تَتَّبِعَآنِّ,V,tbE,{t~abaEa,2D,1,0,1,1,JUS
11,24,2,{lofariyqayoni,ٱلْفَرِيقَيْنِ,N,frq,fariyq,MD,1,0,0,0,
11,24,8,yasotawiyaAni,يَسْتَوِيَانِ,V,swy,{sotawaY`^,3MD,1,1,1,1,
11,40,12,zawojayoni,زَوْجَيْنِ,N,zwj,zawoj,MD,1,0,0,0,
11,40,13,{vonayoni,ٱثْنَيْنِ,N,vny,{vonayon,MD,1,0,0,0,
11,43,19,bayonahumaA,بَيْنَهُمَا,LOC,byn,bayon,,0,1,0,0,
11,114,3,TarafaYi,طَرَفَىِ,N,Trf,Taraf,MD,1,0,0,0,
12,6,17,>abawayoka,أَبَوَيْكَ,N,Abw,>abawaAn,MD,1,0,0,0,
12,25,1,wa{sotabaqaA,وَٱسْتَبَقَا,V,sbq,{sotabaqa,3MD,1,1,1,0,
12,25,7,wa>alofayaA,وَأَلْفَيَا,V,lfw,>alofa,3MD,1,1,1,0,
12,36,4,fatayaAni,فَتَيَانِ,N,fty,fatayaAn,MD,1,0,0,0,
12,36,6,>aHaduhumaA^,أَحَدُهُمَآ,N,AHd,>aHad,,0,1,0,0,
12,37,3,ya>otiykumaA,يَأْتِيكُمَا,V,Aty,>ataY,,0,1,1,1,
12,37,5,turozaqaAnihi.^,تُرْزَقَانِهِ.ٓ,V,rzq,razaqa,2MD,1,1,1,1,
12,37,7,nab~a>otukumaA,نَبَّأْتُكُمَا,V,nbA,nab~a>a,,0,1,1,0,
12,37,11,ya>otiyakumaA,يَأْتِيَكُمَا,V,Aty,>ataY,,0,1,1,1,
12,37,12,*a`likumaA,ذَٰلِكُمَا,DEM,,*a`lik,2D,1,0,0,0,
12,41,4,>aHadukumaA,أَحَدُكُمَا,N,AHd,>aHad,,0,1,0,0,
12,41,19,tasotafotiyaAni,تَسْتَفْتِيَانِ,V,fty,yasotafotu,2D,1,1,1,1,
12,42,6,m~inohumaA,مِّنْهُمَا,P,,min,,0,1,0,0,
12,45,4,minohumaA,مِنْهُمَا,P,,min,,0,1,0,0,
12,84,8,EayonaAhu,عَيْنَاهُ,N,Eyn,Eayon,FD,1,0,0,0,
12,99,7,>abawayohi,أَبَوَيْهِ,N,Abw,>abawaAn,MD,1,0,0,0,
12,100,2,>abawayohi,أَبَوَيْهِ,N,Abw,>abawaAn,MD,1,0,0,0,
12,111,16,yadayohi,يَدَيْهِ,N,ydy,yad,FD,1,0,0,0,
13,3,14,zawojayoni,زَوْجَيْنِ,N,zwj,zawoj,MD,1,0,0,0,
13,3,15,{vonayoni,ٱثْنَيْنِ,N,vny,{vonayon,MD,1,0,0,0,
13,11,5,yadayohi,يَدَيْهِ,N,ydy,yad,FD,1,0,0,0,
13,14,14,kaf~ayohi,كَفَّيْهِ,N,kff,kaf~ay,MD,1,0,0,0,
14,33,5,daA^}ibayoni,دَآئِبَيْنِ,N,dAb,daA^}ibayon,MD,1,0,0,0,
14,41,4,waliwa`lidaY~a,وَلِوَٰلِدَىَّ,N,wld,wa`liday,MD,1,0,0,0,
15,79,3,wa<in~ahumaA,وَإِنَّهُمَا,CONJ,,,,0,1,0,0,
15,85,6,bayonahumaA^,بَيْنَهُمَآ,LOC,byn,bayon,,0,1,0,0,
15,88,3,Eayonayoka,عَيْنَيْكَ,N,Eyn,Eayon,FD,1,0,0,0,
16,51,5,<ila`hayoni,إِلَٰهَيْنِ,N,Alh,<ila`h,MD,1,0,0,0,
16,51,6,{vonayoni,ٱثْنَيْنِ,N,vny,{vonayon,MD,1,0,0,0,
16,71,11,biraA^d~iY,بِرَآدِّى,N,rdd,raA^d~iY,MD,1,0,0,0,
16,76,4,r~ajulayoni,رَّجُلَيْنِ,N,rjl,rajul,MD,1,0,0,0,
16,76,5,>aHaduhumaA^,أَحَدُهُمَآ,N,AHd,>aHad,,0,1,0,0,
17,4,10,mar~atayoni,مَرَّتَيْنِ,N,mrr,mar~ap,MD,1,0,0,0,
17,5,4,>uwlaY`humaA,أُولَىٰهُمَا,N,Awl,>aw~al,,0,1,0,0,
17,12,4,'aAyatayoni,ءَايَتَيْنِ,N,Ayy,'aAyap,FD,1,0,0,0,
17,23,7,wabi{lowa`lidayoni,وَبِٱلْوَٰلِدَيْنِ,N,wld,waAlid,MD,1,0,0,0,
17,23,13,>aHaduhumaA^,أَحَدُهُمَآ,N,AHd,>aHad,,0,1,0,0,
17,23,15,kilaAhumaA,كِلَاهُمَا,N,klw,kilaA,MD,1,1,0,0,
17,23,18,l~ahumaA^,لَّهُمَآ,PRON,,,3D,1,0,0,0,
17,23,21,tanoharohumaA,تَنْهَرْهُمَا,V,nhr,tanoharo,,0,1,1,1,
17,23,23,l~ahumaA,لَّهُمَا,PRON,,,3D,1,0,0,0,
17,24,2,lahumaA,لَهُمَا,PRON,,,3D,1,0,0,0,
17,24,9,{roHamohumaA,ٱرْحَمْهُمَا,V,rHm,r~aHima,,0,1,1,0,
17,24,11,rab~ayaAniY,رَبَّيَانِى,V,rbw,rab~aya,3MD,1,1,1,0,
18,12,5,{loHizobayoni,ٱلْحِزْبَيْنِ,N,Hzb,Hizob,MD,1,0,0,0,
18,18,12,*iraAEayohi,ذِرَاعَيْهِ,N,*rE,*iraAE,MD,1,0,0,0,
18,28,13,EayonaAka,عَيْنَاكَ,N,Eyn,Eayon,FD,1,0,0,0,
18,32,4,r~ajulayoni,رَّجُلَيْنِ,N,rjl,rajul,MD,1,0,0,0,
18,32,6,li>aHadihimaA,لِأَحَدِهِمَا,P,,,,0,1,0,0,
18,32,7,jan~atayoni,جَنَّتَيْنِ,N,jnn,jan~ap,FD,1,0,0,0,
18,32,10,waHafafona`humaA,وَحَفَفْنَٰهُمَا,CONJ,,,,0,1,0,0,
18,32,13,bayonahumaA,بَيْنَهُمَا,LOC,byn,bayon,,0,1,0,0,
18,33,1,kilotaA,كِلْتَا,N,klw,kilotaA,FD,1,0,0,0,
18,33,2,{lojan~atayoni,ٱلْجَنَّتَيْنِ,N,jnn,jan~ap,FD,1,0,0,0,
18,33,10,xila`lahumaA,خِلَٰلَهُمَا,N,xll,xila`l,,0,1,0,0,
18,42,5,kaf~ayohi,كَفَّيْهِ,N,kff,kaf~ay,MD,1,0,0,0,
18,57,12,yadaAhu,يَدَاهُ,N,ydy,yad,FD,1,0,0,0,
18,60,10,{lobaHorayoni,ٱلْبَحْرَيْنِ,N,bHr,baHor,MD,1,0,0,0,
18,61,2,balagaA,بَلَغَا,V,blg,balaga,3MD,1,1,1,0,
18,61,4,bayonihimaA,بَيْنِهِمَا,N,byn,bayon,,0,1,0,0,
18,61,5,nasiyaA,نَسِيَا,V,nsy,nasiYa,3MD,1,1,1,0,
18,61,6,HuwtahumaA,حُوتَهُمَا,N,Hwt,Huwt,,0,1,0,0,
18,62,2,jaAwazaA,جَاوَزَا,V,jwz,jaAwaza,3MD,1,1,1,0,
18,64,6,fa{rotad~aA,فَٱرْتَدَّا,V,rdd,{rotad~a,3MD,1,1,1,0,
18,64,8,'aAvaArihimaA,ءَاثَارِهِمَا,N,Avr,>avar,,0,1,0,0,
18,65,1,fawajadaA,فَوَجَدَا,V,wjd,wajada,3MD,1,1,1,0,
18,71,1,fa{nTalaqaA,فَٱنطَلَقَا,V,Tlq,{nTalaqa,3MD,1,1,1,0,
18,71,4,rakibaA,رَكِبَا,V,rkb,rakiba,3MD,1,1,1,0,
18,74,1,fa{nTalaqaA,فَٱنطَلَقَا,V,Tlq,{nTalaqa,3MD,1,1,1,0,
18,74,4,laqiyaA,لَقِيَا,V,lqy,laqu,3MD,1,1,1,0,
18,77,1,fa{nTalaqaA,فَٱنطَلَقَا,V,Tlq,{nTalaqa,3MD,1,1,1,0,
18,77,4,>atayaA^,أَتَيَآ,V,Aty,>ataY,3MD,1,1,1,0,
18,77,7,{sotaToEamaA^,ٱسْتَطْعَمَآ,V,TEm,{sotaToEama,3MD,1,1,1,0,
18,77,11,yuDay~ifuwhumaA,يُضَيِّفُوهُمَا,V,Dyf,yuDay~ifu,,0,1,1,1,
18,77,12,fawajadaA,فَوَجَدَا,V,wjd,wajada,3MD,1,1,1,0,
18,80,4,>abawaAhu,أَبَوَاهُ,N,Abw,>abawaAn,MD,1,0,0,0,
18,80,5,mu&ominayoni,مُؤْمِنَيْنِ,N,Amn,mu&omin,MD,1,0,0,0,
18,80,8,yurohiqahumaA,يُرْهِقَهُمَا,V,rhq,yurohiqa,,0,1,1,1,
18,81,3,yubodilahumaA,يُبْدِلَهُمَا,V,bdl,yubodila,,0,1,1,1,
18,81,4,rab~uhumaA,رَبُّهُمَا,N,rbb,rab~,,0,1,0,0,
18,82,4,ligula`mayoni,لِغُلَٰمَيْنِ,N,glm,gula`m,MD,1,0,0,0,
18,82,5,yatiymayoni,يَتِيمَيْنِ,ADJ,ytm,yatiym,MD,1,0,0,0,
18,82,11,l~ahumaA,لَّهُمَا,PRON,,,3D,1,0,0,0,
18,82,13,>abuwhumaA,أَبُوهُمَا,N,Abw,>abN,,0,1,0,0,
18,82,18,yabolugaA^,يَبْلُغَآ,V,blg,balaga,3MD,1,1,1,1,SUBJ
18,82,19,>a$ud~ahumaA,أَشُدَّهُمَا,N,$dd,>a$ud~,,0,1,0,0,
18,82,20,wayasotaxorijaA,وَيَسْتَخْرِجَا,V,xrj,{sotaxoraja,3MD,1,1,1,1,SUBJ
18,82,21,kanzahumaA,كَنزَهُمَا,N,knz,kanz,,0,1,0,0,
18,83,4,{loqaronayoni,ٱلْقَرْنَيْنِ,N,qrn,qaron,MD,1,0,0,0,
18,86,16,{loqaronayoni,ٱلْقَرْنَيْنِ,N,qrn,qaron,MD,1,0,0,0,
18,93,5,{ls~ad~ayoni,ٱلسَّدَّيْنِ,N,sdd,sad~,MD,1,0,0,0,
18,93,8,duwnihimaA,دُونِهِمَا,N,dwn,duwn,,0,1,0,0,
18,94,3,{loqaronayoni,ٱلْقَرْنَيْنِ,N,qrn,qaron,MD,1,0,0,0,
18,96,8,{lS~adafayoni,ٱلصَّدَفَيْنِ,N,Sdf,S~adafayon,MD,1,0,0,0,
19,14,2,biwa`lidayohi,بِوَٰلِدَيْهِ,N,wld,wa`liday,MD,1,0,0,0,
19,65,5,bayonahumaA,بَيْنَهُمَا,LOC,byn,bayon,,0,1,0,0,
19,73,12,{lofariyqayoni,ٱلْفَرِيقَيْنِ,N,frq,fariyq,MD,1,0,0,0,
20,6,9,bayonahumaA,بَيْنَهُمَا,LOC,byn,bayon,,0,1,0,0,
20,12,5,naEolayoka,نَعْلَيْكَ,N,nEl,naEolay,MD,1,0,0,0,
20,42,6,taniyaA,تَنِيَا,V,wny,taniya,2D,1,1,1,1,JUS
20,43,1,{*ohabaA^,ٱذْهَبَآ,V,*hb,*ahaba,2MD,1,1,1,0,
20,44,1,faquwlaA,فَقُولَا,V,qwl,qaAla,2D,1,1,1,0,
20,45,1,qaAlaA,قَالَا,V,qwl,qaAla,3MD,1,1,1,0,
20,46,3,taxaAfaA^,تَخَافَآ,V,xwf,xaAfa,2D,1,1,1,1,JUS
20,46,5,maEakumaA^,مَعَكُمَآ,LOC,,maE,,0,1,0,0,
20,47,1,fa>otiyaAhu,فَأْتِيَاهُ,V,Aty,>ataY,2MD,1,1,1,0,
20,47,2,faquwlaA^,فَقُولَآ,V,qwl,qaAla,2D,1,1,1,0,
20,47,4,rasuwlaA,رَسُولَا,N,rsl,rasuwl,MD,1,0,0,0,
20,49,3,r~ab~ukumaA,رَّبُّكُمَا,N,rbb,rab~,,0,1,0,0,
20,63,3,ha`*a`ni,هَٰذَٰنِ,DEM,,ha`*a`n,MD,1,0,0,0,
20,63,4,lasa`Hira`ni,لَسَٰحِرَٰنِ,N,sHr,sa`Hir,MD,1,0,0,0,
20,63,5,yuriydaAni,يُرِيدَانِ,V,rwd,>araAda,3MD,1,1,1,1,
20,63,7,yuxorijaAkum,يُخْرِجَاكُم,V,xrj,>axoraja,3MD,1,1,1,1,SUBJ
20,63,10,bisiHorihimaA,بِسِحْرِهِمَا,P,,,,0,1,0,0,
20,63,11,waya*ohabaA,وَيَذْهَبَا,V,*hb,*ahaba,3MD,1,1,1,1,SUBJ
20,117,9,yuxorijan~akumaA,يُخْرِجَنَّكُمَا,V,xrj,>axoraja,,0,1,1,1,
20,121,1,fa>akalaA,فَأَكَلَا,V,Akl,>akala,3MD,1,1,1,0,
20,121,4,lahumaA,لَهُمَا,PRON,,,3D,1,0,0,0,
20,121,5,sawo'a`tuhumaA,سَوْءَٰتُهُمَا,N,swA,sawo'a`t,,0,1,0,0,
20,121,6,waTafiqaA,وَطَفِقَا,V,Tfq,Tafiqa,3MD,1,1,1,0,
20,121,7,yaxoSifaAni,يَخْصِفَانِ,V,xSf,yaxoSifa,3MD,1,1,1,1,
20,121,8,EalayohimaA,عَلَيْهِمَا,P,,EalaY`,,0,1,0,0,
20,123,2,{hobiTaA,ٱهْبِطَا,V,hbT,yahobiTu,2MD,1,1,1,0,
20,131,3,Eayonayoka,عَيْنَيْكَ,N,Eyn,Eayon,FD,1,0,0,0,
21,16,6,bayonahumaA,بَيْنَهُمَا,LOC,byn,bayon,,0,1,0,0,
21,22,3,fiyhimaA^,فِيهِمَآ,P,,fiY,,0,1,0,0,
21,22,7,lafasadataA,لَفَسَدَتَا,V,fsd,fasadati,3FD,1,1,1,0,
21,30,8,kaAnataA,كَانَتَا,V,kwn,kaAna,3FD,1,1,1,0,
21,30,10,fafataqona`humaA,فَفَتَقْنَٰهُمَا,REM,,,,0,1,0,0,
21,78,4,yaHokumaAni,يَحْكُمَانِ,V,Hkm,Hakama,3MD,1,1,1,1,
22,10,4,yadaAka,يَدَاكَ,N,ydy,yad,FD,1,0,0,0,
22,19,1,ha`*aAni,هَٰذَانِ,DEM,,ha`*a`n,MD,1,0,0,0,
22,19,2,xaSomaAni,خَصْمَانِ,N,xSm,xaSom,MD,1,0,0,0,
23,27,17,zawojayoni,زَوْجَيْنِ,N,zwj,zawoj,MD,1,0,0,0,
23,27,18,{vonayoni,ٱثْنَيْنِ,N,vny,{vonayon,MD,1,0,0,0,
23,47,3,liba$arayoni,لِبَشَرَيْنِ,N,b$r,ba$ar,MD,1,0,0,0,
23,47,5,waqawomuhumaA,وَقَوْمُهُمَا,CIRC,,,,0,1,0,0,
23,48,1,faka*~abuwhumaA,فَكَذَّبُوهُمَا,REM,,,,0,1,0,0,
23,50,6,wa'aAwayona`humaA^,وَءَاوَيْنَٰهُمَآ,CONJ,,,,0,1,0,0,
24,2,6,m~inohumaA,مِّنْهُمَا,P,,min,,0,1,0,0,
24,2,11,bihimaA,بِهِمَا,PRON,,,3D,1,0,0,0,
24,2,23,Ea*aAbahumaA,عَذَابَهُمَا,N,E*b,Ea*aAb,,0,1,0,0,
24,45,16,rijolayoni,رِجْلَيْنِ,N,rjl,rijol,MD,1,0,0,0,
25,27,5,yadayohi,يَدَيْهِ,N,ydy,yad,FD,1,0,0,0,
25,36,2,{*ohabaA^,ٱذْهَبَآ,V,*hb,*ahaba,2MD,1,1,1,0,
25,48,7,yadaYo,يَدَىْ,N,ydy,yad,FD,1,0,0,0,
25,53,4,{lobaHorayoni,ٱلْبَحْرَيْنِ,N,bHr,baHor,MD,1,0,0,0,
25,53,12,bayonahumaA,بَيْنَهُمَا,LOC,byn,bayon,,0,1,0,0,
25,59,6,bayonahumaA,بَيْنَهُمَا,LOC,byn,bayon,,0,1,0,0,
26,15,3,fa{*ohabaA,فَٱذْهَبَا,V,*hb,*ahaba,2MD,1,1,1,0,
26,16,1,fa>otiyaA,فَأْتِيَا,V,Aty,>ataY,2MD,1,1,1,0,
26,16,3,faquwlaA^,فَقُولَآ,V,qwl,qaAla,2D,1,1,1,0,
26,24,6,bayonahumaA^,بَيْنَهُمَآ,LOC,byn,bayon,,0,1,0,0,
26,28,6,bayonahumaA^,بَيْنَهُمَآ,LOC,byn,bayon,,0,1,0,0,
26,61,3,{lojamoEaAni,ٱلْجَمْعَانِ,N,jmE,jamoE,MD,1,0,0,0,
27,15,6,waqaAlaA,وَقَالَا,V,qwl,qaAla,3MD,1,1,1,0,
27,19,15,wa`lidaY~a,وَٰلِدَىَّ,N,wld,wa`liday,MD,1,0,0,0,
27,44,11,saAqayohaA,سَاقَيْهَا,N,swq,saAq,MD,1,0,0,0,
27,45,12,fariyqaAni,فَرِيقَانِ,N,frq,fariyq,MD,1,0,0,0,
27,61,13,{lobaHorayoni,ٱلْبَحْرَيْنِ,N,bHr,baHor,MD,1,0,0,0,
27,63,12,yadaYo,يَدَىْ,N,ydy,yad,FD,1,0,0,0,
28,6,8,wajunuwdahumaA,وَجُنُودَهُمَا,CONJ,,,,0,1,0,0,
28,8,11,wajunuwdahumaA,وَجُنُودَهُمَا,CONJ,,,,0,1,0,0,
28,15,10,rajulayoni,رَجُلَيْنِ,N,rjl,rajul,MD,1,0,0,0,
28,15,11,yaqotatilaAni,يَقْتَتِلَانِ,V,qtl,{qotatala,3MD,1,1,1,1,
28,19,9,l~ahumaA,لَّهُمَا,PRON,,,3D,1,0,0,0,
28,23,14,{mora>atayoni,ٱمْرَأَتَيْنِ,N,mrA,{mora>at,FD,1,0,0,0,
28,23,15,ta*uwdaAni,تَذُودَانِ,V,*wd,ta*uwda,2D,1,1,1,1,
28,23,18,xaTobukumaA,خَطْبُكُمَا,N,xTb,xaTob,,0,1,0,0,
28,23,19,qaAlataA,قَالَتَا,V,qwl,qaAla,3FD,1,1,1,0,
28,24,2,lahumaA,لَهُمَا,PRON,,,3D,1,0,0,0,
28,25,2,<iHodaY`humaA,إِحْدَىٰهُمَا,N,AHd,<iHodaY,,0,1,0,0,
28,26,2,<iHodaY`humaA,إِحْدَىٰهُمَا,N,AHd,<iHodaY,,0,1,0,0,
28,27,7,{bonataY~a,ٱبْنَتَىَّ,N,bny,{bonat,FD,1,0,0,0,
28,27,8,ha`tayoni,هَٰتَيْنِ,DEM,,ha`tayon,FD,1,0,0,0,
28,28,6,{lo>ajalayoni,ٱلْأَجَلَيْنِ,N,Ajl,>ajal,MD,1,0,0,0,
28,32,15,fa*a`nika,فَذَٰنِكَ,DEM,,*a`nik,MD,1,0,0,0,
28,32,16,buroha`naAni,بُرْهَٰنَانِ,N,brhn,buroha`n,MD,1,0,0,0,
28,35,6,lakumaA,لَكُمَا,PRON,,,2D,1,0,0,0,
28,35,10,<ilayokumaA,إِلَيْكُمَا,P,,<ilaY`,,0,1,0,0,
28,35,12,>antumaA,أَنتُمَا,PRON,,,2D,1,0,0,0,
28,35,14,{t~abaEakumaA,ٱتَّبَعَكُمَا,V,tbE,{t~abaEa,,0,1,1,0,
28,48,21,siHoraAni,سِحْرَانِ,N,sHr,siHor,MD,1,0,0,0,
28,48,22,taZa`haraA,تَظَٰهَرَا,V,Zhr,>aZohara,3MD,1,1,1,0,
28,49,9,minohumaA^,مِنْهُمَآ,P,,min,,0,1,0,0,
28,54,4,m~ar~atayoni,مَّرَّتَيْنِ,N,mrr,mar~ap,MD,1,0,0,0,
29,8,3,biwa`lidayohi,بِوَٰلِدَيْهِ,N,wld,wa`liday,MD,1,0,0,0,
29,8,6,ja`hadaAka,جَٰهَدَاكَ,V,jhd,ja`hada,3MD,1,1,1,0,
29,8,15,tuTiEohumaA^,تُطِعْهُمَآ,V,TwE,>aTaAEa,,0,1,1,1,
30,8,11,bayonahumaA^,بَيْنَهُمَآ,LOC,byn,bayon,,0,1,0,0,
31,7,12,>u*unayohi,أُذُنَيْهِ,N,A*n,>u*unN,FD,1,0,0,0,
31,14,3,biwa`lidayohi,بِوَٰلِدَيْهِ,N,wld,wa`liday,MD,1,0,0,0,
31,14,11,EaAmayoni,عَامَيْنِ,N,Ewm,EaAm,MD,1,0,0,0,
31,14,15,waliwa`lidayoka,وَلِوَٰلِدَيْكَ,N,wld,wa`liday,MD,1,0,0,0,
31,15,2,ja`hadaAka,جَٰهَدَاكَ,V,jhd,ja`hada,3MD,1,1,1,0,
31,15,13,tuTiEohumaA,تُطِعْهُمَا,V,TwE,>aTaAEa,,0,1,1,1,
31,15,14,waSaAHibohumaA,وَصَاحِبْهُمَا,CONJ,,,,0,1,0,0,
32,4,7,bayonahumaA,بَيْنَهُمَا,LOC,byn,bayon,,0,1,0,0,
33,4,6,qalobayoni,قَلْبَيْنِ,N,qlb,qalob,FD,1,0,0,0,
33,30,11,DiEofayoni,ضِعْفَيْنِ,ADJ,DEf,DiEof,MD,1,0,0,0,
33,31,10,mar~atayoni,مَرَّتَيْنِ,N,mrr,mar~ap,MD,1,0,0,0,
33,68,3,DiEofayoni,ضِعْفَيْنِ,N,DEf,DiEof,MD,1,0,0,0,
34,12,16,yadayohi,يَدَيْهِ,N,ydy,yad,FD,1,0,0,0,
34,15,7,jan~ataAni,جَنَّتَانِ,N,jnn,jan~ap,FD,1,0,0,0,
34,16,7,bijan~atayohimo,بِجَنَّتَيْهِمْ,N,jnn,jan~ap,FD,1,0,0,0,
34,16,8,jan~atayoni,جَنَّتَيْنِ,N,jnn,jan~ap,FD,1,0,0,0,
34,16,9,*awaAtaYo,ذَوَاتَىْ,N,,*uw,FD,1,0,0,0,
34,22,19,fiyhimaA,فِيهِمَا,P,,fiY,,0,1,0,0,
34,31,11,yadayohi,يَدَيْهِ,N,ydy,yad,FD,1,0,0,0,
34,46,22,yadaYo,يَدَىْ,N,ydy,yad,FD,1,0,0,0,
35,12,3,{lobaHoraAni,ٱلْبَحْرَانِ,N,bHr,baHor,MD,1,0,0,0,
35,31,11,yadayohi,يَدَيْهِ,N,ydy,yad,FD,1,0,0,0,
35,41,7,tazuwlaA,تَزُولَا,V,zwl,zaAla,2D,1,1,1,1,SUBJ
35,41,9,zaAlataA^,زَالَتَآ,V,zwl,zaAla,3FD,1,1,1,0,
35,41,11,>amosakahumaA,أَمْسَكَهُمَا,V,msk,>amosaka,,0,1,1,0,
36,14,4,{vonayoni,ٱثْنَيْنِ,N,vny,{vonayon,MD,1,0,0,0,
36,14,5,faka*~abuwhumaA,فَكَذَّبُوهُمَا,REM,,,,0,1,0,0,
37,5,5,bayonahumaA,بَيْنَهُمَا,LOC,byn,bayon,,0,1,0,0,
37,103,2,>asolamaA,أَسْلَمَا,V,slm,>asolama,3MD,1,1,1,0,
37,113,6,*ur~iy~atihimaA,ذُرِّيَّتِهِمَا,N,*rr,*ur~iy~ap,,0,1,0,0,
37,115,1,wanaj~ayona`humaA,وَنَجَّيْنَٰهُمَا,CONJ,,,,0,1,0,0,
37,115,2,waqawomahumaA,وَقَوْمَهُمَا,CONJ,,,,0,1,0,0,
37,117,1,wa'aAtayona`humaA,وَءَاتَيْنَٰهُمَا,CONJ,,,,0,1,0,0,
37,118,1,wahadayona`humaA,وَهَدَيْنَٰهُمَا,CONJ,,,,0,1,0,0,
37,119,2,EalayohimaA,عَلَيْهِمَا,P,,EalaY`,,0,1,0,0,
37,122,1,<in~ahumaA,إِنَّهُمَا,ACC,,<in~,,0,1,0,0,
38,10,7,bayonahumaA,بَيْنَهُمَا,LOC,byn,bayon,,0,1,0,0,
38,22,10,xaSomaAni,خَصْمَانِ,N,xSm,xaSom,MD,1,0,0,0,
38,27,6,bayonahumaA,بَيْنَهُمَا,LOC,byn,bayon,,0,1,0,0,
38,66,5,bayonahumaA,بَيْنَهُمَا,LOC,byn,bayon,,0,1,0,0,
38,75,9,biyadaY~a,بِيَدَىَّ,N,ydy,yad,FD,1,0,0,0,
39,29,12,yasotawiyaAni,يَسْتَوِيَانِ,V,swy,{sotawaY`^,3MD,1,1,1,1,
40,11,4,{vonatayoni,ٱثْنَتَيْنِ,N,vny,{vonatayon,FD,1,0,0,0,
40,11,6,{vonatayoni,ٱثْنَتَيْنِ,N,vny,{vonatayon,FD,1,0,0,0,
41,9,8,yawomayoni,يَوْمَيْنِ,N,ywm,yawom,MD,1,0,0,0,
41,11,10,{}otiyaA,ٱئْتِيَا,V,Aty,>ataY,2MD,1,1,1,0,
41,11,14,qaAlataA^,قَالَتَآ,V,qwl,qaAla,3FD,1,1,1,0,
41,12,5,yawomayoni,يَوْمَيْنِ,N,ywm,yawom,MD,1,0,0,0,
41,29,6,{l~a*ayoni,ٱلَّذَيْنِ,REL,,{l~a*iY,MD,1,0,0,0,
41,29,7,>aDal~aAnaA,أَضَلَّانَا,V,Dll,>aDal~a,3MD,1,1,1,0,
41,29,11,najoEalohumaA,نَجْعَلْهُمَا,V,jEl,jaEala,,0,1,1,1,
41,29,14,liyakuwnaA,لِيَكُونَا,V,kwn,kaAna,3MD,1,1,1,1,SUBJ
41,42,6,yadayohi,يَدَيْهِ,N,ydy,yad,FD,1,0,0,0,
42,29,8,fiyhimaA,فِيهِمَا,P,,fiY,,0,1,0,0,
43,31,9,{loqaroyatayoni,ٱلْقَرْيَتَيْنِ,N,qry,qaroyap,FD,1,0,0,0,
43,38,9,{loma$oriqayoni,ٱلْمَشْرِقَيْنِ,N,$rq,ma$oriq,MD,1,0,0,0,
43,85,8,bayonahumaA,بَيْنَهُمَا,LOC,byn,bayon,,0,1,0,0,
44,7,5,bayonahumaA^,بَيْنَهُمَآ,LOC,byn,bayon,,0,1,0,0,
44,38,6,bayonahumaA,بَيْنَهُمَا,LOC,byn,bayon,,0,1,0,0,
44,39,2,xalaqona`humaA^,خَلَقْنَٰهُمَآ,V,xlq,xalaqa,,0,1,1,0,
46,3,6,bayonahumaA^,بَيْنَهُمَآ,LOC,byn,bayon,,0,1,0,0,
46,15,3,biwa`lidayohi,بِوَٰلِدَيْهِ,N,wld,wa`liday,MD,1,0,0,0,
46,15,31,wa`lidaY~a,وَٰلِدَىَّ,N,wld,wa`liday,MD,1,0,0,0,
46,17,3,liwa`lidayohi,لِوَٰلِدَيْهِ,N,wld,wa`liday,MD,1,0,0,0,
46,17,5,l~akumaA^,لَّكُمَآ,PRON,,,2D,1,0,0,0,
46,17,6,>ataEidaAniniY^,أَتَعِدَانِنِىٓ,V,wEd,waEada,3FD,1,1,1,1,
46,17,14,wahumaA,وَهُمَا,PRON,,,3D,1,0,0,0,
46,17,15,yasotagiyvaAni,يَسْتَغِيثَانِ,V,gwv,{sotaga`va,3MD,1,1,1,1,
46,21,13,yadayohi,يَدَيْهِ,N,ydy,yad,FD,1,0,0,0,
46,30,13,yadayohi,يَدَيْهِ,N,ydy,yad,FD,1,0,0,0,
49,1,7,yadaYi,يَدَىِ,N,ydy,yad,FD,1,0,0,0,
49,9,2,TaA^}ifataAni,طَآئِفَتَانِ,N,Twf,TaA^}ifap,FD,1,0,0,0,
49,9,7,bayonahumaA,بَيْنَهُمَا,LOC,byn,bayon,,0,1,0,0,
49,9,10,<iHodaY`humaA,إِحْدَىٰهُمَا,N,AHd,<iHodaY,,0,1,0,0,
49,9,24,bayonahumaA,بَيْنَهُمَا,LOC,byn,bayon,,0,1,0,0,
49,10,6,>axawayokumo,أَخَوَيْكُمْ,N,Axw,>ax,MD,1,0,0,0,
50,17,3,{lomutalaq~iyaAni,ٱلْمُتَلَقِّيَانِ,N,lqy,mutalaq~iyaAn,MD,1,0,0,0,
50,24,1,>aloqiyaA,أَلْقِيَا,V,lqy,>aloqaY`^,2MD,1,1,1,0,
50,26,7,fa>aloqiyaAhu,فَأَلْقِيَاهُ,V,lqy,>aloqaY`^,2MD,1,1,1,0,
50,38,6,bayonahumaA,بَيْنَهُمَا,LOC,byn,bayon,,0,1,0,0,
51,49,5,zawojayoni,زَوْجَيْنِ,N,zwj,zawoj,MD,1,0,0,0,
53,9,3,qawosayoni,قَوْسَيْنِ,N,qws,qawosayon,MD,1,0,0,0,
53,45,3,{lz~awojayoni,ٱلزَّوْجَيْنِ,N,zwj,zawoj,MD,1,0,0,0,
55,6,3,yasojudaAni,يَسْجُدَانِ,V,sjd,sajada,3MD,1,1,1,1,
55,13,3,rab~ikumaA,رَبِّكُمَا,N,rbb,rab~,,0,1,0,0,
55,13,4,tuka*~ibaAni,تُكَذِّبَانِ,V,k*b,ka*~aba,2D,1,1,1,1,
55,16,3,rab~ikumaA,رَبِّكُمَا,N,rbb,rab~,,0,1,0,0,
55,16,4,tuka*~ibaAni,تُكَذِّبَانِ,V,k*b,ka*~aba,2D,1,1,1,1,
55,17,2,{loma$oriqayoni,ٱلْمَشْرِقَيْنِ,N,$rq,ma$oriq,MD,1,0,0,0,
55,17,4,{lomagoribayoni,ٱلْمَغْرِبَيْنِ,N,grb,magorib,MD,1,0,0,0,
55,18,3,rab~ikumaA,رَبِّكُمَا,N,rbb,rab~,,0,1,0,0,
55,18,4,tuka*~ibaAni,تُكَذِّبَانِ,V,k*b,ka*~aba,2D,1,1,1,1,
55,19,2,{lobaHorayoni,ٱلْبَحْرَيْنِ,N,bHr,baHor,MD,1,0,0,0,
55,19,3,yalotaqiyaAni,يَلْتَقِيَانِ,V,lqy,{lotaqaY,3MD,1,1,1,1,
55,20,1,bayonahumaA,بَيْنَهُمَا,LOC,byn,bayon,,0,1,0,0,
55,20,4,yabogiyaAni,يَبْغِيَانِ,V,bgy,bagaY`,3MD,1,1,1,1,
55,21,3,rab~ikumaA,رَبِّكُمَا,N,rbb,rab~,,0,1,0,0,
55,21,4,tuka*~ibaAni,تُكَذِّبَانِ,V,k*b,ka*~aba,2D,1,1,1,1,
55,22,2,minohumaA,مِنْهُمَا,P,,min,,0,1,0,0,
55,23,3,rab~ikumaA,رَبِّكُمَا,N,rbb,rab~,,0,1,0,0,
55,23,4,tuka*~ibaAni,تُكَذِّبَانِ,V,k*b,ka*~aba,2D,1,1,1,1,
55,25,3,rab~ikumaA,رَبِّكُمَا,N,rbb,rab~,,0,1,0,0,
55,25,4,tuka*~ibaAni,تُكَذِّبَانِ,V,k*b,ka*~aba,2D,1,1,1,1,
55,28,3,rab~ikumaA,رَبِّكُمَا,N,rbb,rab~,,0,1,0,0,
55,28,4,tuka*~ibaAni,تُكَذِّبَانِ,V,k*b,ka*~aba,2D,1,1,1,1,
55,30,3,rab~ikumaA,رَبِّكُمَا,N,rbb,rab~,,0,1,0,0,
55,30,4,tuka*~ibaAni,تُكَذِّبَانِ,V,k*b,ka*~aba,2D,1,1,1,1,
55,31,4,{lv~aqalaAni,ٱلثَّقَلَانِ,N,vql,v~aqalaAn,MD,1,0,0,0,
55,32,3,rab~ikumaA,رَبِّكُمَا,N,rbb,rab~,,0,1,0,0,
55,32,4,tuka*~ibaAni,تُكَذِّبَانِ,V,k*b,ka*~aba,2D,1,1,1,1,
55,34,3,rab~ikumaA,رَبِّكُمَا,N,rbb,rab~,,0,1,0,0,
55,34,4,tuka*~ibaAni,تُكَذِّبَانِ,V,k*b,ka*~aba,2D,1,1,1,1,
55,35,2,EalayokumaA,عَلَيْكُمَا,P,,EalaY`,,0,1,0,0,
55,35,8,tantaSiraAni,تَنتَصِرَانِ,V,nSr,{ntaSara,2D,1,1,1,1,
55,36,3,rab~ikumaA,رَبِّكُمَا,N,rbb,rab~,,0,1,0,0,
55,36,4,tuka*~ibaAni,تُكَذِّبَانِ,V,k*b,ka*~aba,2D,1,1,1,1,
55,38,3,rab~ikumaA,رَبِّكُمَا,N,rbb,rab~,,0,1,0,0,
55,38,4,tuka*~ibaAni,تُكَذِّبَانِ,V,k*b,ka*~aba,2D,1,1,1,1,
55,40,3,rab~ikumaA,رَبِّكُمَا,N,rbb,rab~,,0,1,0,0,
55,40,4,tuka*~ibaAni,تُكَذِّبَانِ,V,k*b,ka*~aba,2D,1,1,1,1,
55,42,3,rab~ikumaA,رَبِّكُمَا,N,rbb,rab~,,0,1,0,0,
55,42,4,tuka*~ibaAni,تُكَذِّبَانِ,V,k*b,ka*~aba,2D,1,1,1,1,
55,45,3,rab~ikumaA,رَبِّكُمَا,N,rbb,rab~,,0,1,0,0,
55,45,4,tuka*~ibaAni,تُكَذِّبَانِ,V,k*b,ka*~aba,2D,1,1,1,1,
55,46,5,jan~ataAni,جَنَّتَانِ,N,jnn,jan~ap,FD,1,0,0,0,
55,47,3,rab~ikumaA,رَبِّكُمَا,N,rbb,rab~,,0,1,0,0,
55,47,4,tuka*~ibaAni,تُكَذِّبَانِ,V,k*b,ka*~aba,2D,1,1,1,1,
55,48,1,*awaAtaA^,ذَوَاتَآ,N,,*uw,FD,1,0,0,0,
55,49,3,rab~ikumaA,رَبِّكُمَا,N,rbb,rab~,,0,1,0,0,
55,49,4,tuka*~ibaAni,تُكَذِّبَانِ,V,k*b,ka*~aba,2D,1,1,1,1,
55,50,1,fiyhimaA,فِيهِمَا,P,,fiY,,0,1,0,0,
55,50,2,EayonaAni,عَيْنَانِ,N,Eyn,Eayon,FD,1,0,0,0,
55,50,3,tajoriyaAni,تَجْرِيَانِ,V,jry,jarayo,2FD,1,1,1,1,
55,51,3,rab~ikumaA,رَبِّكُمَا,N,rbb,rab~,,0,1,0,0,
55,51,4,tuka*~ibaAni,تُكَذِّبَانِ,V,k*b,ka*~aba,2D,1,1,1,1,
55,52,1,fiyhimaA,فِيهِمَا,P,,fiY,,0,1,0,0,
55,52,5,zawojaAni,زَوْجَانِ,N,zwj,zawoj,MD,1,0,0,0,
55,53,3,rab~ikumaA,رَبِّكُمَا,N,rbb,rab~,,0,1,0,0,
55,53,4,tuka*~ibaAni,تُكَذِّبَانِ,V,k*b,ka*~aba,2D,1,1,1,1,
55,54,8,{lojan~atayoni,ٱلْجَنَّتَيْنِ,N,jnn,jan~ap,FD,1,0,0,0,
55,55,3,rab~ikumaA,رَبِّكُمَا,N,rbb,rab~,,0,1,0,0,
55,55,4,tuka*~ibaAni,تُكَذِّبَانِ,V,k*b,ka*~aba,2D,1,1,1,1,
55,57,3,rab~ikumaA,رَبِّكُمَا,N,rbb,rab~,,0,1,0,0,
55,57,4,tuka*~ibaAni,تُكَذِّبَانِ,V,k*b,ka*~aba,2D,1,1,1,1,
55,59,3,rab~ikumaA,رَبِّكُمَا,N,rbb,rab~,,0,1,0,0,
55,59,4,tuka*~ibaAni,تُكَذِّبَانِ,V,k*b,ka*~aba,2D,1,1,1,1,
55,61,3,rab~ikumaA,رَبِّكُمَا,N,rbb,rab~,,0,1,0,0,
55,61,4,tuka*~ibaAni,تُكَذِّبَانِ,V,k*b,ka*~aba,2D,1,1,1,1,
55,62,2,duwnihimaA,دُونِهِمَا,N,dwn,duwn,,0,1,0,0,
55,62,3,jan~ataAni,جَنَّتَانِ,N,jnn,jan~ap,FD,1,0,0,0,
55,63,3,rab~ikumaA,رَبِّكُمَا,N,rbb,rab~,,0,1,0,0,
55,63,4,tuka*~ibaAni,تُكَذِّبَانِ,V,k*b,ka*~aba,2D,1,1,1,1,
55,64,1,mudohaA^m~ataAni,مُدْهَآمَّتَانِ,N,dhm,mudohaA^m~ataAn,FD,1,0,0,0,
55,65,3,rab~ikumaA,رَبِّكُمَا,N,rbb,rab~,,0,1,0,0,
55,65,4,tuka*~ibaAni,تُكَذِّبَانِ,V,k*b,ka*~aba,2D,1,1,1,1,
55,66,1,fiyhimaA,فِيهِمَا,P,,fiY,,0,1,0,0,
55,66,2,EayonaAni,عَيْنَانِ,N,Eyn,Eayon,FD,1,0,0,0,
55,66,3,naD~aAxataAni,نَضَّاخَتَانِ,ADJ,nDx,naD~aAxataAn,FD,1,0,0,0,
55,67,3,rab~ikumaA,رَبِّكُمَا,N,rbb,rab~,,0,1,0,0,
55,67,4,tuka*~ibaAni,تُكَذِّبَانِ,V,k*b,ka*~aba,2D,1,1,1,1,
55,68,1,fiyhimaA,فِيهِمَا,P,,fiY,,0,1,0,0,
55,69,3,rab~ikumaA,رَبِّكُمَا,N,rbb,rab~,,0,1,0,0,
55,69,4,tuka*~ibaAni,تُكَذِّبَانِ,V,k*b,ka*~aba,2D,1,1,1,1,
55,71,3,rab~ikumaA,رَبِّكُمَا,N,rbb,rab~,,0,1,0,0,
55,71,4,tuka*~ibaAni,تُكَذِّبَانِ,V,k*b,ka*~aba,2D,1,1,1,1,
55,73,3,rab~ikumaA,رَبِّكُمَا,N,rbb,rab~,,0,1,0,0,
55,73,4,tuka*~ibaAni,تُكَذِّبَانِ,V,k*b,ka*~aba,2D,1,1,1,1,
55,75,3,rab~ikumaA,رَبِّكُمَا,N,rbb,rab~,,0,1,0,0,
55,75,4,tuka*~ibaAni,تُكَذِّبَانِ,V,k*b,ka*~aba,2D,1,1,1,1,
55,77,3,rab~ikumaA,رَبِّكُمَا,N,rbb,rab~,,0,1,0,0,
55,77,4,tuka*~ibaAni,تُكَذِّبَانِ,V,k*b,ka*~aba,2D,1,1,1,1,
57,26,7,*ur~iy~atihimaA,ذُرِّيَّتِهِمَا,N,*rr,*ur~iy~ap,,0,1,0,0,
57,28,9,kifolayoni,كِفْلَيْنِ,N,kfl,kifol,MD,1,0,0,0,
58,1,14,taHaAwurakumaA^,تَحَاوُرَكُمَآ,N,Hwr,taHaAwur,,0,1,0,0,
58,3,14,yatamaA^s~aA,يَتَمَآسَّا,V,mss,yatamaA^s~a,3MD,1,1,1,1,SUBJ
58,4,5,$ahorayoni,شَهْرَيْنِ,N,$hr,$ahor,MD,1,0,0,0,
58,4,6,mutataAbiEayoni,مُتَتَابِعَيْنِ,ADJ,tbE,mutataAbiEayon,MD,1,0,0,0,
58,4,10,yatamaA^s~aA,يَتَمَآسَّا,V,mss,yatamaA^s~a,3MD,1,1,1,1,SUBJ
58,12,9,yadaYo,يَدَىْ,N,ydy,yad,FD,1,0,0,0,
58,13,5,yadaYo,يَدَىْ,N,ydy,yad,FD,1,0,0,0,
59,17,2,Ea`qibatahumaA^,عَٰقِبَتَهُمَآ,N,Eqb,Ea`qibap,,0,1,0,0,
59,17,3,>an~ahumaA,أَنَّهُمَا,ACC,,>an~,,0,1,0,0,
59,17,6,xa`lidayoni,خَٰلِدَيْنِ,N,xld,xa`lid,MD,1,0,0,0,
61,6,15,yadaY~a,يَدَىَّ,N,ydy,yad,FD,1,0,0,0,
65,2,10,*awaYo,ذَوَىْ,N,,*uw,MD,1,0,0,0,
66,4,2,tatuwbaA^,تَتُوبَآ,V,twb,taAba,2D,1,1,1,1,JUS
66,4,7,quluwbukumaA,قُلُوبُكُمَا,N,qlb,qalob,,0,1,0,0,
66,4,9,taZa`haraA,تَظَٰهَرَا,V,Zhr,taZa`haru,2FD,1,1,1,1,JUS
66,10,10,kaAnataA,كَانَتَا,V,kwn,kaAna,3FD,1,1,1,0,
66,10,12,Eabodayoni,عَبْدَيْنِ,N,Ebd,Eabod,MD,1,0,0,0,
66,10,15,Sa`liHayoni,صَٰلِحَيْنِ,ADJ,SlH,Sa`liH,MD,1,0,0,0,
66,10,16,faxaAnataAhumaA,فَخَانَتَاهُمَا,V,xwn,xaAnu,3FD,1,1,1,0,
66,10,18,yugoniyaA,يُغْنِيَا,V,gny,>agonato,3MD,1,1,1,1,JUS
66,10,19,EanohumaA,عَنْهُمَا,P,,Ean,,0,1,0,0,
66,10,24,{doxulaA,ٱدْخُلَا,V,dxl,daxala,2MD,1,1,1,0,
67,4,4,kar~atayoni,كَرَّتَيْنِ,N,krr,kar~ap,FD,1,0,0,0,
69,14,4,faduk~ataA,فَدُكَّتَا,V,dkk,duk~ati,3FD,1,1,1,0,
71,28,4,waliwa`lidaY~a,وَلِوَٰلِدَىَّ,N,wld,wa`liday,MD,1,0,0,0,
72,27,10,yadayohi,يَدَيْهِ,N,ydy,yad,FD,1,0,0,0,
73,20,8,vuluvaYi,ثُلُثَىِ,N,vlv,v~uluv,MD,1,0,0,0,
75,39,3,{lz~awojayoni,ٱلزَّوْجَيْنِ,N,zwj,zawoj,MD,1,0,0,0,
78,37,5,bayonahumaA,بَيْنَهُمَا,LOC,byn,bayon,,0,1,0,0,
78,40,10,yadaAhu,يَدَاهُ,N,ydy,yad,FD,1,0,0,0,
90,8,4,Eayonayoni,عَيْنَيْنِ,N,Eyn,Eayon,FD,1,0,0,0,
90,9,2,wa$afatayoni,وَشَفَتَيْنِ,N,$fh,$afatayon,FD,1,0,0,0,
90,10,2,{ln~ajodayoni,ٱلنَّجْدَيْنِ,N,njd,n~ajodayon,MD,1,0,0,0,
111,1,2,yadaA^,يَدَآ,N,ydy,yad,FD,1,0,0,0,
