surah_id,type,letter_count,cluster,labial,alveolar,palatal,velar,pharyngeal,glottal,emphatic,voiced,continuant
1,meccan,143,2,0.160839,0.398601,0.097902,0.027972,0.090909,0.034965,0.041958,0.832168,0.881119
2,medinan,26249,1,0.225494,0.322565,0.082746,0.052764,0.052992,0.058593,0.017105,0.759800,0.841708
3,medinan,14985,1,0.224424,0.329596,0.084885,0.052786,0.048048,0.055522,0.016016,0.769303,0.840841
4,medinan,16332,1,0.219263,0.324026,0.089395,0.051249,0.048371,0.058413,0.020389,0.758878,0.850049
5,medinan,12206,1,0.216533,0.318368,0.088563,0.053171,0.052515,0.055628,0.016140,0.770850,0.846551
6,meccan,12726,1,0.219551,0.316675,0.095081,0.058070,0.051391,0.059642,0.018466,0.762691,0.839384
7,meccan,14435,1,0.216349,0.320679,0.085140,0.056945,0.052650,0.056044,0.017873,0.762937,0.837963
8,medinan,5387,1,0.232968,0.314646,0.090960,0.057360,0.050678,0.057546,0.015964,0.772601,0.849081
9,medinan,11115,1,0.233468,0.320108,0.083311,0.046514,0.051642,0.068826,0.016824,0.769051,0.861179
10,meccan,7589,1,0.214389,0.327052,0.092107,0.058110,0.048623,0.051654,0.016339,0.771248,0.842140
11,meccan,7817,1,0.225150,0.308047,0.095049,0.055776,0.053857,0.055264,0.018421,0.774594,0.839197
12,meccan,7307,1,0.195703,0.325989,0.096757,0.056384,0.057205,0.056247,0.017244,0.756261,0.837827
13,medinan,3545,1,0.214669,0.327221,0.087447,0.053879,0.050494,0.064316,0.017489,0.768688,0.834133
14,meccan,3539,1,0.215880,0.346143,0.089291,0.048036,0.048601,0.051144,0.019214,0.779316,0.842046
15,meccan,2882,1,0.211659,0.340042,0.091603,0.058293,0.053435,0.043720,0.019778,0.779667,0.844552
16,meccan,7832,1,0.224591,0.325715,0.089760,0.050306,0.052860,0.061925,0.014300,0.767620,0.851634
17,meccan,6643,1,0.202770,0.332832,0.088213,0.062171,0.053741,0.046064,0.018064,0.765467,0.825681
18,meccan,6552,1,0.204212,0.321734,0.089286,0.049451,0.060440,0.059982,0.020147,0.754579,0.824939
19,meccan,3935,1,0.197713,0.323507,0.104447,0.056671,0.057687,0.045489,0.015502,0.774079,0.827700
20,meccan,5399,1,0.199852,0.319689,0.107983,0.063345,0.059826,0.048713,0.019078,0.747731,0.831080
21,meccan,5094,1,0.213781,0.330781,0.079898,0.051237,0.053592,0.062426,0.018060,0.764429,0.849431
22,medinan,5314,1,0.210764,0.325367,0.102371,0.047422,0.051750,0.063606,0.021265,0.771735,0.856605
23,meccan,4483,1,0.229088,0.317644,0.076734,0.053313,0.057328,0.058220,0.015615,0.758867,0.847201
24,medinan,5754,0,0.220368,0.318213,0.098540,0.041884,0.058394,0.067084,0.019465,0.767119,0.851929
25,meccan,3878,1,0.202682,0.321300,0.095410,0.055183,0.050284,0.047189,0.015730,0.786230,0.843476
26,meccan,5630,1,0.218828,0.329485,0.095027,0.056661,0.056661,0.038366,0.016874,0.790409,0.851687
27,meccan,4790,1,0.208142,0.335282,0.092276,0.054280,0.048434,0.060960,0.019415,0.760543,0.834238
28,meccan,5930,1,0.200675,0.335413,0.101686,0.054806,0.052445,0.059022,0.017369,0.767116,0.838617
29,meccan,4317,1,0.217512,0.325921,0.085476,0.050730,0.047023,0.057911,0.015288,0.780635,0.851981
30,meccan,3472,1,0.230991,0.319412,0.094182,0.056740,0.048675,0.055300,0.019009,0.755760,0.848790
31,meccan,2171,1,0.204975,0.339475,0.093966,0.046062,0.058959,0.058498,0.021188,0.772916,0.855827
32,meccan,1563,1,0.237364,0.320537,0.084453,0.053743,0.044146,0.053103,0.014075,0.780550,0.847729
33,medinan,5788,1,0.200587,0.327574,0.092260,0.053214,0.047339,0.057878,0.016413,0.777643,0.850380
34,meccan,3594,1,0.219533,0.320812,0.099889,0.058152,0.049527,0.045353,0.015303,0.792988,0.839455
35,meccan,3238,1,0.204138,0.334466,0.094812,0.046325,0.051266,0.060840,0.017295,0.770229,0.854540
36,meccan,3068,1,0.218709,0.325293,0.097132,0.048566,0.053129,0.056714,0.018253,0.778683,0.865711
37,meccan,3899,1,0.217492,0.341370,0.085150,0.045653,0.052065,0.050269,0.021800,0.782508,0.852526
38,meccan,3065,1,0.204568,0.322023,0.076998,0.052855,0.065905,0.048940,0.023817,0.776183,0.833279
39,meccan,4869,1,0.208051,0.330047,0.094681,0.052988,0.051140,0.064695,0.015404,0.758267,0.841651
40,meccan,5108,1,0.214761,0.330070,0.091034,0.057557,0.050117,0.049334,0.016053,0.775646,0.835748
41,meccan,3365,1,0.209807,0.316196,0.097771,0.049629,0.054383,0.058247,0.015750,0.769688,0.854681
42,meccan,3522,0,0.221181,0.312606,0.113572,0.042589,0.050539,0.062465,0.021295,0.785349,0.859739
43,meccan,3609,1,0.231089,0.315323,0.085065,0.054309,0.054863,0.063175,0.017179,0.763092,0.837905
44,meccan,1474,1,0.238806,0.310041,0.095658,0.057666,0.049525,0.050204,0.010176,0.788331,0.840570
45,meccan,2085,1,0.222542,0.311271,0.094964,0.049880,0.053717,0.057554,0.014868,0.764988,0.846043
46,meccan,2667,1,0.219723,0.318335,0.090739,0.056243,0.052118,0.050244,0.017248,0.777653,0.839520
47,medinan,2423,1,0.231118,0.321502,0.072225,0.046636,0.050764,0.069748,0.022286,0.762691,0.858027
48,medinan,2510,1,0.208367,0.336653,0.095219,0.051793,0.057769,0.063745,0.017131,0.760159,0.842629
49,medinan,1533,1,0.225049,0.320939,0.083496,0.052838,0.054142,0.048924,0.020874,0.772994,0.850620
50,meccan,1507,1,0.226941,0.323159,0.102190,0.066357,0.062376,0.048441,0.019244,0.763106,0.791639
51,meccan,1546,1,0.238680,0.322768,0.088616,0.054981,0.049159,0.050453,0.014230,0.758732,0.853169
52,meccan,1324,1,0.271903,0.306647,0.081571,0.052115,0.051360,0.057402,0.018882,0.762085,0.836103
53,meccan,1433,0,0.211445,0.304955,0.106071,0.034892,0.049546,0.061410,0.016050,0.784368,0.870202
54,meccan,1469,1,0.213751,0.339687,0.076923,0.071477,0.058543,0.053778,0.019061,0.748809,0.805310
55,medinan,1647,1,0.222222,0.299939,0.080146,0.064359,0.030358,0.046752,0.015179,0.753491,0.775349
56,meccan,1756,1,0.242027,0.330296,0.079727,0.047836,0.056378,0.037016,0.022779,0.776765,0.853645
57,medinan,2545,1,0.232220,0.326130,0.091159,0.048330,0.045580,0.058153,0.019646,0.775639,0.853045
58,medinan,2046,0,0.223851,0.314761,0.096285,0.036657,0.048876,0.067449,0.013685,0.773216,0.865591
59,medinan,1970,1,0.213198,0.329949,0.086802,0.044670,0.044670,0.071574,0.016244,0.766497,0.863452
60,medinan,1560,1,0.233333,0.309615,0.092308,0.059615,0.045513,0.060897,0.009615,0.766667,0.830128
61,medinan,966,1,0.215321,0.340580,0.102484,0.046584,0.038302,0.057971,0.019669,0.776398,0.860248
62,medinan,768,1,0.216146,0.319010,0.089844,0.049479,0.041667,0.058594,0.018229,0.782552,0.871094
63,medinan,801,1,0.213483,0.343321,0.078652,0.058677,0.047441,0.072409,0.009988,0.747815,0.863920
64,medinan,1091,1,0.246563,0.318057,0.080660,0.044913,0.058662,0.050412,0.021082,0.769936,0.862511
65,medinan,1203,0,0.174564,0.354115,0.086451,0.046550,0.065669,0.075644,0.015794,0.742311,0.840399
66,medinan,1105,1,0.203620,0.327602,0.092308,0.044344,0.057919,0.057014,0.021719,0.776471,0.838914
67,meccan,1347,1,0.219005,0.317743,0.106904,0.061618,0.048998,0.049740,0.021529,0.760208,0.841128
68,meccan,1289,1,0.231963,0.335919,0.085337,0.057409,0.060512,0.045772,0.025601,0.773468,0.827773
69,meccan,1133,0,0.213592,0.280671,0.096205,0.055605,0.067961,0.079435,0.022948,0.714916,0.851721
70,meccan,971,0,0.240989,0.293512,0.108136,0.037075,0.063852,0.060762,0.019567,0.790937,0.873326
71,meccan,965,1,0.212435,0.335751,0.078756,0.054922,0.047668,0.037306,0.017617,0.794819,0.829016
72,meccan,1109,1,0.183048,0.359784,0.080252,0.039675,0.056808,0.055906,0.024346,0.794409,0.838593
73,meccan,854,1,0.196721,0.338407,0.093677,0.056206,0.044496,0.056206,0.024590,0.759953,0.852459
74,meccan,1035,1,0.192271,0.342029,0.094686,0.066667,0.038647,0.053140,0.016425,0.736232,0.826087
75,meccan,676,1,0.193787,0.325444,0.106509,0.063609,0.038462,0.048817,0.016272,0.760355,0.844675
76,medinan,1087,0,0.194112,0.318307,0.106716,0.047838,0.043238,0.065317,0.021159,0.751610,0.850046
77,meccan,841,1,0.233056,0.310345,0.110583,0.065398,0.034483,0.024970,0.017836,0.783591,0.840666
78,meccan,796,1,0.219849,0.288945,0.084171,0.054020,0.050251,0.035176,0.017588,0.780151,0.810302
79,meccan,785,0,0.183439,0.285350,0.094268,0.043312,0.059873,0.076433,0.016561,0.732484,0.850955
80,meccan,552,0,0.210145,0.266304,0.101449,0.061594,0.050725,0.106884,0.025362,0.670290,0.831522
81,meccan,435,1,0.200000,0.333333,0.094253,0.039080,0.050575,0.034483,0.020690,0.758621,0.829885
82,meccan,333,1,0.228228,0.306306,0.093093,0.063063,0.045045,0.024024,0.012012,0.771772,0.816817
83,meccan,750,1,0.237333,0.298667,0.102667,0.060000,0.037333,0.037333,0.016000,0.800000,0.856000
84,meccan,445,1,0.224719,0.305618,0.083146,0.058427,0.040449,0.056180,0.017978,0.743820,0.826966
85,meccan,469,1,0.238806,0.311301,0.102345,0.029851,0.053305,0.055437,0.012793,0.791045,0.840085
86,meccan,254,1,0.188976,0.354331,0.070866,0.062992,0.035433,0.059055,0.035433,0.759843,0.826772
87,meccan,296,0,0.165541,0.307432,0.158784,0.050676,0.064189,0.047297,0.013514,0.719595,0.868243
88,meccan,382,0,0.204188,0.287958,0.128272,0.034031,0.070681,0.078534,0.034031,0.732984,0.874346
89,meccan,584,1,0.203767,0.311644,0.104452,0.054795,0.047945,0.037671,0.022260,0.765411,0.809932
90,meccan,342,1,0.222222,0.307018,0.078947,0.052632,0.052632,0.058480,0.020468,0.760234,0.812865
91,meccan,253,0,0.237154,0.229249,0.039526,0.051383,0.043478,0.114625,0.015810,0.703557,0.853755
92,meccan,314,0,0.146497,0.350318,0.146497,0.035032,0.057325,0.047771,0.015924,0.777070,0.863057
93,meccan,165,1,0.230303,0.296970,0.127273,0.066667,0.054545,0.030303,0.024242,0.751515,0.812121
94,meccan,102,2,0.166667,0.382353,0.049020,0.098039,0.098039,0.009804,0.049020,0.745098,0.852941
95,meccan,162,1,0.197531,0.376543,0.092593,0.043210,0.049383,0.024691,0.012346,0.790123,0.851852
96,meccan,288,1,0.121528,0.368056,0.104167,0.062500,0.059028,0.041667,0.020833,0.791667,0.822917
97,meccan,115,1,0.156522,0.400000,0.086957,0.052174,0.034783,0.078261,0.008696,0.756522,0.860870
98,medinan,404,0,0.188119,0.331683,0.106436,0.047030,0.042079,0.081683,0.017327,0.745050,0.836634
99,medinan,158,0,0.139241,0.335443,0.082278,0.031646,0.050633,0.063291,0.018987,0.765823,0.898734
100,meccan,169,0,0.218935,0.325444,0.088757,0.029586,0.082840,0.047337,0.029586,0.757396,0.834320
101,meccan,160,0,0.237500,0.237500,0.087500,0.062500,0.043750,0.093750,0.006250,0.725000,0.887500
102,meccan,123,1,0.203252,0.390244,0.081301,0.065041,0.073171,0.016260,0.000000,0.747967,0.845528
103,meccan,73,2,0.219178,0.383562,0.027397,0.013699,0.068493,0.000000,0.068493,0.794521,0.904110
104,meccan,134,0,0.179104,0.343284,0.074627,0.029851,0.074627,0.111940,0.029851,0.738806,0.835821
105,meccan,97,0,0.237113,0.319588,0.154639,0.051546,0.072165,0.051546,0.041237,0.731959,0.793814
106,meccan,77,0,0.259740,0.259740,0.129870,0.012987,0.064935,0.077922,0.025974,0.740260,0.870130
107,meccan,114,0,0.175439,0.350877,0.149123,0.026316,0.061404,0.043860,0.035088,0.833333,0.894737
108,meccan,43,2,0.139535,0.372093,0.046512,0.093023,0.046512,0.023256,0.046512,0.697674,0.813953
109,meccan,99,3,0.262626,0.323232,0.050505,0.040404,0.080808,0.010101,0.000000,0.898990,0.737374
110,medinan,80,0,0.200000,0.350000,0.075000,0.025000,0.062500,0.062500,0.012500,0.700000,0.800000
111,meccan,81,0,0.234568,0.320988,0.098765,0.012346,0.061728,0.086420,0.024691,0.728395,0.765432
112,meccan,47,1,0.212766,0.404255,0.063830,0.063830,0.042553,0.085106,0.021277,0.765957,0.829787
113,meccan,73,1,0.219178,0.315068,0.068493,0.082192,0.082192,0.000000,0.000000,0.712329,0.821918
114,meccan,80,1,0.162500,0.450000,0.062500,0.025000,0.025000,0.025000,0.012500,0.775000,0.925000