surah_id,name,transliteration,type,length_tokens,MaxN,top_ngram,top_count,h195_residual,highest_count_refrain_ngram,highest_count_refrain_count,highest_count_refrain_n
1,الفاتحة,Al-Fatihah,meccan,29,0,,0,-0.194661,,,
2,البقرة,Al-Baqarah,medinan,6140,9,أجرهم عند ربهم ولا خوف عليهم ولا هم يحزنون,4,-0.716371,إن الله,23,2
3,آل عمران,Ali 'Imran,medinan,3501,6,تجري من تحتها الأنهار خالدين فيها,3,-0.522777,إن الله,15,2
4,النساء,An-Nisa,medinan,3763,7,جنات تجري من تحتها الأنهار خالدين فيها,3,-0.557493,إن الله,25,2
5,المائدة,Al-Ma'idah,medinan,2837,8,ومن لم يحكم بما أنزل الله فأولئك هم,3,-0.44451,الذين آمنوا,20,2
6,الأنعام,Al-An'am,meccan,3056,6,أظلم ممن افترى على الله كذبا,3,-0.373693,بما كانوا,10,2
7,الأعراف,Al-A'raf,meccan,3341,10,قال يا قوم اعبدوا الله ما لكم من إله غيره,3,-0.428098,في الأرض,10,2
8,الأنفال,Al-Anfal,medinan,1242,4,يا أيها الذين آمنوا,6,-0.207868,يا أيها,9,2
9,التوبة,At-Tawbah,medinan,2505,4,يا أيها الذين آمنوا,6,-0.460942,إن الله,15,2
10,يونس,Yunus,meccan,1839,4,الذين لا يرجون لقاءنا,3,-0.211384,في الأرض,10,2
11,هود,Hud,meccan,1946,10,قال يا قوم أرأيتم إن كنت على بينة من ربي,3,-0.153458,قال يا,9,2
12,يوسف,Yusuf,meccan,1795,5,ولكن أكثر الناس لا يعلمون,3,-0.119565,قالوا يا,7,2
13,الرعد,Ar-Ra'd,medinan,853,3,ويقول الذين كفروا,3,0.033037,الذين كفروا,5,2
14,ابراهيم,Ibrahim,meccan,830,2,وسخر لكم,4,0.073679,وسخر لكم,4,2
15,الحجر,Al-Hijr,meccan,657,5,من صلصال من حمإ مسنون,3,0.081264,من صلصال من حمإ مسنون,3,5
16,النحل,An-Nahl,meccan,1844,5,إن في ذلك لآية لقوم,5,-0.232691,إن الله,8,2
17,الإسراء,Al-Isra,meccan,1558,3,فإذا جاء وعد,3,-0.035856,إنه كان,7,2
18,الكهف,Al-Kahf,meccan,1583,5,إنك لن تستطيع معي صبرا,3,-0.023751,حتى إذا,8,2
19,مريم,Maryam,meccan,971,3,واذكر في الكتاب,5,0.083415,إنه كان,6,2
20,طه,Taha,meccan,1353,3,لا إله إلا,3,0.029832,يا موسى,9,2
21,الأنبياء,Al-Anbya,meccan,1174,3,من دون الله,3,-0.062799,الذين كفروا,4,2
22,الحج,Al-Hajj,medinan,1279,4,ألم تر أن الله,3,-0.093679,إن الله,14,2
23,المؤمنون,Al-Mu'minun,meccan,1052,3,سيقولون لله قل,3,-0.021649,والذين هم,7,2
24,النور,An-Nur,medinan,1319,5,ولولا فضل الله عليكم ورحمته,4,-0.157373,أو بيوت,8,2
25,الفرقان,Al-Furqan,meccan,896,2,وهو الذي,5,0.051983,وهو الذي,5,2
26,الشعراء,Ash-Shu'ara,meccan,1320,12,إن في ذلك لآية وما كان أكثرهم مؤمنين وإن ربك لهو العزيز,8,-0.194582,العزيز الرحيم,9,2
27,النمل,An-Naml,meccan,1159,3,أإله مع الله,5,0.024413,أإله مع الله,5,3
28,القصص,Al-Qasas,meccan,1438,3,إن الله لا,3,-0.09373,في الأرض,7,2
29,العنكبوت,Al-'Ankabut,meccan,978,4,والذين آمنوا وعملوا الصالحات,3,-0.092967,من دون الله,5,3
30,الروم,Ar-Rum,meccan,817,5,إن في ذلك لآيات لقوم,4,-0.012733,ومن آياته,7,2
31,لقمان,Luqman,meccan,550,2,إن الله,8,0.167963,إن الله,8,2
32,السجدة,As-Sajdah,meccan,372,1,من,18,0.251707,,,
33,الأحزاب,Al-Ahzab,medinan,1303,4,يا أيها الذين آمنوا,7,-0.178773,يا أيها,12,2
34,سبإ,Saba,meccan,884,3,وقال الذين كفروا,4,0.049461,الذين كفروا,5,2
35,فاطر,Fatir,meccan,778,3,يا أيها الناس,3,0.076804,إن الله,7,2
36,يس,Ya-Sin,meccan,730,3,إلا صيحة واحدة,3,0.091348,فإذا هم,4,2
37,الصافات,As-Saffat,meccan,865,7,كذلك نجزي المحسنين إنه من عبادنا المؤمنين,3,-0.049224,عباد الله المخلصين,5,3
38,ص,Sad,meccan,735,3,والأرض وما بينهما,3,0.165011,إن هذا,5,2
39,الزمر,Az-Zumar,meccan,1177,4,الله فما له من,3,-0.046289,السماوات والأرض,5,2
40,غافر,Ghafir,meccan,1226,5,الذين يجادلون في آيات الله,3,-0.086543,في الأرض,7,2
41,فصلت,Fussilat,meccan,794,2,الذين كفروا,5,0.123169,الذين كفروا,5,2
42,الشورى,Ash-Shuraa,meccan,860,3,آمنوا وعملوا الصالحات,3,0.000624,في الأرض,6,2
43,الزخرف,Az-Zukhruf,meccan,836,2,أرسلنا من,3,0.064727,أرسلنا من,3,2
44,الدخان,Ad-Dukhan,meccan,346,2,والأرض وما,3,0.202891,والأرض وما,3,2
45,الجاثية,Al-Jathiyah,meccan,488,2,السماوات والأرض,4,0.13818,السماوات والأرض,4,2
46,الأحقاف,Al-Ahqaf,meccan,645,3,من دون الله,3,0.161068,الذين كفروا,4,2
47,محمد,Muhammad,medinan,542,6,الذين كفروا وصدوا عن سبيل الله,3,0.006554,الذين آمنوا,6,2
48,الفتح,Al-Fath,medinan,560,2,وكان الله,7,0.073715,وكان الله,7,2
49,الحجرات,Al-Hujurat,medinan,353,5,يا أيها الذين آمنوا لا,3,0.075322,إن الله,6,2
50,ق,Qaf,meccan,373,2,ذلك يوم,3,0.347857,ذلك يوم,3,2
51,الذاريات,Adh-Dhariyat,meccan,360,1,من,13,0.253863,,,
52,الطور,At-Tur,meccan,312,2,أم هم,3,0.327246,أم هم,3,2
53,النجم,An-Najm,meccan,360,2,وأنه هو,4,0.257877,وأنه هو,4,2
54,القمر,Al-Qamar,meccan,342,9,عذابي ونذر ولقد يسرنا القرآن للذكر فهل من مدكر,3,0.270743,فهل من مدكر,6,3
55,الرحمن,Ar-Rahman,medinan,352,6,ولا جان فبأي آلاء ربكما تكذبان,3,-0.496344,فبأي آلاء ربكما تكذبان,31,4
56,الواقعة,Al-Waqi'ah,meccan,379,3,إن كان من,3,0.117796,أم نحن,4,2
57,الحديد,Al-Hadid,medinan,575,3,وكثير منهم فاسقون,3,0.036356,السماوات والأرض,5,2
58,المجادلة,Al-Mujadila,medinan,475,5,يا أيها الذين آمنوا إذا,3,0.084377,الذين آمنوا,5,2
59,الحشر,Al-Hashr,medinan,447,2,ذلك بأنهم,3,0.107282,ذلك بأنهم,3,2
60,الممتحنة,Al-Mumtahanah,medinan,352,4,يا أيها الذين آمنوا,3,0.115673,يا أيها,4,2
61,الصف,As-Saf,medinan,226,4,يا أيها الذين آمنوا,3,0.229273,الذين آمنوا,4,2
62,الجمعة,Al-Jumu'ah,medinan,177,1,الله,6,0.189209,,,
63,المنافقون,Al-Munafiqun,medinan,181,1,الله,9,0.156591,,,
64,التغابن,At-Taghabun,medinan,242,1,الله,9,0.227614,,,
65,الطلاق,At-Talaq,medinan,289,3,ومن يتق الله,3,0.226441,ومن يتق الله,3,3
66,التحريم,At-Tahrim,medinan,254,3,يا أيها الذين,3,0.291803,يا أيها,5,2
67,الملك,Al-Mulk,meccan,333,2,قل هو,3,0.246042,قل هو,3,2
68,القلم,Al-Qalam,meccan,301,1,إن,7,0.341326,,,
69,الحاقة,Al-Haqqah,meccan,260,1,في,6,0.313886,,,
70,المعارج,Al-Ma'arij,meccan,217,2,والذين هم,5,0.306768,والذين هم,5,2
71,نوح,Nuh,meccan,227,1,لكم,6,0.181114,,,
72,الجن,Al-Jinn,meccan,286,2,أن لن,3,0.215014,أن لن,3,2
73,المزمل,Al-Muzzammil,meccan,200,1,إن,7,0.33666,,,
74,المدثر,Al-Muddaththir,meccan,256,1,إلا,8,0.375387,,,
75,القيامة,Al-Qiyamah,meccan,164,1,الإنسان,6,0.218565,,,
76,الانسان,Al-Insan,medinan,243,2,من فضة,3,0.308597,من فضة,3,2
77,المرسلات,Al-Mursalat,meccan,181,4,ويل يومئذ للمكذبين ألم,3,0.15991,ويل يومئذ للمكذبين,10,3
78,النبإ,An-Naba,meccan,174,1,لا,5,0.295769,,,
79,النازعات,An-Nazi'at,meccan,179,1,إلى,4,0.25643,,,
80,عبس,'Abasa,meccan,133,1,من,5,0.358374,,,
81,التكوير,At-Takwir,meccan,104,1,وإذا,11,0.095312,,,
82,الإنفطار,Al-Infitar,meccan,81,2,يوم الدين,3,0.160845,يوم الدين,3,2
83,المطففين,Al-Mutaffifin,meccan,169,1,إن,5,0.182013,,,
84,الإنشقاق,Al-Inshiqaq,meccan,108,0,,0,0.372991,,,
85,البروج,Al-Buruj,meccan,109,1,إن,3,0.173389,,,
86,الطارق,At-Tariq,meccan,61,1,من,3,0.081713,,,
87,الأعلى,Al-A'la,meccan,72,0,,0,0.207811,,,
88,الغاشية,Al-Ghashiyah,meccan,92,1,كيف,4,0.24194,,,
89,الفجر,Al-Fajr,meccan,139,1,ربك,5,0.283242,,,
90,البلد,Al-Balad,meccan,82,0,,0,0.265145,,,
91,الشمس,Ash-Shams,meccan,54,1,إذا,3,-0.057457,,,
92,الليل,Al-Layl,meccan,71,1,إذا,3,0.04848,,,
93,الضحى,Ad-Duhaa,meccan,40,1,ربك,3,-0.063091,,,
94,الشرح,Ash-Sharh,meccan,27,0,,0,-0.315432,,,
95,التين,At-Tin,meccan,34,0,,0,0.098414,,,
96,العلق,Al-'Alaq,meccan,72,1,إن,4,0.025446,,,
97,القدر,Al-Qadr,meccan,30,2,ليلة القدر,3,-0.20824,ليلة القدر,3,2
98,البينة,Al-Bayyinah,medinan,94,1,من,5,0.072475,,,
99,الزلزلة,Az-Zalzalah,medinan,36,0,,0,-0.326449,,,
100,العاديات,Al-'Adiyat,meccan,40,0,,0,-0.107957,,,
101,القارعة,Al-Qari'ah,meccan,36,1,القارعة,3,-0.104651,,,
102,التكاثر,At-Takathur,meccan,28,1,تعلمون,3,-0.262192,,,
103,العصر,Al-'Asr,meccan,14,0,,0,-0.28499,,,
104,الهمزة,Al-Humazah,meccan,33,0,,0,-0.070584,,,
105,الفيل,Al-Fil,meccan,23,0,,0,-0.02204,,,
106,قريش,Quraysh,meccan,17,0,,0,-0.346735,,,
107,الماعون,Al-Ma'un,meccan,25,0,,0,-0.122946,,,
108,الكوثر,Al-Kawthar,meccan,10,0,,0,-0.538442,,,
109,الكافرون,Al-Kafirun,meccan,27,1,ما,4,-0.517037,,,
110,النصر,An-Nasr,medinan,19,0,,0,-0.220481,,,
111,المسد,Al-Masad,meccan,23,0,,0,-0.122278,,,
112,الإخلاص,Al-Ikhlas,meccan,15,0,,0,-0.421312,,,
113,الفلق,Al-Falaq,meccan,23,2,ومن شر,3,-0.474955,ومن شر,3,2
114,الناس,An-Nas,meccan,20,1,الناس,4,-0.632155,,,
