band,surah,verse,V,len,num_names
FIRST,1,1,7,19,3
Q1,1,2,7,18,1
MID,1,4,7,12,0
Q3,1,6,7,19,0
LAST,1,7,7,44,0
FIRST,2,1,286,3,0
Q1,2,72,286,45,1
MID,2,144,286,146,2
Q3,2,215,286,104,1
LAST,2,286,286,196,1
FIRST,3,1,200,3,0
Q1,3,50,200,80,1
MID,3,100,200,69,0
Q3,3,150,200,26,1
LAST,3,200,200,57,1
FIRST,4,1,176,125,1
Q1,4,44,176,64,0
MID,4,88,176,88,1
Q3,4,132,176,40,1
LAST,4,176,176,191,1
FIRST,5,1,120,97,1
Q1,5,30,120,38,0
MID,5,60,120,110,1
Q3,5,90,120,82,0
LAST,5,120,120,42,1
FIRST,6,1,165,69,2
Q1,6,42,165,57,0
MID,6,83,165,58,0
Q3,6,124,165,118,1
LAST,6,165,165,86,0
FIRST,7,1,206,4,0
Q1,7,52,206,45,0
MID,7,104,206,34,0
Q3,7,155,206,170,0
LAST,7,206,206,48,0
FIRST,8,1,75,89,1
Q1,8,19,75,97,1
MID,8,38,75,59,0
Q3,8,57,75,43,0
LAST,8,75,75,95,1
FIRST,9,1,129,41,1
Q1,9,33,129,60,0
MID,9,65,129,64,1
Q3,9,97,129,69,1
LAST,9,129,129,54,2
FIRST,10,1,109,22,1
Q1,10,28,109,89,0
MID,10,55,109,58,1
Q3,10,82,109,33,2
LAST,10,109,109,45,1
FIRST,11,1,123,36,0
Q1,11,31,123,123,1
MID,11,62,123,83,0
Q3,11,93,123,82,0
LAST,11,123,123,73,1
FIRST,12,1,111,22,0
Q1,12,28,111,43,0
MID,12,56,111,72,0
Q3,12,84,111,51,0
LAST,12,111,111,94,0
FIRST,13,1,43,60,0
Q1,13,11,43,121,1
MID,13,22,43,101,0
Q3,13,33,43,139,1
LAST,13,43,43,64,1
FIRST,14,1,52,72,3
Q1,14,14,52,43,0
MID,14,26,52,49,0
Q3,14,40,52,39,0
LAST,14,52,52,60,0
FIRST,15,1,99,25,0
Q1,15,25,99,25,0
MID,15,50,99,22,0
Q3,15,75,99,21,0
LAST,15,99,99,22,0
FIRST,16,1,128,42,1
Q1,16,32,128,64,0
MID,16,64,128,63,0
Q3,16,96,128,64,1
LAST,16,128,128,32,1
FIRST,17,1,111,95,2
Q1,17,28,111,50,0
MID,17,56,111,52,0
Q3,17,84,111,40,0
LAST,17,111,111,72,1
FIRST,18,1,110,42,1
Q1,18,28,110,129,0
MID,18,56,110,92,0
Q3,18,83,110,38,0
LAST,18,110,110,92,0
FIRST,19,1,98,5,0
Q1,19,25,98,35,0
MID,19,50,98,37,0
Q3,19,74,98,35,0
LAST,19,98,98,46,0
FIRST,20,1,135,2,0
Q1,20,34,135,11,0
MID,20,68,135,21,0
Q3,20,102,135,36,0
LAST,20,135,135,50,0
FIRST,21,1,112,31,0
Q1,21,28,112,59,0
MID,21,56,112,55,0
Q3,21,84,112,69,0
LAST,21,112,112,43,1
FIRST,22,1,78,40,0
Q1,22,20,78,23,0
MID,22,40,78,148,1
Q3,22,59,78,35,1
LAST,22,78,78,199,1
FIRST,23,1,118,14,0
Q1,23,30,118,25,0
MID,23,60,118,45,0
Q3,23,89,118,22,1
LAST,23,118,118,29,0
FIRST,24,1,64,51,0
Q1,24,16,64,56,0
MID,24,32,64,83,1
Q3,24,48,64,48,1
LAST,24,64,64,86,1
FIRST,25,1,77,44,0
Q1,25,20,77,96,0
MID,25,39,77,33,0
Q3,25,58,77,52,1
LAST,25,77,77,45,0
FIRST,26,1,227,3,0
Q1,26,57,227,20,0
MID,26,114,227,19,0
Q3,26,171,227,18,0
LAST,26,227,227,92,1
FIRST,27,1,93,24,0
Q1,27,24,93,77,1
MID,27,47,93,51,1
Q3,27,70,93,32,0
LAST,27,93,93,51,1
FIRST,28,1,88,3,0
Q1,28,22,88,44,0
MID,28,44,88,52,0
Q3,28,66,88,35,0
LAST,28,88,88,63,1
FIRST,29,1,69,3,0
Q1,29,18,69,52,0
MID,29,35,69,30,0
Q3,29,52,69,91,1
LAST,29,69,69,47,1
FIRST,30,1,60,3,0
Q1,30,16,60,58,0
MID,30,30,60,92,1
Q3,30,46,60,83,0
LAST,30,60,60,39,1
FIRST,31,1,34,3,0
Q1,31,9,34,35,3
MID,31,18,34,54,1
Q3,31,26,34,40,3
LAST,31,34,34,100,1
FIRST,32,1,30,3,0
Q1,32,8,30,25,0
MID,32,16,30,56,0
Q3,32,23,30,59,0
LAST,32,30,30,26,0
FIRST,33,1,73,61,1
Q1,33,19,73,155,1
MID,33,37,73,196,1
Q3,33,55,73,126,1
LAST,33,73,73,93,1
FIRST,34,1,54,67,3
Q1,34,14,54,109,0
MID,34,28,54,54,0
Q3,34,41,54,58,0
LAST,34,54,54,57,0
FIRST,35,1,45,100,1
Q1,35,12,45,127,0
MID,35,23,45,12,0
Q3,35,34,45,45,1
LAST,35,45,45,97,1
FIRST,36,1,83,2,0
Q1,36,21,83,29,0
MID,36,42,83,23,0
Q3,36,63,83,21,0
LAST,36,83,83,35,0
FIRST,37,1,182,11,0
Q1,37,46,182,16,0
MID,37,92,182,13,0
Q3,37,137,182,22,0
LAST,37,182,182,19,1
FIRST,38,1,88,15,0
Q1,38,22,88,93,0
MID,38,44,88,54,0
Q3,38,66,88,37,2
LAST,38,88,88,17,0
FIRST,39,1,75,29,3
Q1,39,19,75,38,0
MID,39,38,75,148,1
Q3,39,57,75,32,1
LAST,39,75,75,77,2
FIRST,40,1,85,2,0
Q1,40,22,85,63,1
MID,40,43,85,86,1
Q3,40,64,85,98,1
LAST,40,85,85,70,1
FIRST,41,1,54,2,0
Q1,41,14,54,94,1
MID,41,28,54,61,1
Q3,41,41,54,39,0
LAST,41,54,54,39,0
FIRST,42,1,53,2,0
Q1,42,14,53,114,0
MID,42,27,53,68,1
Q3,42,40,53,57,1
LAST,42,53,53,56,1
FIRST,43,1,89,2,0
Q1,43,23,89,83,0
MID,43,45,89,53,1
Q3,43,67,89,34,0
LAST,43,89,89,26,0
FIRST,44,1,59,2,0
Q1,44,15,59,29,0
MID,44,30,59,33,0
Q3,44,45,59,18,0
LAST,44,59,59,17,0
FIRST,45,1,37,2,0
Q1,45,10,37,72,1
MID,45,19,37,64,1
Q3,45,28,37,54,0
LAST,45,37,37,42,2
FIRST,46,1,35,2,0
Q1,46,9,35,74,0
MID,46,18,35,66,0
Q3,46,27,35,47,0
LAST,46,35,35,107,0
FIRST,47,1,38,35,1
Q1,47,10,38,75,1
MID,47,20,38,117,0
Q3,47,29,38,40,1
LAST,47,38,38,129,2
FIRST,48,1,29,19,0
Q1,48,8,29,27,0
MID,48,15,29,141,1
Q3,48,22,29,52,0
LAST,48,29,29,249,1
FIRST,49,1,18,64,1
Q1,49,5,18,48,1
MID,49,10,18,53,1
Q3,49,14,18,116,1
LAST,49,18,18,45,1
FIRST,50,1,45,14,1
Q1,50,12,45,30,0
MID,50,23,45,21,0
Q3,50,34,45,24,0
LAST,50,45,45,53,0
FIRST,51,1,60,13,0
Q1,51,16,60,37,0
MID,51,30,60,32,2
Q3,51,46,60,31,0
LAST,51,60,60,31,0
FIRST,52,1,49,6,0
Q1,52,13,49,21,0
MID,52,25,49,24,0
Q3,52,37,49,28,0
LAST,52,49,49,25,0
FIRST,53,1,62,12,0
Q1,53,16,62,18,0
MID,53,32,62,129,0
Q3,53,47,62,19,0
LAST,53,62,62,17,1
FIRST,54,1,55,22,0
Q1,54,14,55,24,0
MID,54,28,55,32,0
Q3,54,42,55,36,0
LAST,54,55,55,21,0
FIRST,55,1,78,6,1
Q1,55,20,78,18,0
MID,55,40,78,19,0
Q3,55,59,78,19,0
LAST,55,78,78,27,0
FIRST,56,1,96,14,0
Q1,56,24,96,18,0
MID,56,48,96,15,0
Q3,56,72,96,30,0
LAST,56,96,96,17,0
FIRST,57,1,29,39,3
Q1,57,8,29,69,1
MID,57,15,29,64,0
Q3,57,22,29,69,1
LAST,57,29,29,85,2
FIRST,58,1,22,73,1
Q1,58,6,22,64,1
MID,58,12,22,92,1
Q3,58,17,22,64,1
LAST,58,22,22,221,2
FIRST,59,1,24,43,3
Q1,59,6,24,90,1
MID,59,12,24,73,0
Q3,59,18,24,72,1
LAST,59,24,24,78,6
FIRST,60,1,13,220,2
Q1,60,4,13,221,1
MID,60,7,13,63,1
Q3,60,10,13,258,1
LAST,60,13,13,80,1
FIRST,61,1,14,43,3
Q1,61,4,14,46,1
MID,61,8,14,54,1
Q3,61,11,14,72,1
LAST,61,14,14,164,1
FIRST,62,1,11,52,5
Q1,62,3,11,37,2
MID,62,6,11,71,1
Q3,62,9,11,88,1
LAST,62,11,11,88,1
FIRST,63,1,11,82,1
Q1,63,3,11,44,0
MID,63,6,11,70,1
Q3,63,9,11,75,1
LAST,63,11,11,44,1
FIRST,64,1,18,59,1
Q1,64,5,18,53,0
MID,64,10,18,59,0
Q3,64,14,18,87,1
LAST,64,18,18,29,2
FIRST,65,1,12,173,1
Q1,65,4,12,118,1
MID,65,6,12,146,0
Q3,65,10,12,72,1
LAST,65,12,12,96,1
FIRST,66,1,12,57,1
Q1,66,4,12,92,1
MID,66,6,12,107,1
Q3,66,10,12,121,1
LAST,66,12,12,79,0
FIRST,67,1,30,33,0
Q1,67,8,30,53,0
MID,67,16,30,40,0
Q3,67,23,30,55,0
LAST,67,30,30,40,0
FIRST,68,1,52,16,0
Q1,68,14,52,15,0
MID,68,26,52,23,0
Q3,68,40,52,16,0
LAST,68,52,52,19,0
FIRST,69,1,52,6,0
Q1,69,14,52,30,0
MID,69,26,52,14,0
Q3,69,40,52,15,0
LAST,69,52,52,17,0
FIRST,70,1,44,16,0
Q1,70,12,44,12,0
MID,70,22,44,10,0
Q3,70,34,44,24,0
LAST,70,44,44,44,0
FIRST,71,1,28,51,0
Q1,71,8,28,16,0
MID,71,14,28,14,0
Q3,71,22,28,15,0
LAST,71,28,28,71,0
FIRST,72,1,28,49,0
Q1,72,8,28,41,0
MID,72,14,28,49,0
Q3,72,22,28,40,1
LAST,72,28,28,52,0
FIRST,73,1,20,12,0
Q1,73,6,20,30,0
MID,73,10,20,32,0
Q3,73,16,20,31,0
LAST,73,20,20,329,1
FIRST,74,1,56,12,0
Q1,74,14,56,13,0
MID,74,28,56,12,0
Q3,74,42,56,12,0
LAST,74,56,56,44,1
FIRST,75,1,40,17,0
Q1,75,10,40,24,0
MID,75,20,40,17,0
Q3,75,30,40,17,0
LAST,75,40,40,27,0
FIRST,76,1,31,40,0
Q1,76,8,31,37,0
MID,76,16,31,23,0
Q3,76,24,31,33,0
LAST,76,31,31,42,0
FIRST,77,1,50,13,0
Q1,77,13,50,9,0
MID,77,26,50,12,0
Q3,77,38,50,26,0
LAST,77,50,50,18,0
FIRST,78,1,40,10,0
Q1,78,10,40,16,0
MID,78,20,40,21,0
Q3,78,30,40,23,0
LAST,78,40,40,69,0
FIRST,79,1,46,13,0
Q1,79,12,46,19,0
MID,79,24,46,17,0
Q3,79,35,46,20,0
LAST,79,46,46,36,0
FIRST,80,1,42,8,0
Q1,80,11,42,12,0
MID,80,22,42,13,0
Q3,80,32,42,17,0
LAST,80,42,42,19,0
FIRST,81,1,29,12,0
Q1,81,8,29,16,0
MID,81,15,29,13,0
Q3,81,22,29,15,0
LAST,81,29,29,32,1
FIRST,82,1,19,15,0
Q1,82,5,19,18,0
MID,82,10,19,15,0
Q3,82,15,19,15,0
LAST,82,19,19,34,1
FIRST,83,1,36,11,0
Q1,83,10,36,16,0
MID,83,18,36,24,0
Q3,83,28,36,19,0
LAST,83,36,36,24,0
FIRST,84,1,25,14,0
Q1,84,7,25,21,0
MID,84,13,25,18,0
Q3,84,19,25,15,0
LAST,84,25,25,41,0
FIRST,85,1,22,16,0
Q1,85,6,22,13,0
MID,85,12,22,13,0
Q3,85,17,22,16,0
LAST,85,22,22,10,0
FIRST,86,1,17,14,0
Q1,86,5,17,18,0
MID,86,9,17,14,0
Q3,86,13,17,10,0
LAST,86,17,17,23,0
FIRST,87,1,19,15,0
Q1,87,5,19,13,0
MID,87,10,19,11,0
Q3,87,15,19,14,0
LAST,87,19,19,15,0
FIRST,88,1,26,17,0
Q1,88,7,26,18,0
MID,88,14,26,12,0
Q3,88,20,26,16,0
LAST,88,26,26,15,0
FIRST,89,1,30,6,0
Q1,89,8,30,23,0
MID,89,16,30,40,0
Q3,89,23,30,43,0
LAST,89,30,30,10,0
FIRST,90,1,20,15,0
Q1,90,6,20,17,0
MID,90,10,20,14,0
Q3,90,16,20,15,0
LAST,90,20,20,13,0
FIRST,91,1,15,12,0
Q1,91,4,15,15,0
MID,91,8,15,20,0
Q3,91,12,15,13,0
LAST,91,15,15,13,0
FIRST,92,1,21,13,0
Q1,92,6,21,11,0
MID,92,11,21,21,0
Q3,92,16,21,12,0
LAST,92,21,21,9,0
FIRST,93,1,11,6,0
Q1,93,3,11,15,0
MID,93,6,11,16,0
Q3,93,9,11,17,0
LAST,93,11,11,16,0
FIRST,94,1,8,13,0
Q1,94,2,8,13,0
MID,94,4,8,12,0
Q3,94,6,8,13,0
LAST,94,8,8,12,0
FIRST,95,1,8,14,0
Q1,95,2,8,9,0
MID,95,4,8,26,0
Q3,95,6,8,42,0
LAST,95,8,8,21,1
FIRST,96,1,19,18,0
Q1,96,5,19,18,0
MID,96,10,19,10,0
Q3,96,15,19,26,0
LAST,96,19,19,20,0
FIRST,97,1,5,21,0
Q1,97,2,5,19,0
MID,97,3,5,20,0
Q3,97,4,5,37,0
LAST,97,5,5,18,0
FIRST,98,1,8,56,0
Q1,98,2,8,23,1
MID,98,4,8,45,0
Q3,98,6,8,66,0
LAST,98,8,8,83,1
FIRST,99,1,8,20,0
Q1,99,2,8,18,0
MID,99,4,8,16,0
Q3,99,6,8,32,0
LAST,99,8,8,21,0
FIRST,100,1,11,13,0
Q1,100,3,11,13,0
MID,100,6,11,18,0
Q3,100,9,11,25,0
LAST,100,11,11,19,0
FIRST,101,1,11,7,0
Q1,101,3,11,17,0
MID,101,6,11,17,0
Q3,101,9,11,9,0
LAST,101,11,11,8,0
FIRST,102,1,8,13,0
Q1,102,2,8,14,0
MID,102,4,8,14,0
Q3,102,6,8,11,0
LAST,102,8,8,21,0
FIRST,104,1,9,14,0
Q1,104,3,9,15,0
MID,104,5,9,16,0
Q3,104,7,9,18,0
LAST,104,9,9,10,0
FIRST,105,1,5,25,0
Q1,105,2,5,19,0
MID,105,3,5,20,0
Q3,105,4,5,18,0
LAST,105,5,5,15,0
FIRST,107,1,7,19,0
Q1,107,2,7,17,0
MID,107,4,7,11,0
Q3,107,6,7,13,0
LAST,107,7,7,14,0
FIRST,109,1,6,16,0
Q1,109,2,6,14,0
MID,109,4,6,17,0
Q3,109,5,6,19,0
LAST,109,6,6,14,0
FIRST,111,1,5,15,0
Q1,111,2,5,19,0
MID,111,3,5,15,0
Q3,111,4,5,17,0
LAST,111,5,5,15,0
FIRST,113,1,5,14,0
Q1,113,2,5,9,0
MID,113,3,5,15,0
Q3,113,4,5,20,0
LAST,113,5,5,15,0
FIRST,114,1,6,14,0
Q1,114,2,6,8,0
MID,114,4,6,17,0
Q3,114,5,6,20,0
LAST,114,6,6,13,0
